"company_id","region_code","coverage"
"ipsos","NOAM",3
"kantar","NOAM",3
"niq","NOAM",3
"circana","NOAM",3
"gallup","NOAM",3
"yougov","NOAM",3
"morning_consult","NOAM",3
"pew_research","NOAM",3
"verian","NOAM",2
"ipsos_mori_uk","NOAM",0
"savanta","NOAM",2
"system1_group","NOAM",2
"euromonitor","NOAM",3
"mintel","NOAM",2
"statista","NOAM",3
"m3_global_research","NOAM",3
"escalent","NOAM",2
"material_plus","NOAM",2
"c_space","NOAM",2
"hall_and_partners","NOAM",2
"appinio","NOAM",2
"attest","NOAM",2
"zappi","NOAM",2
"suzy","NOAM",3
"glimpse_ai","NOAM",3
"listen_labs","NOAM",2
"strella","NOAM",3
"outset_ai","NOAM",2
"cint","NOAM",3
"dynata","NOAM",3
"toluna","NOAM",3
"bilendi","NOAM",0
"norstat","NOAM",0
"prolific","NOAM",3
"cloudresearch","NOAM",3
"purespectrum","NOAM",2
"innovate_mr","NOAM",2
"prodege","NOAM",2
"disqo","NOAM",3
"rakuten_insight","NOAM",0
"borderless_access","NOAM",2
"milieu_insight","NOAM",0
"respondent_io","NOAM",2
"qualtrics","NOAM",3
"surveymonkey","NOAM",3
"alchemer","NOAM",3
"forsta","NOAM",3
"sawtooth_software","NOAM",3
"surveycto","NOAM",2
"kobotoolbox","NOAM",2
"odk","NOAM",2
"commcare_dimagi","NOAM",1
"ona","NOAM",2
"mwater","NOAM",3
"redcap","NOAM",3
"gorilla_sc","NOAM",3
"credamo","NOAM",0
"wenjuanxing","NOAM",0
"one_to_one_tunisia","NOAM",0
"sigma_conseil","NOAM",0
"emrhod_consulting","NOAM",0
"elka_consulting","NOAM",0
"bjka_consulting","NOAM",0
"lms_csa_maroc","NOAM",0
"baseera_egypt","NOAM",0
"pcpsr","NOAM",0
"awrad","NOAM",0
"nama_strategic","NOAM",0
"css_jordan","NOAM",0
"iiacss","NOAM",0
"parc_dubai","NOAM",0
"ispa_iran","NOAM",0
"gamaan","NOAM",0
"konda","NOAM",0
"metropoll","NOAM",0
"areda_survey","NOAM",0
"midgam_israel","NOAM",0
"ipanel_israel","NOAM",0
"arab_barometer","NOAM",0
"afrobarometer","NOAM",0
"cdd_ghana","NOAM",0
"ijr_south_africa","NOAM",0
"ids_nairobi","NOAM",0
"ireg_benin","NOAM",0
"infotrak","NOAM",0
"tifa_research","NOAM",0
"consumer_insight_africa","NOAM",0
"geopoll","NOAM",0
"sagaci_research","NOAM",0
"noipolls","NOAM",0
"sbm_intelligence","NOAM",0
"practical_sampling","NOAM",0
"ask_afrika","NOAM",0
"plus94_research","NOAM",0
"citizen_surveys","NOAM",0
"busara_center","NOAM",0
"ipa_research","NOAM",1
"jpal","NOAM",2
"laterite","NOAM",0
"sixty_decibels","NOAM",1
"lokniti_csds","NOAM",0
"cvoter","NOAM",0
"axis_my_india","NOAM",0
"hansa_research","NOAM",0
"q_and_q_research","NOAM",0
"outline_india","NOAM",0
"gallup_pakistan","NOAM",0
"lsi_indonesia","NOAM",0
"smrc_indonesia","NOAM",0
"indikator_politik","NOAM",0
"sws_philippines","NOAM",0
"pulse_asia","NOAM",0
"cimigo","NOAM",0
"q_and_me","NOAM",0
"indochina_research","NOAM",0
"deka_research","NOAM",0
"macromill","NOAM",0
"intage","NOAM",0
"nikkei_research","NOAM",0
"cross_marketing","NOAM",0
"embrain","NOAM",0
"hankook_research","NOAM",0
"realmeter","NOAM",0
"gallup_korea","NOAM",0
"horizon_china","NOAM",0
"ctr_china","NOAM",0
"csm_media","NOAM",0
"datafolha","NOAM",0
"ipec_brasil","NOAM",0
"quaest","NOAM",0
"atlasintel","NOAM",3
"consulta_mitofsky","NOAM",0
"enkoll","NOAM",0
"buendia_marquez","NOAM",0
"cadem","NOAM",0
"invamer","NOAM",0
"datexco","NOAM",0
"cid_gallup","NOAM",0
"poliarquia","NOAM",0
"latinobarometro","NOAM",0
"lapop","NOAM",1
"levada_center","NOAM",0
"vciom","NOAM",0
"fom_russia","NOAM",0
"russian_field","NOAM",0
"kiis","NOAM",0
"rating_group","NOAM",0
"razumkov_centre","NOAM",0
"info_sapiens","NOAM",0
"gradus_research","NOAM",0
"crrc","NOAM",0
"act_georgia","NOAM",0
"central_asia_barometer","NOAM",0
"m_vector","NOAM",0
"siar_research","NOAM",0
"ipm_belarus","NOAM",0
"roy_morgan","NOAM",0
"essential_research","NOAM",0
"oztam","NOAM",0
"barb_uk","NOAM",0
"mediametrie","NOAM",0
"barc_india","NOAM",0
"video_research_jp","NOAM",0
"numeris","NOAM",3
"scale_ai","NOAM",3
"surge_ai","NOAM",3
"mercor","NOAM",3
"handshake_ai","NOAM",3
"micro1","NOAM",2
"turing_com","NOAM",2
"invisible_tech","NOAM",3
"appen","NOAM",3
"toloka","NOAM",2
"telus_digital_ai","NOAM",3
"imerit","NOAM",1
"sama","NOAM",1
"cloudfactory","NOAM",1
"superannotate","NOAM",3
"labelbox","NOAM",3
"snorkel_ai","NOAM",2
"encord","NOAM",2
"v7_labs","NOAM",2
"kili_technology","NOAM",0
"dataloop","NOAM",2
"roboflow","NOAM",3
"defined_ai","NOAM",3
"shaip","NOAM",2
"innodata","NOAM",2
"transperfect_dataforce","NOAM",3
"speechocean","NOAM",2
"datatang","NOAM",1
"magic_data_tech","NOAM",1
"dataannotation_tech","NOAM",2
"pareto_ai","NOAM",2
"mturk","NOAM",3
"clickworker","NOAM",3
"premise_data","NOAM",2
"streetbees","NOAM",3
"roamler","NOAM",0
"field_agent","NOAM",2
"gigwalk","NOAM",3
"glg","NOAM",3
"third_bridge","NOAM",3
"guidepoint","NOAM",3
"alphasense","NOAM",3
"dialectica","NOAM",3
"bright_data","NOAM",3
"oxylabs","NOAM",3
"decodo","NOAM",3
"zyte","NOAM",3
"apify","NOAM",3
"firecrawl","NOAM",3
"tavily","NOAM",3
"diffbot","NOAM",3
"common_crawl","NOAM",3
"promptcloud","NOAM",3
"grepsr","NOAM",3
"nimble_data","NOAM",3
"coresignal","NOAM",3
"acxiom","NOAM",3
"experian","NOAM",3
"equifax","NOAM",3
"transunion","NOAM",3
"liveramp","NOAM",3
"epsilon","NOAM",2
"lexisnexis_risk","NOAM",3
"dun_bradstreet","NOAM",3
"cotality","NOAM",3
"verisk","NOAM",3
"crif","NOAM",1
"serasa_experian","NOAM",0
"spokeo","NOAM",3
"safegraph","NOAM",3
"placer_ai","NOAM",2
"veraset","NOAM",2
"unacast","NOAM",2
"foursquare","NOAM",3
"kochava_collective","NOAM",3
"azira","NOAM",3
"advan_research","NOAM",3
"huq_industries","NOAM",2
"predicio","NOAM",0
"positium","NOAM",1
"teralytics","NOAM",1
"orange_flux_vision","NOAM",0
"flowminder","NOAM",0
"planet_labs","NOAM",3
"vantor","NOAM",3
"blacksky","NOAM",3
"iceye","NOAM",3
"satellogic","NOAM",3
"capella_space","NOAM",3
"umbra_space","NOAM",3
"airbus_ds_geo","NOAM",3
"spire_global","NOAM",3
"ursa_space","NOAM",3
"pixxel","NOAM",3
"skyfi","NOAM",3
"earthdaily","NOAM",3
"satvu","NOAM",3
"ghgsat","NOAM",3
"kayrros","NOAM",3
"descartes_labs","NOAM",3
"spaceknow","NOAM",3
"synspective","NOAM",3
"axelspace","NOAM",3
"changguang","NOAM",3
"twentyone_at","NOAM",3
"tomorrow_io","NOAM",3
"windborne","NOAM",3
"saildrone","NOAM",2
"sofar_ocean","NOAM",3
"jupiter_intelligence","NOAM",3
"first_street","NOAM",3
"fathom_global","NOAM",3
"jba_risk","NOAM",3
"moodys_rms","NOAM",3
"mitiga_solutions","NOAM",3
"climateai","NOAM",3
"descartes_underwriting","NOAM",3
"sylvera","NOAM",3
"bezero_carbon","NOAM",3
"carbon_mapper","NOAM",3
"chloris_geospatial","NOAM",3
"nielsen","NOAM",3
"comscore","NOAM",3
"samba_tv","NOAM",2
"ispot_tv","NOAM",3
"videoamp","NOAM",3
"similarweb","NOAM",3
"sensor_tower","NOAM",3
"yipitdata","NOAM",2
"m_science","NOAM",3
"consumer_edge","NOAM",2
"earnest_analytics","NOAM",3
"facteus","NOAM",3
"measurable_ai","NOAM",0
"plaid","NOAM",2
"tink","NOAM",0
"kpler","NOAM",3
"vortexa","NOAM",3
"windward_ai","NOAM",3
"panjiva","NOAM",3
"importgenius","NOAM",3
"iqvia","NOAM",3
"komodo_health","NOAM",3
"truveta","NOAM",3
"healthverity","NOAM",3
"tempus_ai","NOAM",3
"datavant","NOAM",3
"flatiron_health","NOAM",2
"trinetx","NOAM",3
"picnichealth","NOAM",3
"evidation_health","NOAM",3
"medidata","NOAM",3
"veeva_crossix","NOAM",3
"definitive_healthcare","NOAM",3
"uk_biobank","NOAM",0
"bgi_genomics","NOAM",1
"samsara","NOAM",2
"geotab","NOAM",3
"inrix","NOAM",3
"tomtom","NOAM",3
"here_technologies","NOAM",3
"cambridge_mobile","NOAM",2
"arity","NOAM",3
"smartcar","NOAM",2
"high_mobility","NOAM",0
"dataminr","NOAM",3
"recorded_future","NOAM",3
"meltwater","NOAM",3
"brandwatch","NOAM",3
"talkwalker","NOAM",3
"sprinklr","NOAM",3
"graphika","NOAM",3
"babel_street","NOAM",3
"sayari","NOAM",3
"kharon","NOAM",3
"janes","NOAM",3
"acled","NOAM",2
"gdelt","NOAM",3
"bellingcat","NOAM",3
"newsguard","NOAM",2
"zoominfo","NOAM",3
"apollo_io","NOAM",3
"cognism","NOAM",2
"lusha","NOAM",3
"people_data_labs","NOAM",3
"opencorporates","NOAM",3
"moodys_bvd","NOAM",3
"pitchbook","NOAM",3
"crunchbase","NOAM",3
"tracxn","NOAM",3
"dealroom","NOAM",3
"numerator","NOAM",2
"profitero","NOAM",3
"dataweave","NOAM",2
"intelligence_node","NOAM",3
"trax_retail","NOAM",2
"dunnhumby","NOAM",2
"eightyfour_51","NOAM",3
"clearview_ai","NOAM",3
"pimeyes","NOAM",3
"tools_for_humanity","NOAM",1
"yoti","NOAM",2
"idemia","NOAM",2
"sensetime","NOAM",0
"megvii","NOAM",0
"hikvision","NOAM",1
"arab_advisors","NOAM",0
"asdaa_bcw","NOAM",0
"insight_discovery","NOAM",0
"ventures_middle_east","NOAM",0
"space42","NOAM",3
"presight_ai","NOAM",2
"lucidya","NOAM",0
"mozn","NOAM",0
"crowd_analyzer","NOAM",0
"tarjama","NOAM",0
"idsc_egypt","NOAM",0
"rada_research","NOAM",0
"statistics_lebanon","NOAM",0
"information_international","NOAM",0
"scpr_syria","NOAM",0
"yemen_polling_center","NOAM",0
"diwan_research","NOAM",0
"immar_rc","NOAM",0
"sunergia","NOAM",0
"iranpoll","NOAM",0
"turkiye_raporu","NOAM",0
"geocartography","NOAM",0
"near_east_consulting","NOAM",0
"jmcc","NOAM",0
"zogby_research","NOAM",0
"reach_initiative","NOAM",0
"acaps","NOAM",0
"afriksurvey","NOAM",0
"sagapoll","NOAM",0
"dalberg_research","NOAM",0
"stears","NOAM",0
"datalens_africa","NOAM",0
"creditregistry","NOAM",0
"indicina","NOAM",0
"africa_polling_institute","NOAM",0
"global_infoanalytics","NOAM",0
"amini","NOAM",0
"research_solutions_africa","NOAM",0
"msurvey","NOAM",0
"echo_mobile","NOAM",0
"viamo","NOAM",0
"twaweza","NOAM",0
"research_world_intl","NOAM",0
"charis_uas","NOAM",0
"digital_umuganda","NOAM",0
"somali_public_agenda","NOAM",0
"mpoi_zimbabwe","NOAM",0
"social_research_foundation","NOAM",0
"eighty20","NOAM",0
"lightstone","NOAM",0
"lelapa_ai","NOAM",0
"masakhane","NOAM",0
"awarri","NOAM",0
"romir","NOAM",0
"mediascope","NOAM",0
"ipsos_comcon","NOAM",0
"tiburon_research","NOAM",0
"anketolog","NOAM",0
"sberindex","NOAM",0
"yandex_data","NOAM",0
"baw_belarus","NOAM",0
"bisam","NOAM",0
"demoscope_kz","NOAM",0
"ijtimoiy_fikr","NOAM",0
"questmobile","NOAM",0
"analysys_yiguan","NOAM",0
"iimedia","NOAM",0
"talkingdata","NOAM",0
"aurora_mobile","NOAM",0
"miaozhen_admaster","NOAM",0
"qichacha","NOAM",0
"tianyancha","NOAM",0
"wind_information","NOAM",0
"intron_health","NOAM",0
"african_languages_lab","NOAM",0
"aflabox","NOAM",0
"tolbi","NOAM",0
"soko_aerial","NOAM",0
"geoinfotech","NOAM",0
"helium_health","NOAM",0
"pula","NOAM",0
"apollo_agriculture","NOAM",0
"hello_tractor","NOAM",0
"mpharma","NOAM",0
"ehealth_africa","NOAM",0
"lacuna_fund","NOAM",2
"makerere_ai","NOAM",0
"cntxt_ai","NOAM",0
"arabic_ai","NOAM",0
"aydi","NOAM",0
"widebot","NOAM",0
"mawdoo3","NOAM",0
"aaru","NOAM",3
"simile","NOAM",3
"conveo","NOAM",2
"perspective_ai","NOAM",2
"theysaid","NOAM",2
"versive","NOAM",2
"hivemapper","NOAM",3
"dimo","NOAM",2
"weatherxm","NOAM",3
"nova_labs_helium","NOAM",3
"safecast","NOAM",3
"biobot","NOAM",2
"verily","NOAM",2
"wastewaterscan","NOAM",3
"hawkeye_360","NOAM",3
"unseenlabs","NOAM",3
"kleos_space","NOAM",3
"naturemetrics","NOAM",3
"rainforest_connection","NOAM",2
"fugro","NOAM",3
"clarity_movement","NOAM",3
"aclima","NOAM",3
"nuview","NOAM",3
"orbital_sidekick","NOAM",3
"wyvern","NOAM",3
"hydrosat","NOAM",3
"muon_space","NOAM",3
"myriota","NOAM",3
"astrocast","NOAM",3
"nearmap","NOAM",2
"vexcel_imaging","NOAM",2
"airqo","NOAM",0
"code_for_africa","NOAM",0
"aerobotics","NOAM",2
"ujuzikilimo","NOAM",0
"robocare","NOAM",0
"astral_aerial","NOAM",0
"earthranger","NOAM",2
"falcon_eye_drones","NOAM",0
"falcon_3d","NOAM",0
"digital_earth_africa","NOAM",0
"sansa","NOAM",0
"nasrda","NOAM",0
"egsa","NOAM",0
"kenya_space_agency","NOAM",0
"essti","NOAM",0
"mbrsc","NOAM",0
"tubitak_uzay","NOAM",0
"imagesat","NOAM",3
"taranis","NOAM",2
"agritask","NOAM",3
"asterra","NOAM",3
"norc","NOAM",3
"westat","NOAM",3
"rti_international","NOAM",3
"mathematica","NOAM",3
"abt_global","NOAM",3
"ssrs","NOAM",3
"icf_international","NOAM",3
"quinnipiac_poll","NOAM",3
"marist_poll","NOAM",3
"monmouth_poll","NOAM",3
"siena_research","NOAM",3
"emerson_polling","NOAM",3
"surveyusa","NOAM",3
"prri","NOAM",3
"ap_norc","NOAM",3
"civiqs","NOAM",3
"echelon_insights","NOAM",3
"data_for_progress","NOAM",3
"cygnal","NOAM",3
"leger","NOAM",3
"angus_reid_institute","NOAM",3
"nanos_research","NOAM",3
"ekos_research","NOAM",3
"abacus_data","NOAM",3
"environics_research","NOAM",3
"skywatch","NOAM",3
"mda_space","NOAM",3
"ecopia_ai","NOAM",3
"farmers_edge","NOAM",2
"deveron","NOAM",3
"semios","NOAM",2
"bluedot","NOAM",3
"local_logic","NOAM",2
"riskthinking_ai","NOAM",3
"triton_digital","NOAM",3
"descartes_datamyne","NOAM",3
"browse_ai","NOAM",3
"internet_archive","NOAM",3
"exa_ai","NOAM",3
"altana","NOAM",3
"project44","NOAM",3
"fourkites","NOAM",3
"clear_secure","NOAM",3
"id_me","NOAM",3
"socure","NOAM",3
"observa","NOAM",3
"ookla","NOAM",3
"purpleair","NOAM",3
"motive","NOAM",2
"lytx","NOAM",2
"catalina_marketing","NOAM",2
"inmar_intelligence","NOAM",3
"data_axle","NOAM",3
"bombora","NOAM",3
"thinknum","NOAM",3
"om1","NOAM",3
"verana_health","NOAM",3
"atropos_health","NOAM",3
"aetion","NOAM",3
"edison_research","NOAM",3
"luminate_data","NOAM",3
"flashpoint","NOAM",3
"zignal_labs","NOAM",3
"albedo","NOAM",3
"centaur_labs","NOAM",3
"fulcrum_app","NOAM",3
"rep_data","NOAM",3
"understanding_america","NOAM",3
"forsa","NOAM",0
"infratest_dimap","NOAM",0
"allensbach","NOAM",0
"civey","NOAM",0
"insa_consulere","NOAM",0
"infas","NOAM",0
"gesis","NOAM",2
"soep_diw","NOAM",0
"ororatech","NOAM",3
"liveeo","NOAM",3
"constellr","NOAM",3
"limesurvey","NOAM",3
"agf_videoforschung","NOAM",0
"ifop","NOAM",2
"opinionway","NOAM",0
"bva_xsight","NOAM",2
"elabe","NOAM",0
"odoxa","NOAM",0
"csa_research","NOAM",0
"credoc","NOAM",0
"scrapingbee","NOAM",3
"shippeo","NOAM",2
"owkin","NOAM",2
"doxa","NOAM",0
"swg_italia","NOAM",0
"cerved","NOAM",0
"auditel_italia","NOAM",0
"e_geos","NOAM",3
"planetek_italia","NOAM",2
"sigma_dos","NOAM",2
"gad3","NOAM",2
"metroscopia","NOAM",0
"cuarenta_db","NOAM",0
"kido_dynamics","NOAM",2
"deimos_imaging","NOAM",3
"marktest","NOAM",0
"intercampus","NOAM",0
"metron_analysis","NOAM",0
"kapa_research","NOAM",0
"marinetraffic","NOAM",3
"kieskompas","NOAM",2
"io_research","NOAM",0
"motivaction","NOAM",0
"nipo_nfield","NOAM",3
"lifelines","NOAM",0
"ivox","NOAM",0
"sora_institute","NOAM",0
"gfs_bern","NOAM",0
"sotomo","NOAM",0
"link_institut","NOAM",0
"red_c","NOAM",0
"epinion","NOAM",2
"voxmeter","NOAM",0
"novus","NOAM",0
"taloustutkimus","NOAM",0
"finngen","NOAM",0
"decode_genetics","NOAM",0
"signicat","NOAM",2
"natcen","NOAM",0
"understanding_society","NOAM",0
"uk_data_service","NOAM",0
"opinium","NOAM",2
"survation","NOAM",0
"deltapoll","NOAM",0
"focaldata","NOAM",2
"jl_partners","NOAM",2
"more_in_common","NOAM",2
"bmg_research","NOAM",0
"signal_ai","NOAM",3
"rezatec","NOAM",2
"open_cosmos","NOAM",3
"iproov","NOAM",2
"truelayer","NOAM",2
"yapily","NOAM",2
"our_future_health","NOAM",0
"lifebit","NOAM",2
"ovilongwa","NOAM",0
"star_awards_bwa","NOAM",0
"igd_burkina","NOAM",0
"gradis_burundi","NOAM",0
"afrosondagem","NOAM",0
"cible_cameroun","NOAM",0
"laereag_tchad","NOAM",0
"avenir_nepad_congo","NOAM",0
"cofinco_comores","NOAM",0
"zechlab","NOAM",0
"qa_strategic_swz","NOAM",0
"abcon_ethiopia","NOAM",0
"cergep_gabon","NOAM",0
"stat_view_guinea","NOAM",0
"igpad_guinea_bissau","NOAM",0
"advision_lesotho","NOAM",0
"cdg_liberia","NOAM",0
"coef_resources","NOAM",0
"csr_malawi","NOAM",0
"great_mali","NOAM",0
"sista_consult","NOAM",0
"straconsult_mus","NOAM",0
"gsc_morocco","NOAM",0
"cs_research_moz","NOAM",0
"survey_warehouse","NOAM",0
"lasdel_niger","NOAM",0
"cres_senegal","NOAM",0
"igr_sierra_leone","NOAM",0
"sudan_polling_center","NOAM",0
"repoa_tanzania","NOAM",0
"crpd_gambia","NOAM",0
"crop_togo","NOAM",0
"hatchile_uganda","NOAM",0
"cesor_zambia","NOAM",0
"smile_identity","NOAM",2
"zindi","NOAM",2
"kartoza","NOAM",2
"geoterraimage","NOAM",2
"spatial_collective","NOAM",0
"ramani_huria","NOAM",0
"farmerline","NOAM",0
"esoko","NOAM",2
"sunculture","NOAM",2
"thriveagric","NOAM",0
"mono_nigeria","NOAM",2
"stitch_za","NOAM",2
"metropol_kenya","NOAM",0
"crc_credit_bureau","NOAM",0
"africa_check","NOAM",2
"dubawa","NOAM",2
"ilara_health","NOAM",0
"jacaranda_health","NOAM",2
"reelforge","NOAM",2
"prembly","NOAM",2
"youverify","NOAM",2
"data_science_nigeria","NOAM",0
"icog_labs","NOAM",2
"lesan_ai","NOAM",0
"kobo360","NOAM",2
"lori_systems","NOAM",2
"irsm_algeria","NOAM",0
"cread_algeria","NOAM",0
"optimar","NOAM",0
"orc_arastirma","NOAM",0
"avrasya_arastirma","NOAM",0
"genar","NOAM",0
"yoneylem","NOAM",0
"sonar_arastirma","NOAM",0
"gezici_arastirma","NOAM",0
"mak_danismanlik","NOAM",0
"piar_arastirma","NOAM",0
"insider_tr","NOAM",3
"acrps_doha","NOAM",0
"sesri_qatar","NOAM",0
"qcri","NOAM",2
"sdaia","NOAM",0
"elm_saudi","NOAM",0
"saudi_space_agency","NOAM",0
"simah","NOAM",0
"derasat","NOAM",0
"cri_lebanon","NOAM",0
"infopro_lebanon","NOAM",2
"albayan_iraq","NOAM",0
"mas_palestine","NOAM",0
"altibbi","NOAM",2
"maqsam","NOAM",2
"el_zanaty","NOAM",0
"i_score_egypt","NOAM",0
"intella_ai","NOAM",2
"marocmetrie","NOAM",0
"aarc_international","NOAM",0
"chifco","NOAM",2
"m42","NOAM",2
"aecb","NOAM",0
"derq","NOAM",2
"israel_democracy_institute","NOAM",0
"zencity","NOAM",2
"cognyte","NOAM",3
"ahri_south_africa","NOAM",0
"agincourt_wits","NOAM",0
"saprin","NOAM",0
"aphrc","NOAM",0
"kemri_wellcome","NOAM",0
"ifakara_health","NOAM",0
"manhica_cisim","NOAM",0
"mrc_gambia","NOAM",0
"navrongo_hrc","NOAM",0
"rakai_health","NOAM",0
"malawi_liverpool_wellcome","NOAM",0
"cidrz","NOAM",0
"kersa_hdss","NOAM",0
"nouna_crsn","NOAM",0
"apcc","NOAM",0
"h3africa","NOAM",2
"hsrc","NOAM",0
"saldru","NOAM",0
"datafirst","NOAM",0
"isser_ghana","NOAM",0
"eprc_uganda","NOAM",0
"esrf_tanzania","NOAM",0
"csea_nigeria","NOAM",0
"pesacheck","NOAM",2
"freshly_ground_insights","NOAM",0
"columinate","NOAM",0
"persian_cohort","NOAM",0
"golestan_cohort","NOAM",0
"qatar_biobank","NOAM",0
"moroccan_genome","NOAM",0
"afristat","NOAM",2
"statafric","NOAM",2
"afdb_statistics","NOAM",2
"sanbi","NOAM",0
"africas_talking","NOAM",0
"onafriq","NOAM",2
"cellulant","NOAM",2
"codesria","NOAM",0
"aerc","NOAM",0
"pasgr","NOAM",0
"iss_africa","NOAM",2
"nextier_spd","NOAM",0
"heritage_institute","NOAM",0
"zeparu","NOAM",0
"bidpa","NOAM",0
"ippr_namibia","NOAM",0
"nkafu","NOAM",0
"cires_ivoire","NOAM",0
"iese_mozambique","NOAM",0
"zipar","NOAM",0
"riwi","NOAM",3
"pricestats","NOAM",2
"soundthinking","NOAM",2
"alphonso","NOAM",2
"opensignal","NOAM",1
"nexar","NOAM",2
"geodnet","NOAM",3
"wingbits","NOAM",3
"flightradar24","NOAM",3
"karya","NOAM",0
"airwars","NOAM",2
"mnemonic","NOAM",2
"forensic_architecture","NOAM",3
"atlas_ai","NOAM",2
"fraym","NOAM",3
"rs_metrics","NOAM",3
"yodlee","NOAM",2
"empatica","NOAM",2
"sonde_health","NOAM",3
"origin_wireless","NOAM",2
"vayyar","NOAM",2
"bidgely","NOAM",2
"wildlife_insights","NOAM",3
"atlan_space","NOAM",0
"cellebrite","NOAM",3
"nso_group","NOAM",3
"candiru","NOAM",2
"paragon_solutions","NOAM",2
"kando","NOAM",2
"beehero","NOAM",2
"seetree","NOAM",2
"lean_technologies","NOAM",0
"ushahidi","NOAM",3
"sunbird_ai","NOAM",0
"terragon","NOAM",2
"zenvus","NOAM",2
"dataphyte","NOAM",0
"ipsos","LAC",3
"kantar","LAC",3
"niq","LAC",3
"circana","LAC",1
"gallup","LAC",2
"yougov","LAC",2
"morning_consult","LAC",2
"pew_research","LAC",2
"verian","LAC",1
"ipsos_mori_uk","LAC",0
"savanta","LAC",1
"system1_group","LAC",1
"euromonitor","LAC",3
"mintel","LAC",1
"statista","LAC",2
"m3_global_research","LAC",2
"escalent","LAC",1
"material_plus","LAC",1
"c_space","LAC",1
"hall_and_partners","LAC",1
"appinio","LAC",1
"attest","LAC",1
"zappi","LAC",1
"suzy","LAC",0
"glimpse_ai","LAC",0
"listen_labs","LAC",1
"strella","LAC",0
"outset_ai","LAC",1
"cint","LAC",2
"dynata","LAC",2
"toluna","LAC",2
"bilendi","LAC",0
"norstat","LAC",0
"prolific","LAC",1
"cloudresearch","LAC",0
"purespectrum","LAC",1
"innovate_mr","LAC",1
"prodege","LAC",1
"disqo","LAC",0
"rakuten_insight","LAC",0
"borderless_access","LAC",2
"milieu_insight","LAC",0
"respondent_io","LAC",1
"qualtrics","LAC",2
"surveymonkey","LAC",3
"alchemer","LAC",3
"forsta","LAC",3
"sawtooth_software","LAC",3
"surveycto","LAC",3
"kobotoolbox","LAC",3
"odk","LAC",3
"commcare_dimagi","LAC",2
"ona","LAC",2
"mwater","LAC",3
"redcap","LAC",2
"gorilla_sc","LAC",3
"credamo","LAC",0
"wenjuanxing","LAC",0
"one_to_one_tunisia","LAC",0
"sigma_conseil","LAC",0
"emrhod_consulting","LAC",0
"elka_consulting","LAC",0
"bjka_consulting","LAC",0
"lms_csa_maroc","LAC",0
"baseera_egypt","LAC",0
"pcpsr","LAC",0
"awrad","LAC",0
"nama_strategic","LAC",0
"css_jordan","LAC",0
"iiacss","LAC",0
"parc_dubai","LAC",0
"ispa_iran","LAC",0
"gamaan","LAC",0
"konda","LAC",0
"metropoll","LAC",0
"areda_survey","LAC",0
"midgam_israel","LAC",0
"ipanel_israel","LAC",0
"arab_barometer","LAC",0
"afrobarometer","LAC",0
"cdd_ghana","LAC",0
"ijr_south_africa","LAC",0
"ids_nairobi","LAC",0
"ireg_benin","LAC",0
"infotrak","LAC",0
"tifa_research","LAC",0
"consumer_insight_africa","LAC",0
"geopoll","LAC",0
"sagaci_research","LAC",0
"noipolls","LAC",0
"sbm_intelligence","LAC",0
"practical_sampling","LAC",0
"ask_afrika","LAC",0
"plus94_research","LAC",0
"citizen_surveys","LAC",0
"busara_center","LAC",0
"ipa_research","LAC",2
"jpal","LAC",2
"laterite","LAC",0
"sixty_decibels","LAC",2
"lokniti_csds","LAC",0
"cvoter","LAC",0
"axis_my_india","LAC",0
"hansa_research","LAC",0
"q_and_q_research","LAC",0
"outline_india","LAC",0
"gallup_pakistan","LAC",0
"lsi_indonesia","LAC",0
"smrc_indonesia","LAC",0
"indikator_politik","LAC",0
"sws_philippines","LAC",0
"pulse_asia","LAC",0
"cimigo","LAC",0
"q_and_me","LAC",0
"indochina_research","LAC",0
"deka_research","LAC",0
"macromill","LAC",0
"intage","LAC",0
"nikkei_research","LAC",0
"cross_marketing","LAC",0
"embrain","LAC",0
"hankook_research","LAC",0
"realmeter","LAC",0
"gallup_korea","LAC",0
"horizon_china","LAC",0
"ctr_china","LAC",0
"csm_media","LAC",0
"datafolha","LAC",3
"ipec_brasil","LAC",3
"quaest","LAC",3
"atlasintel","LAC",3
"consulta_mitofsky","LAC",3
"enkoll","LAC",3
"buendia_marquez","LAC",3
"cadem","LAC",3
"invamer","LAC",3
"datexco","LAC",3
"cid_gallup","LAC",3
"poliarquia","LAC",3
"latinobarometro","LAC",3
"lapop","LAC",3
"levada_center","LAC",0
"vciom","LAC",0
"fom_russia","LAC",0
"russian_field","LAC",0
"kiis","LAC",0
"rating_group","LAC",0
"razumkov_centre","LAC",0
"info_sapiens","LAC",0
"gradus_research","LAC",0
"crrc","LAC",0
"act_georgia","LAC",0
"central_asia_barometer","LAC",0
"m_vector","LAC",0
"siar_research","LAC",0
"ipm_belarus","LAC",0
"roy_morgan","LAC",0
"essential_research","LAC",0
"oztam","LAC",0
"barb_uk","LAC",0
"mediametrie","LAC",0
"barc_india","LAC",0
"video_research_jp","LAC",0
"numeris","LAC",0
"scale_ai","LAC",2
"surge_ai","LAC",1
"mercor","LAC",2
"handshake_ai","LAC",0
"micro1","LAC",1
"turing_com","LAC",2
"invisible_tech","LAC",1
"appen","LAC",2
"toloka","LAC",2
"telus_digital_ai","LAC",2
"imerit","LAC",0
"sama","LAC",0
"cloudfactory","LAC",0
"superannotate","LAC",1
"labelbox","LAC",1
"snorkel_ai","LAC",0
"encord","LAC",0
"v7_labs","LAC",0
"kili_technology","LAC",0
"dataloop","LAC",0
"roboflow","LAC",1
"defined_ai","LAC",1
"shaip","LAC",0
"innodata","LAC",0
"transperfect_dataforce","LAC",1
"speechocean","LAC",1
"datatang","LAC",0
"magic_data_tech","LAC",0
"dataannotation_tech","LAC",0
"pareto_ai","LAC",0
"mturk","LAC",0
"clickworker","LAC",2
"premise_data","LAC",2
"streetbees","LAC",2
"roamler","LAC",0
"field_agent","LAC",1
"gigwalk","LAC",0
"glg","LAC",1
"third_bridge","LAC",1
"guidepoint","LAC",1
"alphasense","LAC",1
"dialectica","LAC",1
"bright_data","LAC",3
"oxylabs","LAC",2
"decodo","LAC",2
"zyte","LAC",2
"apify","LAC",2
"firecrawl","LAC",2
"tavily","LAC",2
"diffbot","LAC",2
"common_crawl","LAC",3
"promptcloud","LAC",2
"grepsr","LAC",2
"nimble_data","LAC",2
"coresignal","LAC",1
"acxiom","LAC",1
"experian","LAC",3
"equifax","LAC",2
"transunion","LAC",2
"liveramp","LAC",1
"epsilon","LAC",0
"lexisnexis_risk","LAC",2
"dun_bradstreet","LAC",2
"cotality","LAC",0
"verisk","LAC",1
"crif","LAC",1
"serasa_experian","LAC",3
"spokeo","LAC",0
"safegraph","LAC",1
"placer_ai","LAC",0
"veraset","LAC",0
"unacast","LAC",0
"foursquare","LAC",2
"kochava_collective","LAC",2
"azira","LAC",1
"advan_research","LAC",0
"huq_industries","LAC",0
"predicio","LAC",0
"positium","LAC",1
"teralytics","LAC",1
"orange_flux_vision","LAC",0
"flowminder","LAC",1
"planet_labs","LAC",3
"vantor","LAC",3
"blacksky","LAC",3
"iceye","LAC",3
"satellogic","LAC",3
"capella_space","LAC",3
"umbra_space","LAC",3
"airbus_ds_geo","LAC",3
"spire_global","LAC",3
"ursa_space","LAC",3
"pixxel","LAC",3
"skyfi","LAC",3
"earthdaily","LAC",3
"satvu","LAC",3
"ghgsat","LAC",3
"kayrros","LAC",2
"descartes_labs","LAC",3
"spaceknow","LAC",3
"synspective","LAC",3
"axelspace","LAC",3
"changguang","LAC",3
"twentyone_at","LAC",3
"tomorrow_io","LAC",2
"windborne","LAC",2
"saildrone","LAC",2
"sofar_ocean","LAC",3
"jupiter_intelligence","LAC",2
"first_street","LAC",0
"fathom_global","LAC",2
"jba_risk","LAC",2
"moodys_rms","LAC",2
"mitiga_solutions","LAC",2
"climateai","LAC",2
"descartes_underwriting","LAC",2
"sylvera","LAC",2
"bezero_carbon","LAC",2
"carbon_mapper","LAC",2
"chloris_geospatial","LAC",2
"nielsen","LAC",2
"comscore","LAC",2
"samba_tv","LAC",1
"ispot_tv","LAC",0
"videoamp","LAC",0
"similarweb","LAC",3
"sensor_tower","LAC",3
"yipitdata","LAC",0
"m_science","LAC",0
"consumer_edge","LAC",0
"earnest_analytics","LAC",0
"facteus","LAC",0
"measurable_ai","LAC",1
"plaid","LAC",0
"tink","LAC",0
"kpler","LAC",3
"vortexa","LAC",3
"windward_ai","LAC",3
"panjiva","LAC",3
"importgenius","LAC",3
"iqvia","LAC",2
"komodo_health","LAC",0
"truveta","LAC",0
"healthverity","LAC",0
"tempus_ai","LAC",0
"datavant","LAC",0
"flatiron_health","LAC",0
"trinetx","LAC",1
"picnichealth","LAC",0
"evidation_health","LAC",0
"medidata","LAC",2
"veeva_crossix","LAC",0
"definitive_healthcare","LAC",0
"uk_biobank","LAC",0
"bgi_genomics","LAC",1
"samsara","LAC",0
"geotab","LAC",2
"inrix","LAC",1
"tomtom","LAC",2
"here_technologies","LAC",2
"cambridge_mobile","LAC",0
"arity","LAC",0
"smartcar","LAC",0
"high_mobility","LAC",0
"dataminr","LAC",2
"recorded_future","LAC",2
"meltwater","LAC",2
"brandwatch","LAC",2
"talkwalker","LAC",2
"sprinklr","LAC",2
"graphika","LAC",2
"babel_street","LAC",2
"sayari","LAC",3
"kharon","LAC",2
"janes","LAC",2
"acled","LAC",3
"gdelt","LAC",3
"bellingcat","LAC",2
"newsguard","LAC",1
"zoominfo","LAC",1
"apollo_io","LAC",1
"cognism","LAC",0
"lusha","LAC",1
"people_data_labs","LAC",1
"opencorporates","LAC",2
"moodys_bvd","LAC",2
"pitchbook","LAC",1
"crunchbase","LAC",1
"tracxn","LAC",1
"dealroom","LAC",1
"numerator","LAC",1
"profitero","LAC",2
"dataweave","LAC",1
"intelligence_node","LAC",2
"trax_retail","LAC",2
"dunnhumby","LAC",1
"eightyfour_51","LAC",0
"clearview_ai","LAC",2
"pimeyes","LAC",2
"tools_for_humanity","LAC",3
"yoti","LAC",1
"idemia","LAC",2
"sensetime","LAC",1
"megvii","LAC",0
"hikvision","LAC",2
"arab_advisors","LAC",0
"asdaa_bcw","LAC",0
"insight_discovery","LAC",0
"ventures_middle_east","LAC",0
"space42","LAC",3
"presight_ai","LAC",1
"lucidya","LAC",0
"mozn","LAC",0
"crowd_analyzer","LAC",0
"tarjama","LAC",0
"idsc_egypt","LAC",0
"rada_research","LAC",0
"statistics_lebanon","LAC",0
"information_international","LAC",0
"scpr_syria","LAC",0
"yemen_polling_center","LAC",0
"diwan_research","LAC",0
"immar_rc","LAC",0
"sunergia","LAC",0
"iranpoll","LAC",0
"turkiye_raporu","LAC",0
"geocartography","LAC",0
"near_east_consulting","LAC",0
"jmcc","LAC",0
"zogby_research","LAC",0
"reach_initiative","LAC",1
"acaps","LAC",2
"afriksurvey","LAC",0
"sagapoll","LAC",0
"dalberg_research","LAC",0
"stears","LAC",0
"datalens_africa","LAC",0
"creditregistry","LAC",0
"indicina","LAC",0
"africa_polling_institute","LAC",0
"global_infoanalytics","LAC",0
"amini","LAC",0
"research_solutions_africa","LAC",0
"msurvey","LAC",0
"echo_mobile","LAC",0
"viamo","LAC",1
"twaweza","LAC",0
"research_world_intl","LAC",0
"charis_uas","LAC",0
"digital_umuganda","LAC",0
"somali_public_agenda","LAC",0
"mpoi_zimbabwe","LAC",0
"social_research_foundation","LAC",0
"eighty20","LAC",0
"lightstone","LAC",0
"lelapa_ai","LAC",0
"masakhane","LAC",0
"awarri","LAC",0
"romir","LAC",0
"mediascope","LAC",0
"ipsos_comcon","LAC",0
"tiburon_research","LAC",0
"anketolog","LAC",0
"sberindex","LAC",0
"yandex_data","LAC",0
"baw_belarus","LAC",0
"bisam","LAC",0
"demoscope_kz","LAC",0
"ijtimoiy_fikr","LAC",0
"questmobile","LAC",0
"analysys_yiguan","LAC",0
"iimedia","LAC",0
"talkingdata","LAC",0
"aurora_mobile","LAC",0
"miaozhen_admaster","LAC",0
"qichacha","LAC",0
"tianyancha","LAC",0
"wind_information","LAC",0
"intron_health","LAC",0
"african_languages_lab","LAC",0
"aflabox","LAC",0
"tolbi","LAC",0
"soko_aerial","LAC",0
"geoinfotech","LAC",0
"helium_health","LAC",0
"pula","LAC",0
"apollo_agriculture","LAC",0
"hello_tractor","LAC",0
"mpharma","LAC",0
"ehealth_africa","LAC",0
"lacuna_fund","LAC",0
"makerere_ai","LAC",0
"cntxt_ai","LAC",0
"arabic_ai","LAC",0
"aydi","LAC",0
"widebot","LAC",0
"mawdoo3","LAC",0
"aaru","LAC",2
"simile","LAC",2
"conveo","LAC",1
"perspective_ai","LAC",1
"theysaid","LAC",1
"versive","LAC",1
"hivemapper","LAC",1
"dimo","LAC",0
"weatherxm","LAC",1
"nova_labs_helium","LAC",1
"safecast","LAC",1
"biobot","LAC",0
"verily","LAC",0
"wastewaterscan","LAC",0
"hawkeye_360","LAC",3
"unseenlabs","LAC",3
"kleos_space","LAC",3
"naturemetrics","LAC",2
"rainforest_connection","LAC",1
"fugro","LAC",3
"clarity_movement","LAC",2
"aclima","LAC",0
"nuview","LAC",3
"orbital_sidekick","LAC",3
"wyvern","LAC",3
"hydrosat","LAC",3
"muon_space","LAC",3
"myriota","LAC",1
"astrocast","LAC",1
"nearmap","LAC",2
"vexcel_imaging","LAC",2
"airqo","LAC",0
"code_for_africa","LAC",0
"aerobotics","LAC",2
"ujuzikilimo","LAC",0
"robocare","LAC",0
"astral_aerial","LAC",0
"earthranger","LAC",0
"falcon_eye_drones","LAC",0
"falcon_3d","LAC",0
"digital_earth_africa","LAC",0
"sansa","LAC",0
"nasrda","LAC",0
"egsa","LAC",0
"kenya_space_agency","LAC",0
"essti","LAC",0
"mbrsc","LAC",0
"tubitak_uzay","LAC",0
"imagesat","LAC",3
"taranis","LAC",2
"agritask","LAC",2
"asterra","LAC",3
"norc","LAC",1
"westat","LAC",0
"rti_international","LAC",2
"mathematica","LAC",1
"abt_global","LAC",2
"ssrs","LAC",0
"icf_international","LAC",3
"quinnipiac_poll","LAC",0
"marist_poll","LAC",0
"monmouth_poll","LAC",0
"siena_research","LAC",0
"emerson_polling","LAC",0
"surveyusa","LAC",0
"prri","LAC",0
"ap_norc","LAC",0
"civiqs","LAC",0
"echelon_insights","LAC",0
"data_for_progress","LAC",0
"cygnal","LAC",0
"leger","LAC",0
"angus_reid_institute","LAC",0
"nanos_research","LAC",0
"ekos_research","LAC",0
"abacus_data","LAC",0
"environics_research","LAC",0
"skywatch","LAC",3
"mda_space","LAC",3
"ecopia_ai","LAC",3
"farmers_edge","LAC",0
"deveron","LAC",0
"semios","LAC",0
"bluedot","LAC",2
"local_logic","LAC",0
"riskthinking_ai","LAC",2
"triton_digital","LAC",2
"descartes_datamyne","LAC",3
"browse_ai","LAC",2
"internet_archive","LAC",2
"exa_ai","LAC",2
"altana","LAC",3
"project44","LAC",3
"fourkites","LAC",3
"clear_secure","LAC",0
"id_me","LAC",0
"socure","LAC",0
"observa","LAC",0
"ookla","LAC",1
"purpleair","LAC",1
"motive","LAC",0
"lytx","LAC",0
"catalina_marketing","LAC",1
"inmar_intelligence","LAC",0
"data_axle","LAC",0
"bombora","LAC",1
"thinknum","LAC",1
"om1","LAC",0
"verana_health","LAC",0
"atropos_health","LAC",0
"aetion","LAC",0
"edison_research","LAC",0
"luminate_data","LAC",2
"flashpoint","LAC",2
"zignal_labs","LAC",2
"albedo","LAC",3
"centaur_labs","LAC",1
"fulcrum_app","LAC",3
"rep_data","LAC",2
"understanding_america","LAC",0
"forsa","LAC",0
"infratest_dimap","LAC",0
"allensbach","LAC",0
"civey","LAC",0
"insa_consulere","LAC",0
"infas","LAC",0
"gesis","LAC",1
"soep_diw","LAC",0
"ororatech","LAC",3
"liveeo","LAC",3
"constellr","LAC",3
"limesurvey","LAC",3
"agf_videoforschung","LAC",0
"ifop","LAC",1
"opinionway","LAC",0
"bva_xsight","LAC",1
"elabe","LAC",0
"odoxa","LAC",0
"csa_research","LAC",0
"credoc","LAC",0
"scrapingbee","LAC",2
"shippeo","LAC",2
"owkin","LAC",0
"doxa","LAC",0
"swg_italia","LAC",0
"cerved","LAC",0
"auditel_italia","LAC",0
"e_geos","LAC",3
"planetek_italia","LAC",2
"sigma_dos","LAC",1
"gad3","LAC",1
"metroscopia","LAC",0
"cuarenta_db","LAC",0
"kido_dynamics","LAC",0
"deimos_imaging","LAC",3
"marktest","LAC",0
"intercampus","LAC",0
"metron_analysis","LAC",0
"kapa_research","LAC",0
"marinetraffic","LAC",3
"kieskompas","LAC",1
"io_research","LAC",0
"motivaction","LAC",0
"nipo_nfield","LAC",3
"lifelines","LAC",0
"ivox","LAC",0
"sora_institute","LAC",0
"gfs_bern","LAC",0
"sotomo","LAC",0
"link_institut","LAC",0
"red_c","LAC",0
"epinion","LAC",1
"voxmeter","LAC",0
"novus","LAC",0
"taloustutkimus","LAC",0
"finngen","LAC",0
"decode_genetics","LAC",0
"signicat","LAC",1
"natcen","LAC",0
"understanding_society","LAC",0
"uk_data_service","LAC",0
"opinium","LAC",1
"survation","LAC",0
"deltapoll","LAC",0
"focaldata","LAC",1
"jl_partners","LAC",1
"more_in_common","LAC",1
"bmg_research","LAC",0
"signal_ai","LAC",2
"rezatec","LAC",2
"open_cosmos","LAC",3
"iproov","LAC",1
"truelayer","LAC",0
"yapily","LAC",0
"our_future_health","LAC",0
"lifebit","LAC",0
"ovilongwa","LAC",0
"star_awards_bwa","LAC",0
"igd_burkina","LAC",0
"gradis_burundi","LAC",0
"afrosondagem","LAC",0
"cible_cameroun","LAC",0
"laereag_tchad","LAC",0
"avenir_nepad_congo","LAC",0
"cofinco_comores","LAC",0
"zechlab","LAC",0
"qa_strategic_swz","LAC",0
"abcon_ethiopia","LAC",0
"cergep_gabon","LAC",0
"stat_view_guinea","LAC",0
"igpad_guinea_bissau","LAC",0
"advision_lesotho","LAC",0
"cdg_liberia","LAC",0
"coef_resources","LAC",0
"csr_malawi","LAC",0
"great_mali","LAC",0
"sista_consult","LAC",0
"straconsult_mus","LAC",0
"gsc_morocco","LAC",0
"cs_research_moz","LAC",0
"survey_warehouse","LAC",0
"lasdel_niger","LAC",0
"cres_senegal","LAC",0
"igr_sierra_leone","LAC",0
"sudan_polling_center","LAC",0
"repoa_tanzania","LAC",0
"crpd_gambia","LAC",0
"crop_togo","LAC",0
"hatchile_uganda","LAC",0
"cesor_zambia","LAC",0
"smile_identity","LAC",1
"zindi","LAC",0
"kartoza","LAC",2
"geoterraimage","LAC",2
"spatial_collective","LAC",0
"ramani_huria","LAC",0
"farmerline","LAC",0
"esoko","LAC",1
"sunculture","LAC",0
"thriveagric","LAC",0
"mono_nigeria","LAC",0
"stitch_za","LAC",0
"metropol_kenya","LAC",0
"crc_credit_bureau","LAC",0
"africa_check","LAC",1
"dubawa","LAC",1
"ilara_health","LAC",0
"jacaranda_health","LAC",0
"reelforge","LAC",1
"prembly","LAC",1
"youverify","LAC",1
"data_science_nigeria","LAC",0
"icog_labs","LAC",0
"lesan_ai","LAC",0
"kobo360","LAC",2
"lori_systems","LAC",2
"irsm_algeria","LAC",0
"cread_algeria","LAC",0
"optimar","LAC",0
"orc_arastirma","LAC",0
"avrasya_arastirma","LAC",0
"genar","LAC",0
"yoneylem","LAC",0
"sonar_arastirma","LAC",0
"gezici_arastirma","LAC",0
"mak_danismanlik","LAC",0
"piar_arastirma","LAC",0
"insider_tr","LAC",1
"acrps_doha","LAC",0
"sesri_qatar","LAC",0
"qcri","LAC",0
"sdaia","LAC",0
"elm_saudi","LAC",0
"saudi_space_agency","LAC",0
"simah","LAC",0
"derasat","LAC",0
"cri_lebanon","LAC",0
"infopro_lebanon","LAC",0
"albayan_iraq","LAC",0
"mas_palestine","LAC",0
"altibbi","LAC",0
"maqsam","LAC",0
"el_zanaty","LAC",0
"i_score_egypt","LAC",0
"intella_ai","LAC",0
"marocmetrie","LAC",0
"aarc_international","LAC",0
"chifco","LAC",0
"m42","LAC",0
"aecb","LAC",0
"derq","LAC",0
"israel_democracy_institute","LAC",0
"zencity","LAC",1
"cognyte","LAC",2
"ahri_south_africa","LAC",0
"agincourt_wits","LAC",0
"saprin","LAC",0
"aphrc","LAC",0
"kemri_wellcome","LAC",0
"ifakara_health","LAC",0
"manhica_cisim","LAC",0
"mrc_gambia","LAC",0
"navrongo_hrc","LAC",0
"rakai_health","LAC",0
"malawi_liverpool_wellcome","LAC",0
"cidrz","LAC",0
"kersa_hdss","LAC",0
"nouna_crsn","LAC",0
"apcc","LAC",0
"h3africa","LAC",0
"hsrc","LAC",0
"saldru","LAC",0
"datafirst","LAC",0
"isser_ghana","LAC",0
"eprc_uganda","LAC",0
"esrf_tanzania","LAC",0
"csea_nigeria","LAC",0
"pesacheck","LAC",1
"freshly_ground_insights","LAC",0
"columinate","LAC",0
"persian_cohort","LAC",0
"golestan_cohort","LAC",0
"qatar_biobank","LAC",0
"moroccan_genome","LAC",0
"afristat","LAC",2
"statafric","LAC",2
"afdb_statistics","LAC",2
"sanbi","LAC",0
"africas_talking","LAC",0
"onafriq","LAC",0
"cellulant","LAC",0
"codesria","LAC",0
"aerc","LAC",0
"pasgr","LAC",0
"iss_africa","LAC",1
"nextier_spd","LAC",0
"heritage_institute","LAC",0
"zeparu","LAC",0
"bidpa","LAC",0
"ippr_namibia","LAC",0
"nkafu","LAC",0
"cires_ivoire","LAC",0
"iese_mozambique","LAC",0
"zipar","LAC",0
"riwi","LAC",2
"pricestats","LAC",1
"soundthinking","LAC",0
"alphonso","LAC",1
"opensignal","LAC",1
"nexar","LAC",0
"geodnet","LAC",1
"wingbits","LAC",1
"flightradar24","LAC",1
"karya","LAC",0
"airwars","LAC",1
"mnemonic","LAC",1
"forensic_architecture","LAC",2
"atlas_ai","LAC",2
"fraym","LAC",0
"rs_metrics","LAC",1
"yodlee","LAC",0
"empatica","LAC",0
"sonde_health","LAC",0
"origin_wireless","LAC",0
"vayyar","LAC",0
"bidgely","LAC",0
"wildlife_insights","LAC",1
"atlan_space","LAC",0
"cellebrite","LAC",3
"nso_group","LAC",3
"candiru","LAC",2
"paragon_solutions","LAC",2
"kando","LAC",0
"beehero","LAC",0
"seetree","LAC",2
"lean_technologies","LAC",0
"ushahidi","LAC",2
"sunbird_ai","LAC",0
"terragon","LAC",0
"zenvus","LAC",0
"dataphyte","LAC",0
"ipsos","WEU",3
"kantar","WEU",3
"niq","WEU",3
"circana","WEU",3
"gallup","WEU",3
"yougov","WEU",3
"morning_consult","WEU",3
"pew_research","WEU",3
"verian","WEU",3
"ipsos_mori_uk","WEU",3
"savanta","WEU",2
"system1_group","WEU",2
"euromonitor","WEU",3
"mintel","WEU",2
"statista","WEU",3
"m3_global_research","WEU",3
"escalent","WEU",2
"material_plus","WEU",2
"c_space","WEU",2
"hall_and_partners","WEU",2
"appinio","WEU",2
"attest","WEU",2
"zappi","WEU",2
"suzy","WEU",0
"glimpse_ai","WEU",0
"listen_labs","WEU",2
"strella","WEU",0
"outset_ai","WEU",2
"cint","WEU",3
"dynata","WEU",3
"toluna","WEU",3
"bilendi","WEU",3
"norstat","WEU",0
"prolific","WEU",3
"cloudresearch","WEU",1
"purespectrum","WEU",2
"innovate_mr","WEU",2
"prodege","WEU",2
"disqo","WEU",0
"rakuten_insight","WEU",0
"borderless_access","WEU",2
"milieu_insight","WEU",0
"respondent_io","WEU",2
"qualtrics","WEU",3
"surveymonkey","WEU",3
"alchemer","WEU",3
"forsta","WEU",3
"sawtooth_software","WEU",3
"surveycto","WEU",2
"kobotoolbox","WEU",2
"odk","WEU",2
"commcare_dimagi","WEU",1
"ona","WEU",2
"mwater","WEU",3
"redcap","WEU",3
"gorilla_sc","WEU",3
"credamo","WEU",0
"wenjuanxing","WEU",0
"one_to_one_tunisia","WEU",0
"sigma_conseil","WEU",0
"emrhod_consulting","WEU",0
"elka_consulting","WEU",0
"bjka_consulting","WEU",0
"lms_csa_maroc","WEU",0
"baseera_egypt","WEU",0
"pcpsr","WEU",0
"awrad","WEU",0
"nama_strategic","WEU",0
"css_jordan","WEU",0
"iiacss","WEU",0
"parc_dubai","WEU",0
"ispa_iran","WEU",0
"gamaan","WEU",0
"konda","WEU",0
"metropoll","WEU",0
"areda_survey","WEU",0
"midgam_israel","WEU",0
"ipanel_israel","WEU",0
"arab_barometer","WEU",0
"afrobarometer","WEU",0
"cdd_ghana","WEU",0
"ijr_south_africa","WEU",0
"ids_nairobi","WEU",0
"ireg_benin","WEU",0
"infotrak","WEU",0
"tifa_research","WEU",0
"consumer_insight_africa","WEU",0
"geopoll","WEU",0
"sagaci_research","WEU",0
"noipolls","WEU",0
"sbm_intelligence","WEU",0
"practical_sampling","WEU",0
"ask_afrika","WEU",0
"plus94_research","WEU",0
"citizen_surveys","WEU",0
"busara_center","WEU",0
"ipa_research","WEU",0
"jpal","WEU",1
"laterite","WEU",0
"sixty_decibels","WEU",0
"lokniti_csds","WEU",0
"cvoter","WEU",0
"axis_my_india","WEU",0
"hansa_research","WEU",0
"q_and_q_research","WEU",0
"outline_india","WEU",0
"gallup_pakistan","WEU",0
"lsi_indonesia","WEU",0
"smrc_indonesia","WEU",0
"indikator_politik","WEU",0
"sws_philippines","WEU",0
"pulse_asia","WEU",0
"cimigo","WEU",0
"q_and_me","WEU",0
"indochina_research","WEU",0
"deka_research","WEU",0
"macromill","WEU",0
"intage","WEU",0
"nikkei_research","WEU",0
"cross_marketing","WEU",0
"embrain","WEU",0
"hankook_research","WEU",0
"realmeter","WEU",0
"gallup_korea","WEU",0
"horizon_china","WEU",0
"ctr_china","WEU",0
"csm_media","WEU",0
"datafolha","WEU",0
"ipec_brasil","WEU",0
"quaest","WEU",0
"atlasintel","WEU",2
"consulta_mitofsky","WEU",0
"enkoll","WEU",0
"buendia_marquez","WEU",0
"cadem","WEU",0
"invamer","WEU",0
"datexco","WEU",0
"cid_gallup","WEU",0
"poliarquia","WEU",0
"latinobarometro","WEU",0
"lapop","WEU",0
"levada_center","WEU",0
"vciom","WEU",0
"fom_russia","WEU",0
"russian_field","WEU",0
"kiis","WEU",0
"rating_group","WEU",0
"razumkov_centre","WEU",0
"info_sapiens","WEU",0
"gradus_research","WEU",0
"crrc","WEU",0
"act_georgia","WEU",0
"central_asia_barometer","WEU",0
"m_vector","WEU",0
"siar_research","WEU",0
"ipm_belarus","WEU",0
"roy_morgan","WEU",0
"essential_research","WEU",0
"oztam","WEU",0
"barb_uk","WEU",3
"mediametrie","WEU",3
"barc_india","WEU",0
"video_research_jp","WEU",0
"numeris","WEU",0
"scale_ai","WEU",2
"surge_ai","WEU",2
"mercor","WEU",2
"handshake_ai","WEU",1
"micro1","WEU",1
"turing_com","WEU",1
"invisible_tech","WEU",2
"appen","WEU",3
"toloka","WEU",3
"telus_digital_ai","WEU",3
"imerit","WEU",0
"sama","WEU",0
"cloudfactory","WEU",1
"superannotate","WEU",2
"labelbox","WEU",2
"snorkel_ai","WEU",1
"encord","WEU",2
"v7_labs","WEU",2
"kili_technology","WEU",3
"dataloop","WEU",1
"roboflow","WEU",2
"defined_ai","WEU",2
"shaip","WEU",1
"innodata","WEU",1
"transperfect_dataforce","WEU",2
"speechocean","WEU",2
"datatang","WEU",1
"magic_data_tech","WEU",1
"dataannotation_tech","WEU",1
"pareto_ai","WEU",1
"mturk","WEU",1
"clickworker","WEU",3
"premise_data","WEU",1
"streetbees","WEU",3
"roamler","WEU",3
"field_agent","WEU",2
"gigwalk","WEU",0
"glg","WEU",3
"third_bridge","WEU",3
"guidepoint","WEU",3
"alphasense","WEU",3
"dialectica","WEU",3
"bright_data","WEU",3
"oxylabs","WEU",3
"decodo","WEU",3
"zyte","WEU",3
"apify","WEU",3
"firecrawl","WEU",3
"tavily","WEU",3
"diffbot","WEU",3
"common_crawl","WEU",3
"promptcloud","WEU",3
"grepsr","WEU",3
"nimble_data","WEU",3
"coresignal","WEU",3
"acxiom","WEU",2
"experian","WEU",3
"equifax","WEU",2
"transunion","WEU",1
"liveramp","WEU",2
"epsilon","WEU",1
"lexisnexis_risk","WEU",2
"dun_bradstreet","WEU",3
"cotality","WEU",1
"verisk","WEU",2
"crif","WEU",3
"serasa_experian","WEU",0
"spokeo","WEU",0
"safegraph","WEU",2
"placer_ai","WEU",1
"veraset","WEU",1
"unacast","WEU",2
"foursquare","WEU",2
"kochava_collective","WEU",2
"azira","WEU",2
"advan_research","WEU",0
"huq_industries","WEU",2
"predicio","WEU",3
"positium","WEU",2
"teralytics","WEU",3
"orange_flux_vision","WEU",3
"flowminder","WEU",0
"planet_labs","WEU",3
"vantor","WEU",3
"blacksky","WEU",3
"iceye","WEU",3
"satellogic","WEU",3
"capella_space","WEU",3
"umbra_space","WEU",3
"airbus_ds_geo","WEU",3
"spire_global","WEU",3
"ursa_space","WEU",3
"pixxel","WEU",3
"skyfi","WEU",3
"earthdaily","WEU",3
"satvu","WEU",3
"ghgsat","WEU",3
"kayrros","WEU",3
"descartes_labs","WEU",3
"spaceknow","WEU",3
"synspective","WEU",3
"axelspace","WEU",3
"changguang","WEU",3
"twentyone_at","WEU",3
"tomorrow_io","WEU",3
"windborne","WEU",3
"saildrone","WEU",2
"sofar_ocean","WEU",3
"jupiter_intelligence","WEU",3
"first_street","WEU",0
"fathom_global","WEU",3
"jba_risk","WEU",3
"moodys_rms","WEU",3
"mitiga_solutions","WEU",3
"climateai","WEU",3
"descartes_underwriting","WEU",3
"sylvera","WEU",3
"bezero_carbon","WEU",3
"carbon_mapper","WEU",3
"chloris_geospatial","WEU",3
"nielsen","WEU",3
"comscore","WEU",3
"samba_tv","WEU",2
"ispot_tv","WEU",0
"videoamp","WEU",0
"similarweb","WEU",3
"sensor_tower","WEU",3
"yipitdata","WEU",1
"m_science","WEU",0
"consumer_edge","WEU",1
"earnest_analytics","WEU",0
"facteus","WEU",0
"measurable_ai","WEU",0
"plaid","WEU",1
"tink","WEU",3
"kpler","WEU",3
"vortexa","WEU",3
"windward_ai","WEU",3
"panjiva","WEU",1
"importgenius","WEU",1
"iqvia","WEU",3
"komodo_health","WEU",0
"truveta","WEU",0
"healthverity","WEU",0
"tempus_ai","WEU",0
"datavant","WEU",0
"flatiron_health","WEU",0
"trinetx","WEU",3
"picnichealth","WEU",0
"evidation_health","WEU",0
"medidata","WEU",3
"veeva_crossix","WEU",0
"definitive_healthcare","WEU",0
"uk_biobank","WEU",3
"bgi_genomics","WEU",1
"samsara","WEU",2
"geotab","WEU",3
"inrix","WEU",3
"tomtom","WEU",3
"here_technologies","WEU",3
"cambridge_mobile","WEU",2
"arity","WEU",0
"smartcar","WEU",2
"high_mobility","WEU",3
"dataminr","WEU",3
"recorded_future","WEU",3
"meltwater","WEU",3
"brandwatch","WEU",3
"talkwalker","WEU",3
"sprinklr","WEU",3
"graphika","WEU",3
"babel_street","WEU",3
"sayari","WEU",3
"kharon","WEU",3
"janes","WEU",3
"acled","WEU",2
"gdelt","WEU",3
"bellingcat","WEU",3
"newsguard","WEU",2
"zoominfo","WEU",2
"apollo_io","WEU",3
"cognism","WEU",2
"lusha","WEU",3
"people_data_labs","WEU",2
"opencorporates","WEU",3
"moodys_bvd","WEU",3
"pitchbook","WEU",3
"crunchbase","WEU",3
"tracxn","WEU",3
"dealroom","WEU",3
"numerator","WEU",2
"profitero","WEU",3
"dataweave","WEU",2
"intelligence_node","WEU",3
"trax_retail","WEU",2
"dunnhumby","WEU",2
"eightyfour_51","WEU",0
"clearview_ai","WEU",1
"pimeyes","WEU",2
"tools_for_humanity","WEU",2
"yoti","WEU",2
"idemia","WEU",3
"sensetime","WEU",0
"megvii","WEU",0
"hikvision","WEU",1
"arab_advisors","WEU",0
"asdaa_bcw","WEU",0
"insight_discovery","WEU",0
"ventures_middle_east","WEU",0
"space42","WEU",3
"presight_ai","WEU",2
"lucidya","WEU",0
"mozn","WEU",0
"crowd_analyzer","WEU",0
"tarjama","WEU",0
"idsc_egypt","WEU",0
"rada_research","WEU",0
"statistics_lebanon","WEU",0
"information_international","WEU",0
"scpr_syria","WEU",0
"yemen_polling_center","WEU",0
"diwan_research","WEU",0
"immar_rc","WEU",0
"sunergia","WEU",0
"iranpoll","WEU",0
"turkiye_raporu","WEU",0
"geocartography","WEU",0
"near_east_consulting","WEU",0
"jmcc","WEU",0
"zogby_research","WEU",0
"reach_initiative","WEU",0
"acaps","WEU",0
"afriksurvey","WEU",0
"sagapoll","WEU",0
"dalberg_research","WEU",0
"stears","WEU",0
"datalens_africa","WEU",0
"creditregistry","WEU",0
"indicina","WEU",0
"africa_polling_institute","WEU",0
"global_infoanalytics","WEU",0
"amini","WEU",0
"research_solutions_africa","WEU",0
"msurvey","WEU",0
"echo_mobile","WEU",0
"viamo","WEU",0
"twaweza","WEU",0
"research_world_intl","WEU",0
"charis_uas","WEU",0
"digital_umuganda","WEU",0
"somali_public_agenda","WEU",0
"mpoi_zimbabwe","WEU",0
"social_research_foundation","WEU",0
"eighty20","WEU",0
"lightstone","WEU",0
"lelapa_ai","WEU",0
"masakhane","WEU",0
"awarri","WEU",0
"romir","WEU",0
"mediascope","WEU",0
"ipsos_comcon","WEU",0
"tiburon_research","WEU",0
"anketolog","WEU",0
"sberindex","WEU",0
"yandex_data","WEU",0
"baw_belarus","WEU",0
"bisam","WEU",0
"demoscope_kz","WEU",0
"ijtimoiy_fikr","WEU",0
"questmobile","WEU",0
"analysys_yiguan","WEU",0
"iimedia","WEU",0
"talkingdata","WEU",0
"aurora_mobile","WEU",0
"miaozhen_admaster","WEU",0
"qichacha","WEU",0
"tianyancha","WEU",0
"wind_information","WEU",0
"intron_health","WEU",0
"african_languages_lab","WEU",0
"aflabox","WEU",0
"tolbi","WEU",0
"soko_aerial","WEU",0
"geoinfotech","WEU",0
"helium_health","WEU",0
"pula","WEU",0
"apollo_agriculture","WEU",0
"hello_tractor","WEU",0
"mpharma","WEU",0
"ehealth_africa","WEU",0
"lacuna_fund","WEU",1
"makerere_ai","WEU",0
"cntxt_ai","WEU",0
"arabic_ai","WEU",0
"aydi","WEU",0
"widebot","WEU",0
"mawdoo3","WEU",0
"aaru","WEU",3
"simile","WEU",3
"conveo","WEU",2
"perspective_ai","WEU",2
"theysaid","WEU",2
"versive","WEU",2
"hivemapper","WEU",3
"dimo","WEU",2
"weatherxm","WEU",3
"nova_labs_helium","WEU",3
"safecast","WEU",3
"biobot","WEU",0
"verily","WEU",0
"wastewaterscan","WEU",0
"hawkeye_360","WEU",3
"unseenlabs","WEU",3
"kleos_space","WEU",3
"naturemetrics","WEU",3
"rainforest_connection","WEU",2
"fugro","WEU",3
"clarity_movement","WEU",3
"aclima","WEU",0
"nuview","WEU",3
"orbital_sidekick","WEU",3
"wyvern","WEU",3
"hydrosat","WEU",3
"muon_space","WEU",3
"myriota","WEU",3
"astrocast","WEU",3
"nearmap","WEU",2
"vexcel_imaging","WEU",2
"airqo","WEU",0
"code_for_africa","WEU",0
"aerobotics","WEU",2
"ujuzikilimo","WEU",0
"robocare","WEU",0
"astral_aerial","WEU",0
"earthranger","WEU",2
"falcon_eye_drones","WEU",0
"falcon_3d","WEU",0
"digital_earth_africa","WEU",0
"sansa","WEU",0
"nasrda","WEU",0
"egsa","WEU",0
"kenya_space_agency","WEU",0
"essti","WEU",0
"mbrsc","WEU",0
"tubitak_uzay","WEU",0
"imagesat","WEU",3
"taranis","WEU",2
"agritask","WEU",3
"asterra","WEU",3
"norc","WEU",1
"westat","WEU",1
"rti_international","WEU",1
"mathematica","WEU",1
"abt_global","WEU",1
"ssrs","WEU",0
"icf_international","WEU",1
"quinnipiac_poll","WEU",0
"marist_poll","WEU",0
"monmouth_poll","WEU",0
"siena_research","WEU",0
"emerson_polling","WEU",0
"surveyusa","WEU",0
"prri","WEU",0
"ap_norc","WEU",0
"civiqs","WEU",0
"echelon_insights","WEU",0
"data_for_progress","WEU",0
"cygnal","WEU",0
"leger","WEU",0
"angus_reid_institute","WEU",0
"nanos_research","WEU",0
"ekos_research","WEU",0
"abacus_data","WEU",0
"environics_research","WEU",0
"skywatch","WEU",3
"mda_space","WEU",3
"ecopia_ai","WEU",3
"farmers_edge","WEU",2
"deveron","WEU",0
"semios","WEU",2
"bluedot","WEU",3
"local_logic","WEU",1
"riskthinking_ai","WEU",3
"triton_digital","WEU",3
"descartes_datamyne","WEU",3
"browse_ai","WEU",3
"internet_archive","WEU",3
"exa_ai","WEU",3
"altana","WEU",3
"project44","WEU",3
"fourkites","WEU",3
"clear_secure","WEU",0
"id_me","WEU",0
"socure","WEU",0
"observa","WEU",0
"ookla","WEU",3
"purpleair","WEU",3
"motive","WEU",2
"lytx","WEU",2
"catalina_marketing","WEU",2
"inmar_intelligence","WEU",0
"data_axle","WEU",0
"bombora","WEU",3
"thinknum","WEU",2
"om1","WEU",0
"verana_health","WEU",0
"atropos_health","WEU",0
"aetion","WEU",0
"edison_research","WEU",0
"luminate_data","WEU",3
"flashpoint","WEU",3
"zignal_labs","WEU",3
"albedo","WEU",3
"centaur_labs","WEU",2
"fulcrum_app","WEU",3
"rep_data","WEU",3
"understanding_america","WEU",0
"forsa","WEU",3
"infratest_dimap","WEU",3
"allensbach","WEU",3
"civey","WEU",3
"insa_consulere","WEU",3
"infas","WEU",3
"gesis","WEU",2
"soep_diw","WEU",3
"ororatech","WEU",3
"liveeo","WEU",3
"constellr","WEU",3
"limesurvey","WEU",3
"agf_videoforschung","WEU",3
"ifop","WEU",2
"opinionway","WEU",3
"bva_xsight","WEU",2
"elabe","WEU",3
"odoxa","WEU",3
"csa_research","WEU",3
"credoc","WEU",3
"scrapingbee","WEU",3
"shippeo","WEU",2
"owkin","WEU",2
"doxa","WEU",3
"swg_italia","WEU",3
"cerved","WEU",3
"auditel_italia","WEU",3
"e_geos","WEU",3
"planetek_italia","WEU",2
"sigma_dos","WEU",2
"gad3","WEU",2
"metroscopia","WEU",3
"cuarenta_db","WEU",3
"kido_dynamics","WEU",2
"deimos_imaging","WEU",3
"marktest","WEU",3
"intercampus","WEU",3
"metron_analysis","WEU",3
"kapa_research","WEU",3
"marinetraffic","WEU",3
"kieskompas","WEU",2
"io_research","WEU",3
"motivaction","WEU",3
"nipo_nfield","WEU",3
"lifelines","WEU",3
"ivox","WEU",3
"sora_institute","WEU",3
"gfs_bern","WEU",3
"sotomo","WEU",3
"link_institut","WEU",3
"red_c","WEU",3
"epinion","WEU",2
"voxmeter","WEU",3
"novus","WEU",3
"taloustutkimus","WEU",3
"finngen","WEU",3
"decode_genetics","WEU",3
"signicat","WEU",2
"natcen","WEU",3
"understanding_society","WEU",3
"uk_data_service","WEU",3
"opinium","WEU",2
"survation","WEU",3
"deltapoll","WEU",3
"focaldata","WEU",2
"jl_partners","WEU",2
"more_in_common","WEU",2
"bmg_research","WEU",3
"signal_ai","WEU",3
"rezatec","WEU",2
"open_cosmos","WEU",3
"iproov","WEU",2
"truelayer","WEU",2
"yapily","WEU",2
"our_future_health","WEU",3
"lifebit","WEU",2
"ovilongwa","WEU",0
"star_awards_bwa","WEU",0
"igd_burkina","WEU",0
"gradis_burundi","WEU",0
"afrosondagem","WEU",0
"cible_cameroun","WEU",0
"laereag_tchad","WEU",0
"avenir_nepad_congo","WEU",0
"cofinco_comores","WEU",0
"zechlab","WEU",0
"qa_strategic_swz","WEU",0
"abcon_ethiopia","WEU",0
"cergep_gabon","WEU",0
"stat_view_guinea","WEU",0
"igpad_guinea_bissau","WEU",0
"advision_lesotho","WEU",0
"cdg_liberia","WEU",0
"coef_resources","WEU",0
"csr_malawi","WEU",0
"great_mali","WEU",0
"sista_consult","WEU",0
"straconsult_mus","WEU",0
"gsc_morocco","WEU",0
"cs_research_moz","WEU",0
"survey_warehouse","WEU",0
"lasdel_niger","WEU",0
"cres_senegal","WEU",0
"igr_sierra_leone","WEU",0
"sudan_polling_center","WEU",0
"repoa_tanzania","WEU",0
"crpd_gambia","WEU",0
"crop_togo","WEU",0
"hatchile_uganda","WEU",0
"cesor_zambia","WEU",0
"smile_identity","WEU",1
"zindi","WEU",1
"kartoza","WEU",2
"geoterraimage","WEU",2
"spatial_collective","WEU",0
"ramani_huria","WEU",0
"farmerline","WEU",0
"esoko","WEU",2
"sunculture","WEU",2
"thriveagric","WEU",0
"mono_nigeria","WEU",1
"stitch_za","WEU",1
"metropol_kenya","WEU",0
"crc_credit_bureau","WEU",0
"africa_check","WEU",2
"dubawa","WEU",2
"ilara_health","WEU",0
"jacaranda_health","WEU",0
"reelforge","WEU",2
"prembly","WEU",1
"youverify","WEU",1
"data_science_nigeria","WEU",0
"icog_labs","WEU",1
"lesan_ai","WEU",0
"kobo360","WEU",2
"lori_systems","WEU",2
"irsm_algeria","WEU",0
"cread_algeria","WEU",0
"optimar","WEU",0
"orc_arastirma","WEU",0
"avrasya_arastirma","WEU",0
"genar","WEU",0
"yoneylem","WEU",0
"sonar_arastirma","WEU",0
"gezici_arastirma","WEU",0
"mak_danismanlik","WEU",0
"piar_arastirma","WEU",0
"insider_tr","WEU",2
"acrps_doha","WEU",0
"sesri_qatar","WEU",0
"qcri","WEU",1
"sdaia","WEU",0
"elm_saudi","WEU",0
"saudi_space_agency","WEU",0
"simah","WEU",0
"derasat","WEU",0
"cri_lebanon","WEU",0
"infopro_lebanon","WEU",2
"albayan_iraq","WEU",0
"mas_palestine","WEU",0
"altibbi","WEU",0
"maqsam","WEU",1
"el_zanaty","WEU",0
"i_score_egypt","WEU",0
"intella_ai","WEU",1
"marocmetrie","WEU",0
"aarc_international","WEU",0
"chifco","WEU",2
"m42","WEU",0
"aecb","WEU",0
"derq","WEU",1
"israel_democracy_institute","WEU",0
"zencity","WEU",2
"cognyte","WEU",3
"ahri_south_africa","WEU",0
"agincourt_wits","WEU",0
"saprin","WEU",0
"aphrc","WEU",0
"kemri_wellcome","WEU",0
"ifakara_health","WEU",0
"manhica_cisim","WEU",0
"mrc_gambia","WEU",0
"navrongo_hrc","WEU",0
"rakai_health","WEU",0
"malawi_liverpool_wellcome","WEU",0
"cidrz","WEU",0
"kersa_hdss","WEU",0
"nouna_crsn","WEU",0
"apcc","WEU",0
"h3africa","WEU",0
"hsrc","WEU",0
"saldru","WEU",0
"datafirst","WEU",0
"isser_ghana","WEU",0
"eprc_uganda","WEU",0
"esrf_tanzania","WEU",0
"csea_nigeria","WEU",0
"pesacheck","WEU",2
"freshly_ground_insights","WEU",0
"columinate","WEU",0
"persian_cohort","WEU",0
"golestan_cohort","WEU",0
"qatar_biobank","WEU",0
"moroccan_genome","WEU",0
"afristat","WEU",2
"statafric","WEU",2
"afdb_statistics","WEU",2
"sanbi","WEU",0
"africas_talking","WEU",1
"onafriq","WEU",1
"cellulant","WEU",1
"codesria","WEU",0
"aerc","WEU",0
"pasgr","WEU",0
"iss_africa","WEU",2
"nextier_spd","WEU",0
"heritage_institute","WEU",0
"zeparu","WEU",0
"bidpa","WEU",0
"ippr_namibia","WEU",0
"nkafu","WEU",0
"cires_ivoire","WEU",0
"iese_mozambique","WEU",0
"zipar","WEU",0
"riwi","WEU",3
"pricestats","WEU",2
"soundthinking","WEU",2
"alphonso","WEU",2
"opensignal","WEU",2
"nexar","WEU",2
"geodnet","WEU",3
"wingbits","WEU",3
"flightradar24","WEU",3
"karya","WEU",0
"airwars","WEU",2
"mnemonic","WEU",2
"forensic_architecture","WEU",3
"atlas_ai","WEU",2
"fraym","WEU",0
"rs_metrics","WEU",2
"yodlee","WEU",1
"empatica","WEU",0
"sonde_health","WEU",0
"origin_wireless","WEU",2
"vayyar","WEU",2
"bidgely","WEU",2
"wildlife_insights","WEU",3
"atlan_space","WEU",0
"cellebrite","WEU",3
"nso_group","WEU",3
"candiru","WEU",2
"paragon_solutions","WEU",2
"kando","WEU",2
"beehero","WEU",2
"seetree","WEU",2
"lean_technologies","WEU",0
"ushahidi","WEU",3
"sunbird_ai","WEU",0
"terragon","WEU",1
"zenvus","WEU",2
"dataphyte","WEU",0
"ipsos","EEU",3
"kantar","EEU",2
"niq","EEU",3
"circana","EEU",1
"gallup","EEU",2
"yougov","EEU",2
"morning_consult","EEU",1
"pew_research","EEU",2
"verian","EEU",2
"ipsos_mori_uk","EEU",0
"savanta","EEU",1
"system1_group","EEU",1
"euromonitor","EEU",3
"mintel","EEU",1
"statista","EEU",2
"m3_global_research","EEU",2
"escalent","EEU",1
"material_plus","EEU",1
"c_space","EEU",1
"hall_and_partners","EEU",1
"appinio","EEU",1
"attest","EEU",1
"zappi","EEU",1
"suzy","EEU",0
"glimpse_ai","EEU",0
"listen_labs","EEU",1
"strella","EEU",0
"outset_ai","EEU",1
"cint","EEU",3
"dynata","EEU",2
"toluna","EEU",2
"bilendi","EEU",0
"norstat","EEU",3
"prolific","EEU",1
"cloudresearch","EEU",0
"purespectrum","EEU",1
"innovate_mr","EEU",1
"prodege","EEU",1
"disqo","EEU",0
"rakuten_insight","EEU",0
"borderless_access","EEU",1
"milieu_insight","EEU",0
"respondent_io","EEU",1
"qualtrics","EEU",2
"surveymonkey","EEU",3
"alchemer","EEU",3
"forsta","EEU",3
"sawtooth_software","EEU",3
"surveycto","EEU",2
"kobotoolbox","EEU",2
"odk","EEU",2
"commcare_dimagi","EEU",1
"ona","EEU",2
"mwater","EEU",3
"redcap","EEU",2
"gorilla_sc","EEU",3
"credamo","EEU",0
"wenjuanxing","EEU",0
"one_to_one_tunisia","EEU",0
"sigma_conseil","EEU",0
"emrhod_consulting","EEU",0
"elka_consulting","EEU",0
"bjka_consulting","EEU",0
"lms_csa_maroc","EEU",0
"baseera_egypt","EEU",0
"pcpsr","EEU",0
"awrad","EEU",0
"nama_strategic","EEU",0
"css_jordan","EEU",0
"iiacss","EEU",0
"parc_dubai","EEU",0
"ispa_iran","EEU",0
"gamaan","EEU",0
"konda","EEU",0
"metropoll","EEU",0
"areda_survey","EEU",0
"midgam_israel","EEU",0
"ipanel_israel","EEU",0
"arab_barometer","EEU",0
"afrobarometer","EEU",0
"cdd_ghana","EEU",0
"ijr_south_africa","EEU",0
"ids_nairobi","EEU",0
"ireg_benin","EEU",0
"infotrak","EEU",0
"tifa_research","EEU",0
"consumer_insight_africa","EEU",0
"geopoll","EEU",0
"sagaci_research","EEU",0
"noipolls","EEU",0
"sbm_intelligence","EEU",0
"practical_sampling","EEU",0
"ask_afrika","EEU",0
"plus94_research","EEU",0
"citizen_surveys","EEU",0
"busara_center","EEU",0
"ipa_research","EEU",0
"jpal","EEU",0
"laterite","EEU",0
"sixty_decibels","EEU",0
"lokniti_csds","EEU",0
"cvoter","EEU",0
"axis_my_india","EEU",0
"hansa_research","EEU",0
"q_and_q_research","EEU",0
"outline_india","EEU",0
"gallup_pakistan","EEU",0
"lsi_indonesia","EEU",0
"smrc_indonesia","EEU",0
"indikator_politik","EEU",0
"sws_philippines","EEU",0
"pulse_asia","EEU",0
"cimigo","EEU",0
"q_and_me","EEU",0
"indochina_research","EEU",0
"deka_research","EEU",0
"macromill","EEU",0
"intage","EEU",0
"nikkei_research","EEU",0
"cross_marketing","EEU",0
"embrain","EEU",0
"hankook_research","EEU",0
"realmeter","EEU",0
"gallup_korea","EEU",0
"horizon_china","EEU",0
"ctr_china","EEU",0
"csm_media","EEU",0
"datafolha","EEU",0
"ipec_brasil","EEU",0
"quaest","EEU",0
"atlasintel","EEU",1
"consulta_mitofsky","EEU",0
"enkoll","EEU",0
"buendia_marquez","EEU",0
"cadem","EEU",0
"invamer","EEU",0
"datexco","EEU",0
"cid_gallup","EEU",0
"poliarquia","EEU",0
"latinobarometro","EEU",0
"lapop","EEU",0
"levada_center","EEU",0
"vciom","EEU",0
"fom_russia","EEU",0
"russian_field","EEU",0
"kiis","EEU",3
"rating_group","EEU",3
"razumkov_centre","EEU",3
"info_sapiens","EEU",3
"gradus_research","EEU",3
"crrc","EEU",3
"act_georgia","EEU",3
"central_asia_barometer","EEU",0
"m_vector","EEU",1
"siar_research","EEU",1
"ipm_belarus","EEU",0
"roy_morgan","EEU",0
"essential_research","EEU",0
"oztam","EEU",0
"barb_uk","EEU",0
"mediametrie","EEU",0
"barc_india","EEU",0
"video_research_jp","EEU",0
"numeris","EEU",0
"scale_ai","EEU",1
"surge_ai","EEU",1
"mercor","EEU",2
"handshake_ai","EEU",0
"micro1","EEU",2
"turing_com","EEU",2
"invisible_tech","EEU",2
"appen","EEU",2
"toloka","EEU",3
"telus_digital_ai","EEU",2
"imerit","EEU",0
"sama","EEU",0
"cloudfactory","EEU",0
"superannotate","EEU",2
"labelbox","EEU",2
"snorkel_ai","EEU",1
"encord","EEU",1
"v7_labs","EEU",1
"kili_technology","EEU",0
"dataloop","EEU",1
"roboflow","EEU",2
"defined_ai","EEU",2
"shaip","EEU",1
"innodata","EEU",1
"transperfect_dataforce","EEU",2
"speechocean","EEU",1
"datatang","EEU",0
"magic_data_tech","EEU",0
"dataannotation_tech","EEU",1
"pareto_ai","EEU",1
"mturk","EEU",0
"clickworker","EEU",2
"premise_data","EEU",2
"streetbees","EEU",2
"roamler","EEU",0
"field_agent","EEU",1
"gigwalk","EEU",0
"glg","EEU",1
"third_bridge","EEU",1
"guidepoint","EEU",1
"alphasense","EEU",1
"dialectica","EEU",1
"bright_data","EEU",3
"oxylabs","EEU",2
"decodo","EEU",2
"zyte","EEU",2
"apify","EEU",2
"firecrawl","EEU",2
"tavily","EEU",2
"diffbot","EEU",2
"common_crawl","EEU",3
"promptcloud","EEU",2
"grepsr","EEU",2
"nimble_data","EEU",2
"coresignal","EEU",2
"acxiom","EEU",1
"experian","EEU",1
"equifax","EEU",0
"transunion","EEU",0
"liveramp","EEU",1
"epsilon","EEU",0
"lexisnexis_risk","EEU",1
"dun_bradstreet","EEU",2
"cotality","EEU",0
"verisk","EEU",1
"crif","EEU",3
"serasa_experian","EEU",0
"spokeo","EEU",0
"safegraph","EEU",1
"placer_ai","EEU",0
"veraset","EEU",0
"unacast","EEU",0
"foursquare","EEU",1
"kochava_collective","EEU",1
"azira","EEU",1
"advan_research","EEU",0
"huq_industries","EEU",0
"predicio","EEU",0
"positium","EEU",2
"teralytics","EEU",1
"orange_flux_vision","EEU",1
"flowminder","EEU",0
"planet_labs","EEU",3
"vantor","EEU",3
"blacksky","EEU",3
"iceye","EEU",3
"satellogic","EEU",3
"capella_space","EEU",3
"umbra_space","EEU",3
"airbus_ds_geo","EEU",3
"spire_global","EEU",3
"ursa_space","EEU",3
"pixxel","EEU",3
"skyfi","EEU",3
"earthdaily","EEU",3
"satvu","EEU",3
"ghgsat","EEU",3
"kayrros","EEU",2
"descartes_labs","EEU",3
"spaceknow","EEU",3
"synspective","EEU",3
"axelspace","EEU",3
"changguang","EEU",3
"twentyone_at","EEU",3
"tomorrow_io","EEU",2
"windborne","EEU",2
"saildrone","EEU",2
"sofar_ocean","EEU",3
"jupiter_intelligence","EEU",2
"first_street","EEU",0
"fathom_global","EEU",2
"jba_risk","EEU",2
"moodys_rms","EEU",2
"mitiga_solutions","EEU",2
"climateai","EEU",2
"descartes_underwriting","EEU",2
"sylvera","EEU",2
"bezero_carbon","EEU",2
"carbon_mapper","EEU",2
"chloris_geospatial","EEU",2
"nielsen","EEU",1
"comscore","EEU",1
"samba_tv","EEU",0
"ispot_tv","EEU",0
"videoamp","EEU",0
"similarweb","EEU",3
"sensor_tower","EEU",3
"yipitdata","EEU",0
"m_science","EEU",0
"consumer_edge","EEU",0
"earnest_analytics","EEU",0
"facteus","EEU",0
"measurable_ai","EEU",0
"plaid","EEU",0
"tink","EEU",0
"kpler","EEU",3
"vortexa","EEU",3
"windward_ai","EEU",3
"panjiva","EEU",1
"importgenius","EEU",1
"iqvia","EEU",2
"komodo_health","EEU",0
"truveta","EEU",0
"healthverity","EEU",0
"tempus_ai","EEU",0
"datavant","EEU",0
"flatiron_health","EEU",0
"trinetx","EEU",2
"picnichealth","EEU",0
"evidation_health","EEU",0
"medidata","EEU",2
"veeva_crossix","EEU",0
"definitive_healthcare","EEU",0
"uk_biobank","EEU",0
"bgi_genomics","EEU",1
"samsara","EEU",0
"geotab","EEU",1
"inrix","EEU",1
"tomtom","EEU",3
"here_technologies","EEU",3
"cambridge_mobile","EEU",0
"arity","EEU",0
"smartcar","EEU",0
"high_mobility","EEU",0
"dataminr","EEU",2
"recorded_future","EEU",2
"meltwater","EEU",2
"brandwatch","EEU",2
"talkwalker","EEU",2
"sprinklr","EEU",2
"graphika","EEU",2
"babel_street","EEU",2
"sayari","EEU",3
"kharon","EEU",2
"janes","EEU",2
"acled","EEU",3
"gdelt","EEU",3
"bellingcat","EEU",2
"newsguard","EEU",1
"zoominfo","EEU",1
"apollo_io","EEU",2
"cognism","EEU",1
"lusha","EEU",2
"people_data_labs","EEU",1
"opencorporates","EEU",3
"moodys_bvd","EEU",3
"pitchbook","EEU",2
"crunchbase","EEU",2
"tracxn","EEU",2
"dealroom","EEU",2
"numerator","EEU",1
"profitero","EEU",2
"dataweave","EEU",1
"intelligence_node","EEU",2
"trax_retail","EEU",1
"dunnhumby","EEU",1
"eightyfour_51","EEU",0
"clearview_ai","EEU",2
"pimeyes","EEU",2
"tools_for_humanity","EEU",1
"yoti","EEU",1
"idemia","EEU",2
"sensetime","EEU",1
"megvii","EEU",0
"hikvision","EEU",2
"arab_advisors","EEU",0
"asdaa_bcw","EEU",0
"insight_discovery","EEU",0
"ventures_middle_east","EEU",0
"space42","EEU",3
"presight_ai","EEU",1
"lucidya","EEU",0
"mozn","EEU",0
"crowd_analyzer","EEU",0
"tarjama","EEU",0
"idsc_egypt","EEU",0
"rada_research","EEU",0
"statistics_lebanon","EEU",0
"information_international","EEU",0
"scpr_syria","EEU",0
"yemen_polling_center","EEU",0
"diwan_research","EEU",0
"immar_rc","EEU",0
"sunergia","EEU",0
"iranpoll","EEU",0
"turkiye_raporu","EEU",0
"geocartography","EEU",0
"near_east_consulting","EEU",0
"jmcc","EEU",0
"zogby_research","EEU",0
"reach_initiative","EEU",1
"acaps","EEU",2
"afriksurvey","EEU",0
"sagapoll","EEU",0
"dalberg_research","EEU",0
"stears","EEU",0
"datalens_africa","EEU",0
"creditregistry","EEU",0
"indicina","EEU",0
"africa_polling_institute","EEU",0
"global_infoanalytics","EEU",0
"amini","EEU",0
"research_solutions_africa","EEU",0
"msurvey","EEU",0
"echo_mobile","EEU",0
"viamo","EEU",0
"twaweza","EEU",0
"research_world_intl","EEU",0
"charis_uas","EEU",0
"digital_umuganda","EEU",0
"somali_public_agenda","EEU",0
"mpoi_zimbabwe","EEU",0
"social_research_foundation","EEU",0
"eighty20","EEU",0
"lightstone","EEU",0
"lelapa_ai","EEU",0
"masakhane","EEU",0
"awarri","EEU",0
"romir","EEU",0
"mediascope","EEU",0
"ipsos_comcon","EEU",0
"tiburon_research","EEU",0
"anketolog","EEU",0
"sberindex","EEU",0
"yandex_data","EEU",0
"baw_belarus","EEU",3
"bisam","EEU",0
"demoscope_kz","EEU",0
"ijtimoiy_fikr","EEU",0
"questmobile","EEU",0
"analysys_yiguan","EEU",0
"iimedia","EEU",0
"talkingdata","EEU",0
"aurora_mobile","EEU",0
"miaozhen_admaster","EEU",0
"qichacha","EEU",0
"tianyancha","EEU",0
"wind_information","EEU",0
"intron_health","EEU",0
"african_languages_lab","EEU",0
"aflabox","EEU",0
"tolbi","EEU",0
"soko_aerial","EEU",0
"geoinfotech","EEU",0
"helium_health","EEU",0
"pula","EEU",0
"apollo_agriculture","EEU",0
"hello_tractor","EEU",0
"mpharma","EEU",0
"ehealth_africa","EEU",0
"lacuna_fund","EEU",1
"makerere_ai","EEU",0
"cntxt_ai","EEU",0
"arabic_ai","EEU",0
"aydi","EEU",0
"widebot","EEU",0
"mawdoo3","EEU",0
"aaru","EEU",2
"simile","EEU",2
"conveo","EEU",1
"perspective_ai","EEU",1
"theysaid","EEU",1
"versive","EEU",1
"hivemapper","EEU",1
"dimo","EEU",0
"weatherxm","EEU",1
"nova_labs_helium","EEU",1
"safecast","EEU",1
"biobot","EEU",0
"verily","EEU",0
"wastewaterscan","EEU",0
"hawkeye_360","EEU",3
"unseenlabs","EEU",3
"kleos_space","EEU",3
"naturemetrics","EEU",2
"rainforest_connection","EEU",1
"fugro","EEU",3
"clarity_movement","EEU",2
"aclima","EEU",0
"nuview","EEU",3
"orbital_sidekick","EEU",3
"wyvern","EEU",3
"hydrosat","EEU",3
"muon_space","EEU",3
"myriota","EEU",1
"astrocast","EEU",1
"nearmap","EEU",2
"vexcel_imaging","EEU",2
"airqo","EEU",0
"code_for_africa","EEU",0
"aerobotics","EEU",2
"ujuzikilimo","EEU",0
"robocare","EEU",0
"astral_aerial","EEU",0
"earthranger","EEU",0
"falcon_eye_drones","EEU",0
"falcon_3d","EEU",0
"digital_earth_africa","EEU",0
"sansa","EEU",0
"nasrda","EEU",0
"egsa","EEU",0
"kenya_space_agency","EEU",0
"essti","EEU",0
"mbrsc","EEU",0
"tubitak_uzay","EEU",0
"imagesat","EEU",3
"taranis","EEU",2
"agritask","EEU",2
"asterra","EEU",3
"norc","EEU",0
"westat","EEU",0
"rti_international","EEU",0
"mathematica","EEU",0
"abt_global","EEU",0
"ssrs","EEU",0
"icf_international","EEU",0
"quinnipiac_poll","EEU",0
"marist_poll","EEU",0
"monmouth_poll","EEU",0
"siena_research","EEU",0
"emerson_polling","EEU",0
"surveyusa","EEU",0
"prri","EEU",0
"ap_norc","EEU",0
"civiqs","EEU",0
"echelon_insights","EEU",0
"data_for_progress","EEU",0
"cygnal","EEU",0
"leger","EEU",0
"angus_reid_institute","EEU",0
"nanos_research","EEU",0
"ekos_research","EEU",0
"abacus_data","EEU",0
"environics_research","EEU",0
"skywatch","EEU",3
"mda_space","EEU",3
"ecopia_ai","EEU",3
"farmers_edge","EEU",0
"deveron","EEU",0
"semios","EEU",0
"bluedot","EEU",2
"local_logic","EEU",0
"riskthinking_ai","EEU",2
"triton_digital","EEU",1
"descartes_datamyne","EEU",3
"browse_ai","EEU",2
"internet_archive","EEU",2
"exa_ai","EEU",2
"altana","EEU",3
"project44","EEU",3
"fourkites","EEU",3
"clear_secure","EEU",0
"id_me","EEU",0
"socure","EEU",0
"observa","EEU",0
"ookla","EEU",1
"purpleair","EEU",1
"motive","EEU",0
"lytx","EEU",0
"catalina_marketing","EEU",1
"inmar_intelligence","EEU",0
"data_axle","EEU",0
"bombora","EEU",2
"thinknum","EEU",0
"om1","EEU",0
"verana_health","EEU",0
"atropos_health","EEU",0
"aetion","EEU",0
"edison_research","EEU",0
"luminate_data","EEU",1
"flashpoint","EEU",2
"zignal_labs","EEU",2
"albedo","EEU",3
"centaur_labs","EEU",2
"fulcrum_app","EEU",3
"rep_data","EEU",2
"understanding_america","EEU",0
"forsa","EEU",0
"infratest_dimap","EEU",0
"allensbach","EEU",0
"civey","EEU",0
"insa_consulere","EEU",0
"infas","EEU",0
"gesis","EEU",1
"soep_diw","EEU",0
"ororatech","EEU",3
"liveeo","EEU",3
"constellr","EEU",3
"limesurvey","EEU",3
"agf_videoforschung","EEU",0
"ifop","EEU",1
"opinionway","EEU",0
"bva_xsight","EEU",1
"elabe","EEU",0
"odoxa","EEU",0
"csa_research","EEU",0
"credoc","EEU",0
"scrapingbee","EEU",2
"shippeo","EEU",2
"owkin","EEU",0
"doxa","EEU",0
"swg_italia","EEU",0
"cerved","EEU",0
"auditel_italia","EEU",0
"e_geos","EEU",3
"planetek_italia","EEU",2
"sigma_dos","EEU",1
"gad3","EEU",1
"metroscopia","EEU",0
"cuarenta_db","EEU",0
"kido_dynamics","EEU",0
"deimos_imaging","EEU",3
"marktest","EEU",0
"intercampus","EEU",0
"metron_analysis","EEU",0
"kapa_research","EEU",0
"marinetraffic","EEU",3
"kieskompas","EEU",1
"io_research","EEU",0
"motivaction","EEU",0
"nipo_nfield","EEU",3
"lifelines","EEU",0
"ivox","EEU",0
"sora_institute","EEU",0
"gfs_bern","EEU",0
"sotomo","EEU",0
"link_institut","EEU",0
"red_c","EEU",0
"epinion","EEU",1
"voxmeter","EEU",0
"novus","EEU",0
"taloustutkimus","EEU",0
"finngen","EEU",0
"decode_genetics","EEU",0
"signicat","EEU",1
"natcen","EEU",0
"understanding_society","EEU",0
"uk_data_service","EEU",0
"opinium","EEU",1
"survation","EEU",0
"deltapoll","EEU",0
"focaldata","EEU",1
"jl_partners","EEU",1
"more_in_common","EEU",1
"bmg_research","EEU",0
"signal_ai","EEU",2
"rezatec","EEU",2
"open_cosmos","EEU",3
"iproov","EEU",1
"truelayer","EEU",0
"yapily","EEU",0
"our_future_health","EEU",0
"lifebit","EEU",0
"ovilongwa","EEU",0
"star_awards_bwa","EEU",0
"igd_burkina","EEU",0
"gradis_burundi","EEU",0
"afrosondagem","EEU",0
"cible_cameroun","EEU",0
"laereag_tchad","EEU",0
"avenir_nepad_congo","EEU",0
"cofinco_comores","EEU",0
"zechlab","EEU",0
"qa_strategic_swz","EEU",0
"abcon_ethiopia","EEU",0
"cergep_gabon","EEU",0
"stat_view_guinea","EEU",0
"igpad_guinea_bissau","EEU",0
"advision_lesotho","EEU",0
"cdg_liberia","EEU",0
"coef_resources","EEU",0
"csr_malawi","EEU",0
"great_mali","EEU",0
"sista_consult","EEU",0
"straconsult_mus","EEU",0
"gsc_morocco","EEU",0
"cs_research_moz","EEU",0
"survey_warehouse","EEU",0
"lasdel_niger","EEU",0
"cres_senegal","EEU",0
"igr_sierra_leone","EEU",0
"sudan_polling_center","EEU",0
"repoa_tanzania","EEU",0
"crpd_gambia","EEU",0
"crop_togo","EEU",0
"hatchile_uganda","EEU",0
"cesor_zambia","EEU",0
"smile_identity","EEU",1
"zindi","EEU",1
"kartoza","EEU",2
"geoterraimage","EEU",2
"spatial_collective","EEU",0
"ramani_huria","EEU",0
"farmerline","EEU",0
"esoko","EEU",1
"sunculture","EEU",0
"thriveagric","EEU",0
"mono_nigeria","EEU",0
"stitch_za","EEU",0
"metropol_kenya","EEU",0
"crc_credit_bureau","EEU",0
"africa_check","EEU",1
"dubawa","EEU",1
"ilara_health","EEU",0
"jacaranda_health","EEU",0
"reelforge","EEU",0
"prembly","EEU",1
"youverify","EEU",1
"data_science_nigeria","EEU",0
"icog_labs","EEU",1
"lesan_ai","EEU",0
"kobo360","EEU",2
"lori_systems","EEU",2
"irsm_algeria","EEU",0
"cread_algeria","EEU",0
"optimar","EEU",0
"orc_arastirma","EEU",0
"avrasya_arastirma","EEU",0
"genar","EEU",0
"yoneylem","EEU",0
"sonar_arastirma","EEU",0
"gezici_arastirma","EEU",0
"mak_danismanlik","EEU",0
"piar_arastirma","EEU",0
"insider_tr","EEU",1
"acrps_doha","EEU",0
"sesri_qatar","EEU",0
"qcri","EEU",1
"sdaia","EEU",0
"elm_saudi","EEU",0
"saudi_space_agency","EEU",0
"simah","EEU",0
"derasat","EEU",0
"cri_lebanon","EEU",0
"infopro_lebanon","EEU",1
"albayan_iraq","EEU",0
"mas_palestine","EEU",0
"altibbi","EEU",0
"maqsam","EEU",1
"el_zanaty","EEU",0
"i_score_egypt","EEU",0
"intella_ai","EEU",1
"marocmetrie","EEU",0
"aarc_international","EEU",0
"chifco","EEU",0
"m42","EEU",0
"aecb","EEU",0
"derq","EEU",0
"israel_democracy_institute","EEU",0
"zencity","EEU",1
"cognyte","EEU",2
"ahri_south_africa","EEU",0
"agincourt_wits","EEU",0
"saprin","EEU",0
"aphrc","EEU",0
"kemri_wellcome","EEU",0
"ifakara_health","EEU",0
"manhica_cisim","EEU",0
"mrc_gambia","EEU",0
"navrongo_hrc","EEU",0
"rakai_health","EEU",0
"malawi_liverpool_wellcome","EEU",0
"cidrz","EEU",0
"kersa_hdss","EEU",0
"nouna_crsn","EEU",0
"apcc","EEU",0
"h3africa","EEU",0
"hsrc","EEU",0
"saldru","EEU",0
"datafirst","EEU",0
"isser_ghana","EEU",0
"eprc_uganda","EEU",0
"esrf_tanzania","EEU",0
"csea_nigeria","EEU",0
"pesacheck","EEU",1
"freshly_ground_insights","EEU",0
"columinate","EEU",0
"persian_cohort","EEU",0
"golestan_cohort","EEU",0
"qatar_biobank","EEU",0
"moroccan_genome","EEU",0
"afristat","EEU",2
"statafric","EEU",2
"afdb_statistics","EEU",2
"sanbi","EEU",0
"africas_talking","EEU",0
"onafriq","EEU",0
"cellulant","EEU",0
"codesria","EEU",0
"aerc","EEU",0
"pasgr","EEU",0
"iss_africa","EEU",1
"nextier_spd","EEU",0
"heritage_institute","EEU",0
"zeparu","EEU",0
"bidpa","EEU",0
"ippr_namibia","EEU",0
"nkafu","EEU",0
"cires_ivoire","EEU",0
"iese_mozambique","EEU",0
"zipar","EEU",0
"riwi","EEU",2
"pricestats","EEU",1
"soundthinking","EEU",0
"alphonso","EEU",0
"opensignal","EEU",1
"nexar","EEU",0
"geodnet","EEU",1
"wingbits","EEU",1
"flightradar24","EEU",1
"karya","EEU",0
"airwars","EEU",1
"mnemonic","EEU",1
"forensic_architecture","EEU",2
"atlas_ai","EEU",2
"fraym","EEU",0
"rs_metrics","EEU",0
"yodlee","EEU",0
"empatica","EEU",0
"sonde_health","EEU",0
"origin_wireless","EEU",0
"vayyar","EEU",0
"bidgely","EEU",0
"wildlife_insights","EEU",1
"atlan_space","EEU",0
"cellebrite","EEU",3
"nso_group","EEU",3
"candiru","EEU",2
"paragon_solutions","EEU",2
"kando","EEU",0
"beehero","EEU",0
"seetree","EEU",2
"lean_technologies","EEU",0
"ushahidi","EEU",2
"sunbird_ai","EEU",0
"terragon","EEU",0
"zenvus","EEU",0
"dataphyte","EEU",0
"ipsos","RUS",1
"kantar","RUS",1
"niq","RUS",1
"circana","RUS",0
"gallup","RUS",2
"yougov","RUS",0
"morning_consult","RUS",0
"pew_research","RUS",1
"verian","RUS",0
"ipsos_mori_uk","RUS",0
"savanta","RUS",0
"system1_group","RUS",0
"euromonitor","RUS",2
"mintel","RUS",0
"statista","RUS",1
"m3_global_research","RUS",0
"escalent","RUS",0
"material_plus","RUS",0
"c_space","RUS",0
"hall_and_partners","RUS",0
"appinio","RUS",0
"attest","RUS",0
"zappi","RUS",0
"suzy","RUS",0
"glimpse_ai","RUS",0
"listen_labs","RUS",0
"strella","RUS",0
"outset_ai","RUS",0
"cint","RUS",1
"dynata","RUS",0
"toluna","RUS",0
"bilendi","RUS",0
"norstat","RUS",0
"prolific","RUS",0
"cloudresearch","RUS",0
"purespectrum","RUS",0
"innovate_mr","RUS",0
"prodege","RUS",0
"disqo","RUS",0
"rakuten_insight","RUS",0
"borderless_access","RUS",0
"milieu_insight","RUS",0
"respondent_io","RUS",0
"qualtrics","RUS",0
"surveymonkey","RUS",2
"alchemer","RUS",2
"forsta","RUS",2
"sawtooth_software","RUS",2
"surveycto","RUS",1
"kobotoolbox","RUS",1
"odk","RUS",1
"commcare_dimagi","RUS",0
"ona","RUS",1
"mwater","RUS",2
"redcap","RUS",1
"gorilla_sc","RUS",2
"credamo","RUS",0
"wenjuanxing","RUS",0
"one_to_one_tunisia","RUS",0
"sigma_conseil","RUS",0
"emrhod_consulting","RUS",0
"elka_consulting","RUS",0
"bjka_consulting","RUS",0
"lms_csa_maroc","RUS",0
"baseera_egypt","RUS",0
"pcpsr","RUS",0
"awrad","RUS",0
"nama_strategic","RUS",0
"css_jordan","RUS",0
"iiacss","RUS",0
"parc_dubai","RUS",0
"ispa_iran","RUS",0
"gamaan","RUS",0
"konda","RUS",0
"metropoll","RUS",0
"areda_survey","RUS",0
"midgam_israel","RUS",0
"ipanel_israel","RUS",0
"arab_barometer","RUS",0
"afrobarometer","RUS",0
"cdd_ghana","RUS",0
"ijr_south_africa","RUS",0
"ids_nairobi","RUS",0
"ireg_benin","RUS",0
"infotrak","RUS",0
"tifa_research","RUS",0
"consumer_insight_africa","RUS",0
"geopoll","RUS",0
"sagaci_research","RUS",0
"noipolls","RUS",0
"sbm_intelligence","RUS",0
"practical_sampling","RUS",0
"ask_afrika","RUS",0
"plus94_research","RUS",0
"citizen_surveys","RUS",0
"busara_center","RUS",0
"ipa_research","RUS",0
"jpal","RUS",0
"laterite","RUS",0
"sixty_decibels","RUS",0
"lokniti_csds","RUS",0
"cvoter","RUS",0
"axis_my_india","RUS",0
"hansa_research","RUS",0
"q_and_q_research","RUS",0
"outline_india","RUS",0
"gallup_pakistan","RUS",0
"lsi_indonesia","RUS",0
"smrc_indonesia","RUS",0
"indikator_politik","RUS",0
"sws_philippines","RUS",0
"pulse_asia","RUS",0
"cimigo","RUS",0
"q_and_me","RUS",0
"indochina_research","RUS",0
"deka_research","RUS",0
"macromill","RUS",0
"intage","RUS",0
"nikkei_research","RUS",0
"cross_marketing","RUS",0
"embrain","RUS",0
"hankook_research","RUS",0
"realmeter","RUS",0
"gallup_korea","RUS",0
"horizon_china","RUS",0
"ctr_china","RUS",0
"csm_media","RUS",0
"datafolha","RUS",0
"ipec_brasil","RUS",0
"quaest","RUS",0
"atlasintel","RUS",0
"consulta_mitofsky","RUS",0
"enkoll","RUS",0
"buendia_marquez","RUS",0
"cadem","RUS",0
"invamer","RUS",0
"datexco","RUS",0
"cid_gallup","RUS",0
"poliarquia","RUS",0
"latinobarometro","RUS",0
"lapop","RUS",0
"levada_center","RUS",3
"vciom","RUS",3
"fom_russia","RUS",3
"russian_field","RUS",3
"kiis","RUS",0
"rating_group","RUS",0
"razumkov_centre","RUS",0
"info_sapiens","RUS",0
"gradus_research","RUS",0
"crrc","RUS",1
"act_georgia","RUS",0
"central_asia_barometer","RUS",3
"m_vector","RUS",3
"siar_research","RUS",3
"ipm_belarus","RUS",3
"roy_morgan","RUS",0
"essential_research","RUS",0
"oztam","RUS",0
"barb_uk","RUS",0
"mediametrie","RUS",0
"barc_india","RUS",0
"video_research_jp","RUS",0
"numeris","RUS",0
"scale_ai","RUS",0
"surge_ai","RUS",0
"mercor","RUS",1
"handshake_ai","RUS",0
"micro1","RUS",1
"turing_com","RUS",1
"invisible_tech","RUS",0
"appen","RUS",1
"toloka","RUS",2
"telus_digital_ai","RUS",1
"imerit","RUS",0
"sama","RUS",0
"cloudfactory","RUS",0
"superannotate","RUS",0
"labelbox","RUS",0
"snorkel_ai","RUS",0
"encord","RUS",0
"v7_labs","RUS",0
"kili_technology","RUS",0
"dataloop","RUS",0
"roboflow","RUS",0
"defined_ai","RUS",0
"shaip","RUS",0
"innodata","RUS",0
"transperfect_dataforce","RUS",0
"speechocean","RUS",1
"datatang","RUS",0
"magic_data_tech","RUS",0
"dataannotation_tech","RUS",0
"pareto_ai","RUS",0
"mturk","RUS",0
"clickworker","RUS",1
"premise_data","RUS",1
"streetbees","RUS",1
"roamler","RUS",0
"field_agent","RUS",0
"gigwalk","RUS",0
"glg","RUS",0
"third_bridge","RUS",0
"guidepoint","RUS",0
"alphasense","RUS",0
"dialectica","RUS",0
"bright_data","RUS",2
"oxylabs","RUS",1
"decodo","RUS",1
"zyte","RUS",1
"apify","RUS",1
"firecrawl","RUS",1
"tavily","RUS",1
"diffbot","RUS",1
"common_crawl","RUS",3
"promptcloud","RUS",1
"grepsr","RUS",1
"nimble_data","RUS",1
"coresignal","RUS",1
"acxiom","RUS",0
"experian","RUS",0
"equifax","RUS",0
"transunion","RUS",0
"liveramp","RUS",0
"epsilon","RUS",0
"lexisnexis_risk","RUS",0
"dun_bradstreet","RUS",1
"cotality","RUS",0
"verisk","RUS",0
"crif","RUS",1
"serasa_experian","RUS",0
"spokeo","RUS",0
"safegraph","RUS",0
"placer_ai","RUS",0
"veraset","RUS",0
"unacast","RUS",0
"foursquare","RUS",0
"kochava_collective","RUS",0
"azira","RUS",0
"advan_research","RUS",0
"huq_industries","RUS",0
"predicio","RUS",0
"positium","RUS",1
"teralytics","RUS",0
"orange_flux_vision","RUS",0
"flowminder","RUS",0
"planet_labs","RUS",3
"vantor","RUS",3
"blacksky","RUS",3
"iceye","RUS",3
"satellogic","RUS",3
"capella_space","RUS",3
"umbra_space","RUS",3
"airbus_ds_geo","RUS",3
"spire_global","RUS",3
"ursa_space","RUS",3
"pixxel","RUS",3
"skyfi","RUS",3
"earthdaily","RUS",3
"satvu","RUS",3
"ghgsat","RUS",3
"kayrros","RUS",2
"descartes_labs","RUS",3
"spaceknow","RUS",3
"synspective","RUS",3
"axelspace","RUS",3
"changguang","RUS",3
"twentyone_at","RUS",3
"tomorrow_io","RUS",2
"windborne","RUS",2
"saildrone","RUS",2
"sofar_ocean","RUS",3
"jupiter_intelligence","RUS",2
"first_street","RUS",0
"fathom_global","RUS",2
"jba_risk","RUS",2
"moodys_rms","RUS",2
"mitiga_solutions","RUS",2
"climateai","RUS",2
"descartes_underwriting","RUS",2
"sylvera","RUS",2
"bezero_carbon","RUS",2
"carbon_mapper","RUS",2
"chloris_geospatial","RUS",2
"nielsen","RUS",0
"comscore","RUS",0
"samba_tv","RUS",0
"ispot_tv","RUS",0
"videoamp","RUS",0
"similarweb","RUS",2
"sensor_tower","RUS",2
"yipitdata","RUS",0
"m_science","RUS",0
"consumer_edge","RUS",0
"earnest_analytics","RUS",0
"facteus","RUS",0
"measurable_ai","RUS",0
"plaid","RUS",0
"tink","RUS",0
"kpler","RUS",3
"vortexa","RUS",3
"windward_ai","RUS",3
"panjiva","RUS",1
"importgenius","RUS",1
"iqvia","RUS",1
"komodo_health","RUS",0
"truveta","RUS",0
"healthverity","RUS",0
"tempus_ai","RUS",0
"datavant","RUS",0
"flatiron_health","RUS",0
"trinetx","RUS",1
"picnichealth","RUS",0
"evidation_health","RUS",0
"medidata","RUS",1
"veeva_crossix","RUS",0
"definitive_healthcare","RUS",0
"uk_biobank","RUS",0
"bgi_genomics","RUS",1
"samsara","RUS",0
"geotab","RUS",0
"inrix","RUS",0
"tomtom","RUS",1
"here_technologies","RUS",1
"cambridge_mobile","RUS",0
"arity","RUS",0
"smartcar","RUS",0
"high_mobility","RUS",0
"dataminr","RUS",2
"recorded_future","RUS",2
"meltwater","RUS",2
"brandwatch","RUS",2
"talkwalker","RUS",2
"sprinklr","RUS",2
"graphika","RUS",2
"babel_street","RUS",2
"sayari","RUS",3
"kharon","RUS",2
"janes","RUS",2
"acled","RUS",3
"gdelt","RUS",3
"bellingcat","RUS",2
"newsguard","RUS",1
"zoominfo","RUS",0
"apollo_io","RUS",1
"cognism","RUS",0
"lusha","RUS",1
"people_data_labs","RUS",0
"opencorporates","RUS",1
"moodys_bvd","RUS",2
"pitchbook","RUS",1
"crunchbase","RUS",1
"tracxn","RUS",1
"dealroom","RUS",1
"numerator","RUS",0
"profitero","RUS",1
"dataweave","RUS",0
"intelligence_node","RUS",1
"trax_retail","RUS",0
"dunnhumby","RUS",0
"eightyfour_51","RUS",0
"clearview_ai","RUS",1
"pimeyes","RUS",1
"tools_for_humanity","RUS",0
"yoti","RUS",0
"idemia","RUS",1
"sensetime","RUS",1
"megvii","RUS",1
"hikvision","RUS",2
"arab_advisors","RUS",0
"asdaa_bcw","RUS",0
"insight_discovery","RUS",0
"ventures_middle_east","RUS",0
"space42","RUS",3
"presight_ai","RUS",1
"lucidya","RUS",0
"mozn","RUS",0
"crowd_analyzer","RUS",0
"tarjama","RUS",0
"idsc_egypt","RUS",0
"rada_research","RUS",0
"statistics_lebanon","RUS",0
"information_international","RUS",0
"scpr_syria","RUS",0
"yemen_polling_center","RUS",0
"diwan_research","RUS",0
"immar_rc","RUS",0
"sunergia","RUS",0
"iranpoll","RUS",0
"turkiye_raporu","RUS",0
"geocartography","RUS",0
"near_east_consulting","RUS",0
"jmcc","RUS",0
"zogby_research","RUS",0
"reach_initiative","RUS",1
"acaps","RUS",2
"afriksurvey","RUS",0
"sagapoll","RUS",0
"dalberg_research","RUS",0
"stears","RUS",0
"datalens_africa","RUS",0
"creditregistry","RUS",0
"indicina","RUS",0
"africa_polling_institute","RUS",0
"global_infoanalytics","RUS",0
"amini","RUS",0
"research_solutions_africa","RUS",0
"msurvey","RUS",0
"echo_mobile","RUS",0
"viamo","RUS",0
"twaweza","RUS",0
"research_world_intl","RUS",0
"charis_uas","RUS",0
"digital_umuganda","RUS",0
"somali_public_agenda","RUS",0
"mpoi_zimbabwe","RUS",0
"social_research_foundation","RUS",0
"eighty20","RUS",0
"lightstone","RUS",0
"lelapa_ai","RUS",0
"masakhane","RUS",0
"awarri","RUS",0
"romir","RUS",3
"mediascope","RUS",3
"ipsos_comcon","RUS",3
"tiburon_research","RUS",3
"anketolog","RUS",3
"sberindex","RUS",3
"yandex_data","RUS",3
"baw_belarus","RUS",0
"bisam","RUS",3
"demoscope_kz","RUS",3
"ijtimoiy_fikr","RUS",3
"questmobile","RUS",0
"analysys_yiguan","RUS",0
"iimedia","RUS",0
"talkingdata","RUS",0
"aurora_mobile","RUS",0
"miaozhen_admaster","RUS",0
"qichacha","RUS",0
"tianyancha","RUS",0
"wind_information","RUS",0
"intron_health","RUS",0
"african_languages_lab","RUS",0
"aflabox","RUS",0
"tolbi","RUS",0
"soko_aerial","RUS",0
"geoinfotech","RUS",0
"helium_health","RUS",0
"pula","RUS",0
"apollo_agriculture","RUS",0
"hello_tractor","RUS",0
"mpharma","RUS",0
"ehealth_africa","RUS",0
"lacuna_fund","RUS",0
"makerere_ai","RUS",0
"cntxt_ai","RUS",0
"arabic_ai","RUS",0
"aydi","RUS",0
"widebot","RUS",0
"mawdoo3","RUS",0
"aaru","RUS",1
"simile","RUS",1
"conveo","RUS",0
"perspective_ai","RUS",0
"theysaid","RUS",0
"versive","RUS",0
"hivemapper","RUS",0
"dimo","RUS",0
"weatherxm","RUS",0
"nova_labs_helium","RUS",0
"safecast","RUS",0
"biobot","RUS",0
"verily","RUS",0
"wastewaterscan","RUS",0
"hawkeye_360","RUS",3
"unseenlabs","RUS",3
"kleos_space","RUS",3
"naturemetrics","RUS",2
"rainforest_connection","RUS",1
"fugro","RUS",3
"clarity_movement","RUS",2
"aclima","RUS",0
"nuview","RUS",3
"orbital_sidekick","RUS",3
"wyvern","RUS",3
"hydrosat","RUS",3
"muon_space","RUS",3
"myriota","RUS",0
"astrocast","RUS",0
"nearmap","RUS",2
"vexcel_imaging","RUS",2
"airqo","RUS",0
"code_for_africa","RUS",0
"aerobotics","RUS",2
"ujuzikilimo","RUS",0
"robocare","RUS",0
"astral_aerial","RUS",0
"earthranger","RUS",0
"falcon_eye_drones","RUS",0
"falcon_3d","RUS",0
"digital_earth_africa","RUS",0
"sansa","RUS",0
"nasrda","RUS",0
"egsa","RUS",0
"kenya_space_agency","RUS",0
"essti","RUS",0
"mbrsc","RUS",0
"tubitak_uzay","RUS",0
"imagesat","RUS",3
"taranis","RUS",2
"agritask","RUS",2
"asterra","RUS",3
"norc","RUS",0
"westat","RUS",0
"rti_international","RUS",0
"mathematica","RUS",0
"abt_global","RUS",0
"ssrs","RUS",0
"icf_international","RUS",0
"quinnipiac_poll","RUS",0
"marist_poll","RUS",0
"monmouth_poll","RUS",0
"siena_research","RUS",0
"emerson_polling","RUS",0
"surveyusa","RUS",0
"prri","RUS",0
"ap_norc","RUS",0
"civiqs","RUS",0
"echelon_insights","RUS",0
"data_for_progress","RUS",0
"cygnal","RUS",0
"leger","RUS",0
"angus_reid_institute","RUS",0
"nanos_research","RUS",0
"ekos_research","RUS",0
"abacus_data","RUS",0
"environics_research","RUS",0
"skywatch","RUS",3
"mda_space","RUS",3
"ecopia_ai","RUS",3
"farmers_edge","RUS",0
"deveron","RUS",0
"semios","RUS",0
"bluedot","RUS",2
"local_logic","RUS",0
"riskthinking_ai","RUS",2
"triton_digital","RUS",0
"descartes_datamyne","RUS",3
"browse_ai","RUS",1
"internet_archive","RUS",1
"exa_ai","RUS",1
"altana","RUS",3
"project44","RUS",3
"fourkites","RUS",3
"clear_secure","RUS",0
"id_me","RUS",0
"socure","RUS",0
"observa","RUS",0
"ookla","RUS",0
"purpleair","RUS",0
"motive","RUS",0
"lytx","RUS",0
"catalina_marketing","RUS",0
"inmar_intelligence","RUS",0
"data_axle","RUS",0
"bombora","RUS",1
"thinknum","RUS",0
"om1","RUS",0
"verana_health","RUS",0
"atropos_health","RUS",0
"aetion","RUS",0
"edison_research","RUS",0
"luminate_data","RUS",0
"flashpoint","RUS",2
"zignal_labs","RUS",2
"albedo","RUS",3
"centaur_labs","RUS",0
"fulcrum_app","RUS",2
"rep_data","RUS",0
"understanding_america","RUS",0
"forsa","RUS",0
"infratest_dimap","RUS",0
"allensbach","RUS",0
"civey","RUS",0
"insa_consulere","RUS",0
"infas","RUS",0
"gesis","RUS",0
"soep_diw","RUS",0
"ororatech","RUS",3
"liveeo","RUS",3
"constellr","RUS",3
"limesurvey","RUS",2
"agf_videoforschung","RUS",0
"ifop","RUS",0
"opinionway","RUS",0
"bva_xsight","RUS",0
"elabe","RUS",0
"odoxa","RUS",0
"csa_research","RUS",0
"credoc","RUS",0
"scrapingbee","RUS",1
"shippeo","RUS",2
"owkin","RUS",0
"doxa","RUS",0
"swg_italia","RUS",0
"cerved","RUS",0
"auditel_italia","RUS",0
"e_geos","RUS",3
"planetek_italia","RUS",2
"sigma_dos","RUS",0
"gad3","RUS",0
"metroscopia","RUS",0
"cuarenta_db","RUS",0
"kido_dynamics","RUS",0
"deimos_imaging","RUS",3
"marktest","RUS",0
"intercampus","RUS",0
"metron_analysis","RUS",0
"kapa_research","RUS",0
"marinetraffic","RUS",3
"kieskompas","RUS",0
"io_research","RUS",0
"motivaction","RUS",0
"nipo_nfield","RUS",2
"lifelines","RUS",0
"ivox","RUS",0
"sora_institute","RUS",0
"gfs_bern","RUS",0
"sotomo","RUS",0
"link_institut","RUS",0
"red_c","RUS",0
"epinion","RUS",0
"voxmeter","RUS",0
"novus","RUS",0
"taloustutkimus","RUS",0
"finngen","RUS",0
"decode_genetics","RUS",0
"signicat","RUS",0
"natcen","RUS",0
"understanding_society","RUS",0
"uk_data_service","RUS",0
"opinium","RUS",0
"survation","RUS",0
"deltapoll","RUS",0
"focaldata","RUS",0
"jl_partners","RUS",0
"more_in_common","RUS",0
"bmg_research","RUS",0
"signal_ai","RUS",2
"rezatec","RUS",2
"open_cosmos","RUS",3
"iproov","RUS",0
"truelayer","RUS",0
"yapily","RUS",0
"our_future_health","RUS",0
"lifebit","RUS",0
"ovilongwa","RUS",0
"star_awards_bwa","RUS",0
"igd_burkina","RUS",0
"gradis_burundi","RUS",0
"afrosondagem","RUS",0
"cible_cameroun","RUS",0
"laereag_tchad","RUS",0
"avenir_nepad_congo","RUS",0
"cofinco_comores","RUS",0
"zechlab","RUS",0
"qa_strategic_swz","RUS",0
"abcon_ethiopia","RUS",0
"cergep_gabon","RUS",0
"stat_view_guinea","RUS",0
"igpad_guinea_bissau","RUS",0
"advision_lesotho","RUS",0
"cdg_liberia","RUS",0
"coef_resources","RUS",0
"csr_malawi","RUS",0
"great_mali","RUS",0
"sista_consult","RUS",0
"straconsult_mus","RUS",0
"gsc_morocco","RUS",0
"cs_research_moz","RUS",0
"survey_warehouse","RUS",0
"lasdel_niger","RUS",0
"cres_senegal","RUS",0
"igr_sierra_leone","RUS",0
"sudan_polling_center","RUS",0
"repoa_tanzania","RUS",0
"crpd_gambia","RUS",0
"crop_togo","RUS",0
"hatchile_uganda","RUS",0
"cesor_zambia","RUS",0
"smile_identity","RUS",0
"zindi","RUS",0
"kartoza","RUS",1
"geoterraimage","RUS",2
"spatial_collective","RUS",0
"ramani_huria","RUS",0
"farmerline","RUS",0
"esoko","RUS",0
"sunculture","RUS",0
"thriveagric","RUS",0
"mono_nigeria","RUS",0
"stitch_za","RUS",0
"metropol_kenya","RUS",0
"crc_credit_bureau","RUS",0
"africa_check","RUS",1
"dubawa","RUS",1
"ilara_health","RUS",0
"jacaranda_health","RUS",0
"reelforge","RUS",0
"prembly","RUS",0
"youverify","RUS",0
"data_science_nigeria","RUS",0
"icog_labs","RUS",0
"lesan_ai","RUS",0
"kobo360","RUS",2
"lori_systems","RUS",2
"irsm_algeria","RUS",0
"cread_algeria","RUS",0
"optimar","RUS",0
"orc_arastirma","RUS",0
"avrasya_arastirma","RUS",0
"genar","RUS",0
"yoneylem","RUS",0
"sonar_arastirma","RUS",0
"gezici_arastirma","RUS",0
"mak_danismanlik","RUS",0
"piar_arastirma","RUS",0
"insider_tr","RUS",0
"acrps_doha","RUS",0
"sesri_qatar","RUS",0
"qcri","RUS",0
"sdaia","RUS",0
"elm_saudi","RUS",0
"saudi_space_agency","RUS",0
"simah","RUS",0
"derasat","RUS",0
"cri_lebanon","RUS",0
"infopro_lebanon","RUS",0
"albayan_iraq","RUS",0
"mas_palestine","RUS",0
"altibbi","RUS",0
"maqsam","RUS",0
"el_zanaty","RUS",0
"i_score_egypt","RUS",0
"intella_ai","RUS",0
"marocmetrie","RUS",0
"aarc_international","RUS",0
"chifco","RUS",0
"m42","RUS",0
"aecb","RUS",0
"derq","RUS",0
"israel_democracy_institute","RUS",0
"zencity","RUS",1
"cognyte","RUS",2
"ahri_south_africa","RUS",0
"agincourt_wits","RUS",0
"saprin","RUS",0
"aphrc","RUS",0
"kemri_wellcome","RUS",0
"ifakara_health","RUS",0
"manhica_cisim","RUS",0
"mrc_gambia","RUS",0
"navrongo_hrc","RUS",0
"rakai_health","RUS",0
"malawi_liverpool_wellcome","RUS",0
"cidrz","RUS",0
"kersa_hdss","RUS",0
"nouna_crsn","RUS",0
"apcc","RUS",0
"h3africa","RUS",0
"hsrc","RUS",0
"saldru","RUS",0
"datafirst","RUS",0
"isser_ghana","RUS",0
"eprc_uganda","RUS",0
"esrf_tanzania","RUS",0
"csea_nigeria","RUS",0
"pesacheck","RUS",1
"freshly_ground_insights","RUS",0
"columinate","RUS",0
"persian_cohort","RUS",0
"golestan_cohort","RUS",0
"qatar_biobank","RUS",0
"moroccan_genome","RUS",0
"afristat","RUS",1
"statafric","RUS",1
"afdb_statistics","RUS",1
"sanbi","RUS",0
"africas_talking","RUS",0
"onafriq","RUS",0
"cellulant","RUS",0
"codesria","RUS",0
"aerc","RUS",0
"pasgr","RUS",0
"iss_africa","RUS",1
"nextier_spd","RUS",0
"heritage_institute","RUS",0
"zeparu","RUS",0
"bidpa","RUS",0
"ippr_namibia","RUS",0
"nkafu","RUS",0
"cires_ivoire","RUS",0
"iese_mozambique","RUS",0
"zipar","RUS",0
"riwi","RUS",1
"pricestats","RUS",0
"soundthinking","RUS",0
"alphonso","RUS",0
"opensignal","RUS",0
"nexar","RUS",0
"geodnet","RUS",0
"wingbits","RUS",0
"flightradar24","RUS",0
"karya","RUS",0
"airwars","RUS",1
"mnemonic","RUS",1
"forensic_architecture","RUS",2
"atlas_ai","RUS",2
"fraym","RUS",0
"rs_metrics","RUS",0
"yodlee","RUS",0
"empatica","RUS",0
"sonde_health","RUS",0
"origin_wireless","RUS",0
"vayyar","RUS",0
"bidgely","RUS",0
"wildlife_insights","RUS",0
"atlan_space","RUS",0
"cellebrite","RUS",2
"nso_group","RUS",2
"candiru","RUS",1
"paragon_solutions","RUS",1
"kando","RUS",0
"beehero","RUS",0
"seetree","RUS",2
"lean_technologies","RUS",0
"ushahidi","RUS",1
"sunbird_ai","RUS",0
"terragon","RUS",0
"zenvus","RUS",0
"dataphyte","RUS",0
"ipsos","MENA",3
"kantar","MENA",2
"niq","MENA",2
"circana","MENA",0
"gallup","MENA",2
"yougov","MENA",2
"morning_consult","MENA",1
"pew_research","MENA",2
"verian","MENA",1
"ipsos_mori_uk","MENA",0
"savanta","MENA",1
"system1_group","MENA",1
"euromonitor","MENA",3
"mintel","MENA",0
"statista","MENA",2
"m3_global_research","MENA",1
"escalent","MENA",1
"material_plus","MENA",1
"c_space","MENA",1
"hall_and_partners","MENA",1
"appinio","MENA",1
"attest","MENA",1
"zappi","MENA",1
"suzy","MENA",0
"glimpse_ai","MENA",0
"listen_labs","MENA",1
"strella","MENA",0
"outset_ai","MENA",1
"cint","MENA",2
"dynata","MENA",1
"toluna","MENA",2
"bilendi","MENA",0
"norstat","MENA",0
"prolific","MENA",1
"cloudresearch","MENA",0
"purespectrum","MENA",0
"innovate_mr","MENA",0
"prodege","MENA",0
"disqo","MENA",0
"rakuten_insight","MENA",0
"borderless_access","MENA",2
"milieu_insight","MENA",0
"respondent_io","MENA",0
"qualtrics","MENA",2
"surveymonkey","MENA",3
"alchemer","MENA",3
"forsta","MENA",3
"sawtooth_software","MENA",3
"surveycto","MENA",3
"kobotoolbox","MENA",3
"odk","MENA",3
"commcare_dimagi","MENA",2
"ona","MENA",2
"mwater","MENA",3
"redcap","MENA",2
"gorilla_sc","MENA",3
"credamo","MENA",0
"wenjuanxing","MENA",0
"one_to_one_tunisia","MENA",3
"sigma_conseil","MENA",3
"emrhod_consulting","MENA",3
"elka_consulting","MENA",3
"bjka_consulting","MENA",3
"lms_csa_maroc","MENA",3
"baseera_egypt","MENA",3
"pcpsr","MENA",3
"awrad","MENA",3
"nama_strategic","MENA",3
"css_jordan","MENA",3
"iiacss","MENA",3
"parc_dubai","MENA",3
"ispa_iran","MENA",3
"gamaan","MENA",3
"konda","MENA",3
"metropoll","MENA",3
"areda_survey","MENA",3
"midgam_israel","MENA",3
"ipanel_israel","MENA",3
"arab_barometer","MENA",3
"afrobarometer","MENA",1
"cdd_ghana","MENA",0
"ijr_south_africa","MENA",0
"ids_nairobi","MENA",0
"ireg_benin","MENA",0
"infotrak","MENA",0
"tifa_research","MENA",0
"consumer_insight_africa","MENA",0
"geopoll","MENA",2
"sagaci_research","MENA",0
"noipolls","MENA",0
"sbm_intelligence","MENA",0
"practical_sampling","MENA",0
"ask_afrika","MENA",0
"plus94_research","MENA",0
"citizen_surveys","MENA",0
"busara_center","MENA",0
"ipa_research","MENA",1
"jpal","MENA",1
"laterite","MENA",0
"sixty_decibels","MENA",1
"lokniti_csds","MENA",0
"cvoter","MENA",0
"axis_my_india","MENA",0
"hansa_research","MENA",0
"q_and_q_research","MENA",0
"outline_india","MENA",0
"gallup_pakistan","MENA",0
"lsi_indonesia","MENA",0
"smrc_indonesia","MENA",0
"indikator_politik","MENA",0
"sws_philippines","MENA",0
"pulse_asia","MENA",0
"cimigo","MENA",0
"q_and_me","MENA",0
"indochina_research","MENA",0
"deka_research","MENA",0
"macromill","MENA",0
"intage","MENA",0
"nikkei_research","MENA",0
"cross_marketing","MENA",0
"embrain","MENA",0
"hankook_research","MENA",0
"realmeter","MENA",0
"gallup_korea","MENA",0
"horizon_china","MENA",0
"ctr_china","MENA",0
"csm_media","MENA",0
"datafolha","MENA",0
"ipec_brasil","MENA",0
"quaest","MENA",0
"atlasintel","MENA",1
"consulta_mitofsky","MENA",0
"enkoll","MENA",0
"buendia_marquez","MENA",0
"cadem","MENA",0
"invamer","MENA",0
"datexco","MENA",0
"cid_gallup","MENA",0
"poliarquia","MENA",0
"latinobarometro","MENA",0
"lapop","MENA",0
"levada_center","MENA",0
"vciom","MENA",0
"fom_russia","MENA",0
"russian_field","MENA",0
"kiis","MENA",0
"rating_group","MENA",0
"razumkov_centre","MENA",0
"info_sapiens","MENA",0
"gradus_research","MENA",0
"crrc","MENA",1
"act_georgia","MENA",0
"central_asia_barometer","MENA",0
"m_vector","MENA",0
"siar_research","MENA",0
"ipm_belarus","MENA",0
"roy_morgan","MENA",0
"essential_research","MENA",0
"oztam","MENA",0
"barb_uk","MENA",0
"mediametrie","MENA",0
"barc_india","MENA",0
"video_research_jp","MENA",0
"numeris","MENA",0
"scale_ai","MENA",1
"surge_ai","MENA",1
"mercor","MENA",1
"handshake_ai","MENA",0
"micro1","MENA",1
"turing_com","MENA",1
"invisible_tech","MENA",1
"appen","MENA",2
"toloka","MENA",2
"telus_digital_ai","MENA",2
"imerit","MENA",0
"sama","MENA",0
"cloudfactory","MENA",0
"superannotate","MENA",1
"labelbox","MENA",1
"snorkel_ai","MENA",0
"encord","MENA",0
"v7_labs","MENA",0
"kili_technology","MENA",0
"dataloop","MENA",2
"roboflow","MENA",1
"defined_ai","MENA",1
"shaip","MENA",0
"innodata","MENA",0
"transperfect_dataforce","MENA",1
"speechocean","MENA",1
"datatang","MENA",0
"magic_data_tech","MENA",0
"dataannotation_tech","MENA",0
"pareto_ai","MENA",0
"mturk","MENA",0
"clickworker","MENA",1
"premise_data","MENA",3
"streetbees","MENA",1
"roamler","MENA",0
"field_agent","MENA",0
"gigwalk","MENA",0
"glg","MENA",1
"third_bridge","MENA",1
"guidepoint","MENA",1
"alphasense","MENA",1
"dialectica","MENA",1
"bright_data","MENA",3
"oxylabs","MENA",2
"decodo","MENA",2
"zyte","MENA",2
"apify","MENA",2
"firecrawl","MENA",2
"tavily","MENA",2
"diffbot","MENA",2
"common_crawl","MENA",3
"promptcloud","MENA",2
"grepsr","MENA",2
"nimble_data","MENA",2
"coresignal","MENA",1
"acxiom","MENA",0
"experian","MENA",1
"equifax","MENA",0
"transunion","MENA",0
"liveramp","MENA",0
"epsilon","MENA",0
"lexisnexis_risk","MENA",1
"dun_bradstreet","MENA",2
"cotality","MENA",0
"verisk","MENA",1
"crif","MENA",1
"serasa_experian","MENA",0
"spokeo","MENA",0
"safegraph","MENA",1
"placer_ai","MENA",0
"veraset","MENA",0
"unacast","MENA",0
"foursquare","MENA",1
"kochava_collective","MENA",1
"azira","MENA",1
"advan_research","MENA",0
"huq_industries","MENA",0
"predicio","MENA",0
"positium","MENA",1
"teralytics","MENA",1
"orange_flux_vision","MENA",2
"flowminder","MENA",1
"planet_labs","MENA",3
"vantor","MENA",3
"blacksky","MENA",3
"iceye","MENA",3
"satellogic","MENA",3
"capella_space","MENA",3
"umbra_space","MENA",3
"airbus_ds_geo","MENA",3
"spire_global","MENA",3
"ursa_space","MENA",3
"pixxel","MENA",3
"skyfi","MENA",3
"earthdaily","MENA",3
"satvu","MENA",3
"ghgsat","MENA",3
"kayrros","MENA",2
"descartes_labs","MENA",3
"spaceknow","MENA",3
"synspective","MENA",3
"axelspace","MENA",3
"changguang","MENA",3
"twentyone_at","MENA",3
"tomorrow_io","MENA",2
"windborne","MENA",2
"saildrone","MENA",2
"sofar_ocean","MENA",3
"jupiter_intelligence","MENA",2
"first_street","MENA",0
"fathom_global","MENA",2
"jba_risk","MENA",2
"moodys_rms","MENA",2
"mitiga_solutions","MENA",2
"climateai","MENA",2
"descartes_underwriting","MENA",2
"sylvera","MENA",2
"bezero_carbon","MENA",2
"carbon_mapper","MENA",2
"chloris_geospatial","MENA",2
"nielsen","MENA",1
"comscore","MENA",1
"samba_tv","MENA",0
"ispot_tv","MENA",0
"videoamp","MENA",0
"similarweb","MENA",3
"sensor_tower","MENA",3
"yipitdata","MENA",0
"m_science","MENA",0
"consumer_edge","MENA",0
"earnest_analytics","MENA",0
"facteus","MENA",0
"measurable_ai","MENA",2
"plaid","MENA",0
"tink","MENA",0
"kpler","MENA",3
"vortexa","MENA",3
"windward_ai","MENA",3
"panjiva","MENA",1
"importgenius","MENA",1
"iqvia","MENA",1
"komodo_health","MENA",0
"truveta","MENA",0
"healthverity","MENA",0
"tempus_ai","MENA",0
"datavant","MENA",0
"flatiron_health","MENA",0
"trinetx","MENA",1
"picnichealth","MENA",0
"evidation_health","MENA",0
"medidata","MENA",2
"veeva_crossix","MENA",0
"definitive_healthcare","MENA",0
"uk_biobank","MENA",0
"bgi_genomics","MENA",1
"samsara","MENA",0
"geotab","MENA",1
"inrix","MENA",1
"tomtom","MENA",2
"here_technologies","MENA",2
"cambridge_mobile","MENA",0
"arity","MENA",0
"smartcar","MENA",0
"high_mobility","MENA",0
"dataminr","MENA",2
"recorded_future","MENA",2
"meltwater","MENA",2
"brandwatch","MENA",2
"talkwalker","MENA",2
"sprinklr","MENA",2
"graphika","MENA",2
"babel_street","MENA",2
"sayari","MENA",3
"kharon","MENA",2
"janes","MENA",2
"acled","MENA",3
"gdelt","MENA",3
"bellingcat","MENA",2
"newsguard","MENA",1
"zoominfo","MENA",1
"apollo_io","MENA",1
"cognism","MENA",0
"lusha","MENA",1
"people_data_labs","MENA",1
"opencorporates","MENA",1
"moodys_bvd","MENA",2
"pitchbook","MENA",1
"crunchbase","MENA",1
"tracxn","MENA",1
"dealroom","MENA",1
"numerator","MENA",0
"profitero","MENA",1
"dataweave","MENA",0
"intelligence_node","MENA",1
"trax_retail","MENA",2
"dunnhumby","MENA",0
"eightyfour_51","MENA",0
"clearview_ai","MENA",2
"pimeyes","MENA",2
"tools_for_humanity","MENA",1
"yoti","MENA",1
"idemia","MENA",3
"sensetime","MENA",2
"megvii","MENA",1
"hikvision","MENA",3
"arab_advisors","MENA",3
"asdaa_bcw","MENA",3
"insight_discovery","MENA",3
"ventures_middle_east","MENA",3
"space42","MENA",3
"presight_ai","MENA",2
"lucidya","MENA",3
"mozn","MENA",3
"crowd_analyzer","MENA",3
"tarjama","MENA",3
"idsc_egypt","MENA",3
"rada_research","MENA",3
"statistics_lebanon","MENA",3
"information_international","MENA",3
"scpr_syria","MENA",3
"yemen_polling_center","MENA",3
"diwan_research","MENA",3
"immar_rc","MENA",3
"sunergia","MENA",3
"iranpoll","MENA",3
"turkiye_raporu","MENA",3
"geocartography","MENA",3
"near_east_consulting","MENA",3
"jmcc","MENA",3
"zogby_research","MENA",3
"reach_initiative","MENA",3
"acaps","MENA",3
"afriksurvey","MENA",0
"sagapoll","MENA",0
"dalberg_research","MENA",0
"stears","MENA",0
"datalens_africa","MENA",0
"creditregistry","MENA",0
"indicina","MENA",0
"africa_polling_institute","MENA",0
"global_infoanalytics","MENA",0
"amini","MENA",0
"research_solutions_africa","MENA",0
"msurvey","MENA",0
"echo_mobile","MENA",0
"viamo","MENA",1
"twaweza","MENA",0
"research_world_intl","MENA",0
"charis_uas","MENA",0
"digital_umuganda","MENA",0
"somali_public_agenda","MENA",0
"mpoi_zimbabwe","MENA",0
"social_research_foundation","MENA",0
"eighty20","MENA",0
"lightstone","MENA",0
"lelapa_ai","MENA",0
"masakhane","MENA",0
"awarri","MENA",0
"romir","MENA",0
"mediascope","MENA",0
"ipsos_comcon","MENA",0
"tiburon_research","MENA",0
"anketolog","MENA",0
"sberindex","MENA",0
"yandex_data","MENA",0
"baw_belarus","MENA",0
"bisam","MENA",0
"demoscope_kz","MENA",0
"ijtimoiy_fikr","MENA",0
"questmobile","MENA",0
"analysys_yiguan","MENA",0
"iimedia","MENA",0
"talkingdata","MENA",0
"aurora_mobile","MENA",0
"miaozhen_admaster","MENA",0
"qichacha","MENA",0
"tianyancha","MENA",0
"wind_information","MENA",0
"intron_health","MENA",0
"african_languages_lab","MENA",0
"aflabox","MENA",0
"tolbi","MENA",0
"soko_aerial","MENA",0
"geoinfotech","MENA",0
"helium_health","MENA",0
"pula","MENA",0
"apollo_agriculture","MENA",0
"hello_tractor","MENA",0
"mpharma","MENA",0
"ehealth_africa","MENA",0
"lacuna_fund","MENA",0
"makerere_ai","MENA",0
"cntxt_ai","MENA",3
"arabic_ai","MENA",3
"aydi","MENA",3
"widebot","MENA",3
"mawdoo3","MENA",3
"aaru","MENA",2
"simile","MENA",2
"conveo","MENA",1
"perspective_ai","MENA",1
"theysaid","MENA",1
"versive","MENA",1
"hivemapper","MENA",1
"dimo","MENA",0
"weatherxm","MENA",1
"nova_labs_helium","MENA",1
"safecast","MENA",1
"biobot","MENA",0
"verily","MENA",0
"wastewaterscan","MENA",0
"hawkeye_360","MENA",3
"unseenlabs","MENA",3
"kleos_space","MENA",3
"naturemetrics","MENA",2
"rainforest_connection","MENA",1
"fugro","MENA",3
"clarity_movement","MENA",2
"aclima","MENA",0
"nuview","MENA",3
"orbital_sidekick","MENA",3
"wyvern","MENA",3
"hydrosat","MENA",3
"muon_space","MENA",3
"myriota","MENA",1
"astrocast","MENA",1
"nearmap","MENA",2
"vexcel_imaging","MENA",2
"airqo","MENA",0
"code_for_africa","MENA",0
"aerobotics","MENA",2
"ujuzikilimo","MENA",0
"robocare","MENA",3
"astral_aerial","MENA",0
"earthranger","MENA",0
"falcon_eye_drones","MENA",3
"falcon_3d","MENA",3
"digital_earth_africa","MENA",0
"sansa","MENA",0
"nasrda","MENA",0
"egsa","MENA",3
"kenya_space_agency","MENA",0
"essti","MENA",0
"mbrsc","MENA",3
"tubitak_uzay","MENA",3
"imagesat","MENA",3
"taranis","MENA",2
"agritask","MENA",2
"asterra","MENA",3
"norc","MENA",1
"westat","MENA",0
"rti_international","MENA",1
"mathematica","MENA",0
"abt_global","MENA",1
"ssrs","MENA",0
"icf_international","MENA",2
"quinnipiac_poll","MENA",0
"marist_poll","MENA",0
"monmouth_poll","MENA",0
"siena_research","MENA",0
"emerson_polling","MENA",0
"surveyusa","MENA",0
"prri","MENA",0
"ap_norc","MENA",0
"civiqs","MENA",0
"echelon_insights","MENA",0
"data_for_progress","MENA",0
"cygnal","MENA",0
"leger","MENA",0
"angus_reid_institute","MENA",0
"nanos_research","MENA",0
"ekos_research","MENA",0
"abacus_data","MENA",0
"environics_research","MENA",0
"skywatch","MENA",3
"mda_space","MENA",3
"ecopia_ai","MENA",3
"farmers_edge","MENA",0
"deveron","MENA",0
"semios","MENA",0
"bluedot","MENA",2
"local_logic","MENA",0
"riskthinking_ai","MENA",2
"triton_digital","MENA",1
"descartes_datamyne","MENA",3
"browse_ai","MENA",2
"internet_archive","MENA",2
"exa_ai","MENA",2
"altana","MENA",3
"project44","MENA",3
"fourkites","MENA",3
"clear_secure","MENA",0
"id_me","MENA",0
"socure","MENA",0
"observa","MENA",0
"ookla","MENA",1
"purpleair","MENA",1
"motive","MENA",0
"lytx","MENA",0
"catalina_marketing","MENA",0
"inmar_intelligence","MENA",0
"data_axle","MENA",0
"bombora","MENA",1
"thinknum","MENA",0
"om1","MENA",0
"verana_health","MENA",0
"atropos_health","MENA",0
"aetion","MENA",0
"edison_research","MENA",0
"luminate_data","MENA",1
"flashpoint","MENA",2
"zignal_labs","MENA",2
"albedo","MENA",3
"centaur_labs","MENA",1
"fulcrum_app","MENA",3
"rep_data","MENA",1
"understanding_america","MENA",0
"forsa","MENA",0
"infratest_dimap","MENA",0
"allensbach","MENA",0
"civey","MENA",0
"insa_consulere","MENA",0
"infas","MENA",0
"gesis","MENA",1
"soep_diw","MENA",0
"ororatech","MENA",3
"liveeo","MENA",3
"constellr","MENA",3
"limesurvey","MENA",3
"agf_videoforschung","MENA",0
"ifop","MENA",1
"opinionway","MENA",0
"bva_xsight","MENA",1
"elabe","MENA",0
"odoxa","MENA",0
"csa_research","MENA",0
"credoc","MENA",0
"scrapingbee","MENA",2
"shippeo","MENA",2
"owkin","MENA",0
"doxa","MENA",0
"swg_italia","MENA",0
"cerved","MENA",0
"auditel_italia","MENA",0
"e_geos","MENA",3
"planetek_italia","MENA",2
"sigma_dos","MENA",1
"gad3","MENA",1
"metroscopia","MENA",0
"cuarenta_db","MENA",0
"kido_dynamics","MENA",0
"deimos_imaging","MENA",3
"marktest","MENA",0
"intercampus","MENA",0
"metron_analysis","MENA",0
"kapa_research","MENA",0
"marinetraffic","MENA",3
"kieskompas","MENA",1
"io_research","MENA",0
"motivaction","MENA",0
"nipo_nfield","MENA",3
"lifelines","MENA",0
"ivox","MENA",0
"sora_institute","MENA",0
"gfs_bern","MENA",0
"sotomo","MENA",0
"link_institut","MENA",0
"red_c","MENA",0
"epinion","MENA",1
"voxmeter","MENA",0
"novus","MENA",0
"taloustutkimus","MENA",0
"finngen","MENA",0
"decode_genetics","MENA",0
"signicat","MENA",1
"natcen","MENA",0
"understanding_society","MENA",0
"uk_data_service","MENA",0
"opinium","MENA",1
"survation","MENA",0
"deltapoll","MENA",0
"focaldata","MENA",1
"jl_partners","MENA",1
"more_in_common","MENA",1
"bmg_research","MENA",0
"signal_ai","MENA",2
"rezatec","MENA",2
"open_cosmos","MENA",3
"iproov","MENA",1
"truelayer","MENA",0
"yapily","MENA",0
"our_future_health","MENA",0
"lifebit","MENA",0
"ovilongwa","MENA",0
"star_awards_bwa","MENA",0
"igd_burkina","MENA",0
"gradis_burundi","MENA",0
"afrosondagem","MENA",0
"cible_cameroun","MENA",0
"laereag_tchad","MENA",0
"avenir_nepad_congo","MENA",0
"cofinco_comores","MENA",0
"zechlab","MENA",0
"qa_strategic_swz","MENA",0
"abcon_ethiopia","MENA",0
"cergep_gabon","MENA",0
"stat_view_guinea","MENA",0
"igpad_guinea_bissau","MENA",0
"advision_lesotho","MENA",0
"cdg_liberia","MENA",0
"coef_resources","MENA",0
"csr_malawi","MENA",0
"great_mali","MENA",0
"sista_consult","MENA",0
"straconsult_mus","MENA",0
"gsc_morocco","MENA",3
"cs_research_moz","MENA",0
"survey_warehouse","MENA",0
"lasdel_niger","MENA",0
"cres_senegal","MENA",0
"igr_sierra_leone","MENA",0
"sudan_polling_center","MENA",3
"repoa_tanzania","MENA",0
"crpd_gambia","MENA",0
"crop_togo","MENA",0
"hatchile_uganda","MENA",0
"cesor_zambia","MENA",0
"smile_identity","MENA",1
"zindi","MENA",0
"kartoza","MENA",2
"geoterraimage","MENA",2
"spatial_collective","MENA",0
"ramani_huria","MENA",0
"farmerline","MENA",0
"esoko","MENA",0
"sunculture","MENA",0
"thriveagric","MENA",0
"mono_nigeria","MENA",0
"stitch_za","MENA",0
"metropol_kenya","MENA",0
"crc_credit_bureau","MENA",0
"africa_check","MENA",1
"dubawa","MENA",1
"ilara_health","MENA",0
"jacaranda_health","MENA",0
"reelforge","MENA",0
"prembly","MENA",1
"youverify","MENA",1
"data_science_nigeria","MENA",0
"icog_labs","MENA",0
"lesan_ai","MENA",0
"kobo360","MENA",2
"lori_systems","MENA",2
"irsm_algeria","MENA",3
"cread_algeria","MENA",3
"optimar","MENA",3
"orc_arastirma","MENA",3
"avrasya_arastirma","MENA",3
"genar","MENA",3
"yoneylem","MENA",3
"sonar_arastirma","MENA",3
"gezici_arastirma","MENA",3
"mak_danismanlik","MENA",3
"piar_arastirma","MENA",3
"insider_tr","MENA",1
"acrps_doha","MENA",3
"sesri_qatar","MENA",3
"qcri","MENA",2
"sdaia","MENA",3
"elm_saudi","MENA",3
"saudi_space_agency","MENA",3
"simah","MENA",3
"derasat","MENA",3
"cri_lebanon","MENA",3
"infopro_lebanon","MENA",2
"albayan_iraq","MENA",3
"mas_palestine","MENA",3
"altibbi","MENA",2
"maqsam","MENA",2
"el_zanaty","MENA",3
"i_score_egypt","MENA",3
"intella_ai","MENA",2
"marocmetrie","MENA",3
"aarc_international","MENA",3
"chifco","MENA",2
"m42","MENA",2
"aecb","MENA",3
"derq","MENA",2
"israel_democracy_institute","MENA",3
"zencity","MENA",2
"cognyte","MENA",2
"ahri_south_africa","MENA",0
"agincourt_wits","MENA",0
"saprin","MENA",0
"aphrc","MENA",1
"kemri_wellcome","MENA",0
"ifakara_health","MENA",0
"manhica_cisim","MENA",0
"mrc_gambia","MENA",0
"navrongo_hrc","MENA",0
"rakai_health","MENA",0
"malawi_liverpool_wellcome","MENA",0
"cidrz","MENA",0
"kersa_hdss","MENA",0
"nouna_crsn","MENA",0
"apcc","MENA",1
"h3africa","MENA",0
"hsrc","MENA",0
"saldru","MENA",0
"datafirst","MENA",1
"isser_ghana","MENA",0
"eprc_uganda","MENA",0
"esrf_tanzania","MENA",0
"csea_nigeria","MENA",0
"pesacheck","MENA",1
"freshly_ground_insights","MENA",0
"columinate","MENA",0
"persian_cohort","MENA",3
"golestan_cohort","MENA",3
"qatar_biobank","MENA",3
"moroccan_genome","MENA",3
"afristat","MENA",2
"statafric","MENA",2
"afdb_statistics","MENA",2
"sanbi","MENA",0
"africas_talking","MENA",0
"onafriq","MENA",0
"cellulant","MENA",0
"codesria","MENA",1
"aerc","MENA",0
"pasgr","MENA",0
"iss_africa","MENA",1
"nextier_spd","MENA",0
"heritage_institute","MENA",0
"zeparu","MENA",0
"bidpa","MENA",0
"ippr_namibia","MENA",0
"nkafu","MENA",0
"cires_ivoire","MENA",0
"iese_mozambique","MENA",0
"zipar","MENA",0
"riwi","MENA",2
"pricestats","MENA",0
"soundthinking","MENA",0
"alphonso","MENA",0
"opensignal","MENA",1
"nexar","MENA",2
"geodnet","MENA",1
"wingbits","MENA",1
"flightradar24","MENA",1
"karya","MENA",0
"airwars","MENA",1
"mnemonic","MENA",1
"forensic_architecture","MENA",2
"atlas_ai","MENA",2
"fraym","MENA",0
"rs_metrics","MENA",0
"yodlee","MENA",0
"empatica","MENA",0
"sonde_health","MENA",0
"origin_wireless","MENA",0
"vayyar","MENA",2
"bidgely","MENA",0
"wildlife_insights","MENA",1
"atlan_space","MENA",3
"cellebrite","MENA",3
"nso_group","MENA",3
"candiru","MENA",2
"paragon_solutions","MENA",2
"kando","MENA",2
"beehero","MENA",2
"seetree","MENA",2
"lean_technologies","MENA",3
"ushahidi","MENA",1
"sunbird_ai","MENA",0
"terragon","MENA",0
"zenvus","MENA",0
"dataphyte","MENA",0
"ipsos","SSA",2
"kantar","SSA",2
"niq","SSA",2
"circana","SSA",0
"gallup","SSA",2
"yougov","SSA",1
"morning_consult","SSA",1
"pew_research","SSA",2
"verian","SSA",1
"ipsos_mori_uk","SSA",0
"savanta","SSA",1
"system1_group","SSA",1
"euromonitor","SSA",2
"mintel","SSA",0
"statista","SSA",2
"m3_global_research","SSA",1
"escalent","SSA",1
"material_plus","SSA",1
"c_space","SSA",1
"hall_and_partners","SSA",1
"appinio","SSA",1
"attest","SSA",1
"zappi","SSA",1
"suzy","SSA",0
"glimpse_ai","SSA",0
"listen_labs","SSA",1
"strella","SSA",0
"outset_ai","SSA",1
"cint","SSA",1
"dynata","SSA",1
"toluna","SSA",1
"bilendi","SSA",0
"norstat","SSA",0
"prolific","SSA",0
"cloudresearch","SSA",0
"purespectrum","SSA",0
"innovate_mr","SSA",0
"prodege","SSA",0
"disqo","SSA",0
"rakuten_insight","SSA",0
"borderless_access","SSA",2
"milieu_insight","SSA",0
"respondent_io","SSA",0
"qualtrics","SSA",1
"surveymonkey","SSA",3
"alchemer","SSA",3
"forsta","SSA",3
"sawtooth_software","SSA",3
"surveycto","SSA",3
"kobotoolbox","SSA",3
"odk","SSA",3
"commcare_dimagi","SSA",3
"ona","SSA",2
"mwater","SSA",3
"redcap","SSA",2
"gorilla_sc","SSA",3
"credamo","SSA",0
"wenjuanxing","SSA",0
"one_to_one_tunisia","SSA",0
"sigma_conseil","SSA",0
"emrhod_consulting","SSA",0
"elka_consulting","SSA",0
"bjka_consulting","SSA",0
"lms_csa_maroc","SSA",0
"baseera_egypt","SSA",0
"pcpsr","SSA",0
"awrad","SSA",0
"nama_strategic","SSA",0
"css_jordan","SSA",0
"iiacss","SSA",0
"parc_dubai","SSA",0
"ispa_iran","SSA",0
"gamaan","SSA",0
"konda","SSA",0
"metropoll","SSA",0
"areda_survey","SSA",0
"midgam_israel","SSA",0
"ipanel_israel","SSA",0
"arab_barometer","SSA",1
"afrobarometer","SSA",3
"cdd_ghana","SSA",3
"ijr_south_africa","SSA",3
"ids_nairobi","SSA",3
"ireg_benin","SSA",3
"infotrak","SSA",3
"tifa_research","SSA",3
"consumer_insight_africa","SSA",3
"geopoll","SSA",3
"sagaci_research","SSA",3
"noipolls","SSA",3
"sbm_intelligence","SSA",3
"practical_sampling","SSA",3
"ask_afrika","SSA",3
"plus94_research","SSA",3
"citizen_surveys","SSA",3
"busara_center","SSA",3
"ipa_research","SSA",3
"jpal","SSA",3
"laterite","SSA",3
"sixty_decibels","SSA",3
"lokniti_csds","SSA",0
"cvoter","SSA",0
"axis_my_india","SSA",0
"hansa_research","SSA",0
"q_and_q_research","SSA",0
"outline_india","SSA",0
"gallup_pakistan","SSA",0
"lsi_indonesia","SSA",0
"smrc_indonesia","SSA",0
"indikator_politik","SSA",0
"sws_philippines","SSA",0
"pulse_asia","SSA",0
"cimigo","SSA",0
"q_and_me","SSA",0
"indochina_research","SSA",0
"deka_research","SSA",0
"macromill","SSA",0
"intage","SSA",0
"nikkei_research","SSA",0
"cross_marketing","SSA",0
"embrain","SSA",0
"hankook_research","SSA",0
"realmeter","SSA",0
"gallup_korea","SSA",0
"horizon_china","SSA",0
"ctr_china","SSA",0
"csm_media","SSA",0
"datafolha","SSA",0
"ipec_brasil","SSA",0
"quaest","SSA",0
"atlasintel","SSA",0
"consulta_mitofsky","SSA",0
"enkoll","SSA",0
"buendia_marquez","SSA",0
"cadem","SSA",0
"invamer","SSA",0
"datexco","SSA",0
"cid_gallup","SSA",0
"poliarquia","SSA",0
"latinobarometro","SSA",0
"lapop","SSA",0
"levada_center","SSA",0
"vciom","SSA",0
"fom_russia","SSA",0
"russian_field","SSA",0
"kiis","SSA",0
"rating_group","SSA",0
"razumkov_centre","SSA",0
"info_sapiens","SSA",0
"gradus_research","SSA",0
"crrc","SSA",0
"act_georgia","SSA",0
"central_asia_barometer","SSA",0
"m_vector","SSA",0
"siar_research","SSA",0
"ipm_belarus","SSA",0
"roy_morgan","SSA",0
"essential_research","SSA",0
"oztam","SSA",0
"barb_uk","SSA",0
"mediametrie","SSA",0
"barc_india","SSA",0
"video_research_jp","SSA",0
"numeris","SSA",0
"scale_ai","SSA",1
"surge_ai","SSA",1
"mercor","SSA",1
"handshake_ai","SSA",0
"micro1","SSA",1
"turing_com","SSA",1
"invisible_tech","SSA",1
"appen","SSA",2
"toloka","SSA",2
"telus_digital_ai","SSA",2
"imerit","SSA",1
"sama","SSA",3
"cloudfactory","SSA",2
"superannotate","SSA",1
"labelbox","SSA",1
"snorkel_ai","SSA",0
"encord","SSA",0
"v7_labs","SSA",0
"kili_technology","SSA",0
"dataloop","SSA",0
"roboflow","SSA",1
"defined_ai","SSA",1
"shaip","SSA",0
"innodata","SSA",0
"transperfect_dataforce","SSA",1
"speechocean","SSA",1
"datatang","SSA",0
"magic_data_tech","SSA",0
"dataannotation_tech","SSA",0
"pareto_ai","SSA",0
"mturk","SSA",0
"clickworker","SSA",1
"premise_data","SSA",3
"streetbees","SSA",1
"roamler","SSA",0
"field_agent","SSA",0
"gigwalk","SSA",0
"glg","SSA",0
"third_bridge","SSA",0
"guidepoint","SSA",0
"alphasense","SSA",0
"dialectica","SSA",0
"bright_data","SSA",2
"oxylabs","SSA",1
"decodo","SSA",1
"zyte","SSA",1
"apify","SSA",1
"firecrawl","SSA",1
"tavily","SSA",1
"diffbot","SSA",1
"common_crawl","SSA",2
"promptcloud","SSA",1
"grepsr","SSA",1
"nimble_data","SSA",1
"coresignal","SSA",1
"acxiom","SSA",0
"experian","SSA",1
"equifax","SSA",1
"transunion","SSA",1
"liveramp","SSA",0
"epsilon","SSA",0
"lexisnexis_risk","SSA",1
"dun_bradstreet","SSA",1
"cotality","SSA",0
"verisk","SSA",0
"crif","SSA",0
"serasa_experian","SSA",0
"spokeo","SSA",0
"safegraph","SSA",1
"placer_ai","SSA",0
"veraset","SSA",0
"unacast","SSA",0
"foursquare","SSA",1
"kochava_collective","SSA",1
"azira","SSA",0
"advan_research","SSA",0
"huq_industries","SSA",0
"predicio","SSA",0
"positium","SSA",1
"teralytics","SSA",0
"orange_flux_vision","SSA",2
"flowminder","SSA",3
"planet_labs","SSA",3
"vantor","SSA",3
"blacksky","SSA",3
"iceye","SSA",3
"satellogic","SSA",3
"capella_space","SSA",3
"umbra_space","SSA",3
"airbus_ds_geo","SSA",3
"spire_global","SSA",3
"ursa_space","SSA",3
"pixxel","SSA",3
"skyfi","SSA",3
"earthdaily","SSA",3
"satvu","SSA",3
"ghgsat","SSA",3
"kayrros","SSA",2
"descartes_labs","SSA",3
"spaceknow","SSA",3
"synspective","SSA",3
"axelspace","SSA",3
"changguang","SSA",3
"twentyone_at","SSA",3
"tomorrow_io","SSA",2
"windborne","SSA",2
"saildrone","SSA",2
"sofar_ocean","SSA",3
"jupiter_intelligence","SSA",2
"first_street","SSA",0
"fathom_global","SSA",2
"jba_risk","SSA",2
"moodys_rms","SSA",2
"mitiga_solutions","SSA",2
"climateai","SSA",2
"descartes_underwriting","SSA",2
"sylvera","SSA",2
"bezero_carbon","SSA",2
"carbon_mapper","SSA",2
"chloris_geospatial","SSA",2
"nielsen","SSA",1
"comscore","SSA",0
"samba_tv","SSA",0
"ispot_tv","SSA",0
"videoamp","SSA",0
"similarweb","SSA",2
"sensor_tower","SSA",2
"yipitdata","SSA",0
"m_science","SSA",0
"consumer_edge","SSA",0
"earnest_analytics","SSA",0
"facteus","SSA",0
"measurable_ai","SSA",0
"plaid","SSA",0
"tink","SSA",0
"kpler","SSA",3
"vortexa","SSA",3
"windward_ai","SSA",3
"panjiva","SSA",1
"importgenius","SSA",1
"iqvia","SSA",1
"komodo_health","SSA",0
"truveta","SSA",0
"healthverity","SSA",0
"tempus_ai","SSA",0
"datavant","SSA",0
"flatiron_health","SSA",0
"trinetx","SSA",1
"picnichealth","SSA",0
"evidation_health","SSA",0
"medidata","SSA",1
"veeva_crossix","SSA",0
"definitive_healthcare","SSA",0
"uk_biobank","SSA",0
"bgi_genomics","SSA",1
"samsara","SSA",0
"geotab","SSA",1
"inrix","SSA",0
"tomtom","SSA",1
"here_technologies","SSA",1
"cambridge_mobile","SSA",0
"arity","SSA",0
"smartcar","SSA",0
"high_mobility","SSA",0
"dataminr","SSA",2
"recorded_future","SSA",2
"meltwater","SSA",2
"brandwatch","SSA",2
"talkwalker","SSA",2
"sprinklr","SSA",2
"graphika","SSA",2
"babel_street","SSA",2
"sayari","SSA",2
"kharon","SSA",2
"janes","SSA",2
"acled","SSA",3
"gdelt","SSA",2
"bellingcat","SSA",2
"newsguard","SSA",1
"zoominfo","SSA",0
"apollo_io","SSA",1
"cognism","SSA",0
"lusha","SSA",1
"people_data_labs","SSA",0
"opencorporates","SSA",1
"moodys_bvd","SSA",2
"pitchbook","SSA",1
"crunchbase","SSA",1
"tracxn","SSA",1
"dealroom","SSA",1
"numerator","SSA",0
"profitero","SSA",1
"dataweave","SSA",0
"intelligence_node","SSA",1
"trax_retail","SSA",1
"dunnhumby","SSA",0
"eightyfour_51","SSA",0
"clearview_ai","SSA",1
"pimeyes","SSA",1
"tools_for_humanity","SSA",1
"yoti","SSA",0
"idemia","SSA",3
"sensetime","SSA",2
"megvii","SSA",1
"hikvision","SSA",3
"arab_advisors","SSA",0
"asdaa_bcw","SSA",0
"insight_discovery","SSA",0
"ventures_middle_east","SSA",0
"space42","SSA",3
"presight_ai","SSA",1
"lucidya","SSA",0
"mozn","SSA",0
"crowd_analyzer","SSA",0
"tarjama","SSA",0
"idsc_egypt","SSA",0
"rada_research","SSA",0
"statistics_lebanon","SSA",0
"information_international","SSA",0
"scpr_syria","SSA",0
"yemen_polling_center","SSA",0
"diwan_research","SSA",0
"immar_rc","SSA",0
"sunergia","SSA",0
"iranpoll","SSA",0
"turkiye_raporu","SSA",0
"geocartography","SSA",0
"near_east_consulting","SSA",0
"jmcc","SSA",0
"zogby_research","SSA",0
"reach_initiative","SSA",3
"acaps","SSA",3
"afriksurvey","SSA",3
"sagapoll","SSA",3
"dalberg_research","SSA",3
"stears","SSA",3
"datalens_africa","SSA",3
"creditregistry","SSA",3
"indicina","SSA",3
"africa_polling_institute","SSA",3
"global_infoanalytics","SSA",3
"amini","SSA",3
"research_solutions_africa","SSA",3
"msurvey","SSA",3
"echo_mobile","SSA",3
"viamo","SSA",3
"twaweza","SSA",3
"research_world_intl","SSA",3
"charis_uas","SSA",3
"digital_umuganda","SSA",3
"somali_public_agenda","SSA",3
"mpoi_zimbabwe","SSA",3
"social_research_foundation","SSA",3
"eighty20","SSA",3
"lightstone","SSA",3
"lelapa_ai","SSA",3
"masakhane","SSA",3
"awarri","SSA",3
"romir","SSA",0
"mediascope","SSA",0
"ipsos_comcon","SSA",0
"tiburon_research","SSA",0
"anketolog","SSA",0
"sberindex","SSA",0
"yandex_data","SSA",0
"baw_belarus","SSA",0
"bisam","SSA",0
"demoscope_kz","SSA",0
"ijtimoiy_fikr","SSA",0
"questmobile","SSA",0
"analysys_yiguan","SSA",0
"iimedia","SSA",0
"talkingdata","SSA",0
"aurora_mobile","SSA",0
"miaozhen_admaster","SSA",0
"qichacha","SSA",0
"tianyancha","SSA",0
"wind_information","SSA",0
"intron_health","SSA",3
"african_languages_lab","SSA",3
"aflabox","SSA",3
"tolbi","SSA",3
"soko_aerial","SSA",3
"geoinfotech","SSA",3
"helium_health","SSA",3
"pula","SSA",2
"apollo_agriculture","SSA",3
"hello_tractor","SSA",3
"mpharma","SSA",3
"ehealth_africa","SSA",3
"lacuna_fund","SSA",0
"makerere_ai","SSA",3
"cntxt_ai","SSA",0
"arabic_ai","SSA",0
"aydi","SSA",0
"widebot","SSA",0
"mawdoo3","SSA",0
"aaru","SSA",2
"simile","SSA",2
"conveo","SSA",1
"perspective_ai","SSA",1
"theysaid","SSA",1
"versive","SSA",1
"hivemapper","SSA",1
"dimo","SSA",0
"weatherxm","SSA",1
"nova_labs_helium","SSA",1
"safecast","SSA",1
"biobot","SSA",0
"verily","SSA",0
"wastewaterscan","SSA",0
"hawkeye_360","SSA",3
"unseenlabs","SSA",3
"kleos_space","SSA",3
"naturemetrics","SSA",2
"rainforest_connection","SSA",1
"fugro","SSA",3
"clarity_movement","SSA",2
"aclima","SSA",0
"nuview","SSA",3
"orbital_sidekick","SSA",3
"wyvern","SSA",3
"hydrosat","SSA",3
"muon_space","SSA",3
"myriota","SSA",0
"astrocast","SSA",0
"nearmap","SSA",2
"vexcel_imaging","SSA",2
"airqo","SSA",3
"code_for_africa","SSA",3
"aerobotics","SSA",2
"ujuzikilimo","SSA",3
"robocare","SSA",0
"astral_aerial","SSA",3
"earthranger","SSA",0
"falcon_eye_drones","SSA",0
"falcon_3d","SSA",0
"digital_earth_africa","SSA",3
"sansa","SSA",3
"nasrda","SSA",3
"egsa","SSA",0
"kenya_space_agency","SSA",3
"essti","SSA",3
"mbrsc","SSA",0
"tubitak_uzay","SSA",0
"imagesat","SSA",3
"taranis","SSA",2
"agritask","SSA",2
"asterra","SSA",3
"norc","SSA",2
"westat","SSA",1
"rti_international","SSA",3
"mathematica","SSA",1
"abt_global","SSA",3
"ssrs","SSA",0
"icf_international","SSA",3
"quinnipiac_poll","SSA",0
"marist_poll","SSA",0
"monmouth_poll","SSA",0
"siena_research","SSA",0
"emerson_polling","SSA",0
"surveyusa","SSA",0
"prri","SSA",0
"ap_norc","SSA",0
"civiqs","SSA",0
"echelon_insights","SSA",0
"data_for_progress","SSA",0
"cygnal","SSA",0
"leger","SSA",0
"angus_reid_institute","SSA",0
"nanos_research","SSA",0
"ekos_research","SSA",0
"abacus_data","SSA",0
"environics_research","SSA",0
"skywatch","SSA",3
"mda_space","SSA",3
"ecopia_ai","SSA",3
"farmers_edge","SSA",0
"deveron","SSA",0
"semios","SSA",0
"bluedot","SSA",2
"local_logic","SSA",0
"riskthinking_ai","SSA",2
"triton_digital","SSA",1
"descartes_datamyne","SSA",3
"browse_ai","SSA",1
"internet_archive","SSA",1
"exa_ai","SSA",1
"altana","SSA",3
"project44","SSA",3
"fourkites","SSA",3
"clear_secure","SSA",0
"id_me","SSA",0
"socure","SSA",0
"observa","SSA",0
"ookla","SSA",1
"purpleair","SSA",1
"motive","SSA",0
"lytx","SSA",0
"catalina_marketing","SSA",0
"inmar_intelligence","SSA",0
"data_axle","SSA",0
"bombora","SSA",1
"thinknum","SSA",0
"om1","SSA",0
"verana_health","SSA",0
"atropos_health","SSA",0
"aetion","SSA",0
"edison_research","SSA",0
"luminate_data","SSA",1
"flashpoint","SSA",2
"zignal_labs","SSA",2
"albedo","SSA",3
"centaur_labs","SSA",1
"fulcrum_app","SSA",3
"rep_data","SSA",1
"understanding_america","SSA",0
"forsa","SSA",0
"infratest_dimap","SSA",0
"allensbach","SSA",0
"civey","SSA",0
"insa_consulere","SSA",0
"infas","SSA",0
"gesis","SSA",1
"soep_diw","SSA",0
"ororatech","SSA",3
"liveeo","SSA",3
"constellr","SSA",3
"limesurvey","SSA",3
"agf_videoforschung","SSA",0
"ifop","SSA",1
"opinionway","SSA",0
"bva_xsight","SSA",1
"elabe","SSA",0
"odoxa","SSA",0
"csa_research","SSA",0
"credoc","SSA",0
"scrapingbee","SSA",1
"shippeo","SSA",2
"owkin","SSA",0
"doxa","SSA",0
"swg_italia","SSA",0
"cerved","SSA",0
"auditel_italia","SSA",0
"e_geos","SSA",3
"planetek_italia","SSA",2
"sigma_dos","SSA",1
"gad3","SSA",1
"metroscopia","SSA",0
"cuarenta_db","SSA",0
"kido_dynamics","SSA",0
"deimos_imaging","SSA",3
"marktest","SSA",0
"intercampus","SSA",0
"metron_analysis","SSA",0
"kapa_research","SSA",0
"marinetraffic","SSA",3
"kieskompas","SSA",1
"io_research","SSA",0
"motivaction","SSA",0
"nipo_nfield","SSA",3
"lifelines","SSA",0
"ivox","SSA",0
"sora_institute","SSA",0
"gfs_bern","SSA",0
"sotomo","SSA",0
"link_institut","SSA",0
"red_c","SSA",0
"epinion","SSA",1
"voxmeter","SSA",0
"novus","SSA",0
"taloustutkimus","SSA",0
"finngen","SSA",0
"decode_genetics","SSA",0
"signicat","SSA",0
"natcen","SSA",0
"understanding_society","SSA",0
"uk_data_service","SSA",0
"opinium","SSA",1
"survation","SSA",0
"deltapoll","SSA",0
"focaldata","SSA",1
"jl_partners","SSA",1
"more_in_common","SSA",1
"bmg_research","SSA",0
"signal_ai","SSA",2
"rezatec","SSA",2
"open_cosmos","SSA",3
"iproov","SSA",0
"truelayer","SSA",0
"yapily","SSA",0
"our_future_health","SSA",0
"lifebit","SSA",0
"ovilongwa","SSA",3
"star_awards_bwa","SSA",3
"igd_burkina","SSA",3
"gradis_burundi","SSA",3
"afrosondagem","SSA",3
"cible_cameroun","SSA",3
"laereag_tchad","SSA",3
"avenir_nepad_congo","SSA",3
"cofinco_comores","SSA",3
"zechlab","SSA",3
"qa_strategic_swz","SSA",3
"abcon_ethiopia","SSA",3
"cergep_gabon","SSA",3
"stat_view_guinea","SSA",3
"igpad_guinea_bissau","SSA",3
"advision_lesotho","SSA",3
"cdg_liberia","SSA",3
"coef_resources","SSA",3
"csr_malawi","SSA",3
"great_mali","SSA",3
"sista_consult","SSA",3
"straconsult_mus","SSA",3
"gsc_morocco","SSA",0
"cs_research_moz","SSA",3
"survey_warehouse","SSA",3
"lasdel_niger","SSA",3
"cres_senegal","SSA",3
"igr_sierra_leone","SSA",3
"sudan_polling_center","SSA",0
"repoa_tanzania","SSA",3
"crpd_gambia","SSA",3
"crop_togo","SSA",3
"hatchile_uganda","SSA",3
"cesor_zambia","SSA",3
"smile_identity","SSA",2
"zindi","SSA",2
"kartoza","SSA",2
"geoterraimage","SSA",2
"spatial_collective","SSA",3
"ramani_huria","SSA",3
"farmerline","SSA",2
"esoko","SSA",2
"sunculture","SSA",2
"thriveagric","SSA",2
"mono_nigeria","SSA",2
"stitch_za","SSA",2
"metropol_kenya","SSA",3
"crc_credit_bureau","SSA",3
"africa_check","SSA",2
"dubawa","SSA",2
"ilara_health","SSA",3
"jacaranda_health","SSA",2
"reelforge","SSA",2
"prembly","SSA",2
"youverify","SSA",2
"data_science_nigeria","SSA",3
"icog_labs","SSA",2
"lesan_ai","SSA",3
"kobo360","SSA",2
"lori_systems","SSA",2
"irsm_algeria","SSA",0
"cread_algeria","SSA",0
"optimar","SSA",0
"orc_arastirma","SSA",0
"avrasya_arastirma","SSA",0
"genar","SSA",0
"yoneylem","SSA",0
"sonar_arastirma","SSA",0
"gezici_arastirma","SSA",0
"mak_danismanlik","SSA",0
"piar_arastirma","SSA",0
"insider_tr","SSA",0
"acrps_doha","SSA",1
"sesri_qatar","SSA",0
"qcri","SSA",0
"sdaia","SSA",0
"elm_saudi","SSA",0
"saudi_space_agency","SSA",0
"simah","SSA",0
"derasat","SSA",0
"cri_lebanon","SSA",1
"infopro_lebanon","SSA",0
"albayan_iraq","SSA",0
"mas_palestine","SSA",0
"altibbi","SSA",0
"maqsam","SSA",0
"el_zanaty","SSA",0
"i_score_egypt","SSA",0
"intella_ai","SSA",0
"marocmetrie","SSA",0
"aarc_international","SSA",1
"chifco","SSA",0
"m42","SSA",0
"aecb","SSA",0
"derq","SSA",0
"israel_democracy_institute","SSA",0
"zencity","SSA",1
"cognyte","SSA",2
"ahri_south_africa","SSA",3
"agincourt_wits","SSA",3
"saprin","SSA",3
"aphrc","SSA",3
"kemri_wellcome","SSA",3
"ifakara_health","SSA",3
"manhica_cisim","SSA",3
"mrc_gambia","SSA",3
"navrongo_hrc","SSA",3
"rakai_health","SSA",3
"malawi_liverpool_wellcome","SSA",3
"cidrz","SSA",3
"kersa_hdss","SSA",3
"nouna_crsn","SSA",3
"apcc","SSA",3
"h3africa","SSA",2
"hsrc","SSA",3
"saldru","SSA",3
"datafirst","SSA",3
"isser_ghana","SSA",3
"eprc_uganda","SSA",3
"esrf_tanzania","SSA",3
"csea_nigeria","SSA",3
"pesacheck","SSA",2
"freshly_ground_insights","SSA",3
"columinate","SSA",3
"persian_cohort","SSA",0
"golestan_cohort","SSA",0
"qatar_biobank","SSA",0
"moroccan_genome","SSA",0
"afristat","SSA",2
"statafric","SSA",2
"afdb_statistics","SSA",2
"sanbi","SSA",3
"africas_talking","SSA",2
"onafriq","SSA",2
"cellulant","SSA",2
"codesria","SSA",3
"aerc","SSA",3
"pasgr","SSA",3
"iss_africa","SSA",2
"nextier_spd","SSA",3
"heritage_institute","SSA",3
"zeparu","SSA",3
"bidpa","SSA",3
"ippr_namibia","SSA",3
"nkafu","SSA",3
"cires_ivoire","SSA",3
"iese_mozambique","SSA",3
"zipar","SSA",3
"riwi","SSA",2
"pricestats","SSA",0
"soundthinking","SSA",0
"alphonso","SSA",0
"opensignal","SSA",1
"nexar","SSA",0
"geodnet","SSA",1
"wingbits","SSA",1
"flightradar24","SSA",1
"karya","SSA",0
"airwars","SSA",1
"mnemonic","SSA",1
"forensic_architecture","SSA",2
"atlas_ai","SSA",2
"fraym","SSA",0
"rs_metrics","SSA",0
"yodlee","SSA",0
"empatica","SSA",0
"sonde_health","SSA",0
"origin_wireless","SSA",0
"vayyar","SSA",0
"bidgely","SSA",0
"wildlife_insights","SSA",1
"atlan_space","SSA",0
"cellebrite","SSA",3
"nso_group","SSA",3
"candiru","SSA",2
"paragon_solutions","SSA",2
"kando","SSA",0
"beehero","SSA",0
"seetree","SSA",2
"lean_technologies","SSA",0
"ushahidi","SSA",1
"sunbird_ai","SSA",3
"terragon","SSA",2
"zenvus","SSA",2
"dataphyte","SSA",3
"ipsos","SAS",3
"kantar","SAS",3
"niq","SAS",3
"circana","SAS",0
"gallup","SAS",2
"yougov","SAS",2
"morning_consult","SAS",2
"pew_research","SAS",2
"verian","SAS",1
"ipsos_mori_uk","SAS",0
"savanta","SAS",1
"system1_group","SAS",1
"euromonitor","SAS",3
"mintel","SAS",1
"statista","SAS",2
"m3_global_research","SAS",2
"escalent","SAS",1
"material_plus","SAS",1
"c_space","SAS",1
"hall_and_partners","SAS",1
"appinio","SAS",1
"attest","SAS",1
"zappi","SAS",1
"suzy","SAS",0
"glimpse_ai","SAS",0
"listen_labs","SAS",1
"strella","SAS",0
"outset_ai","SAS",1
"cint","SAS",2
"dynata","SAS",2
"toluna","SAS",2
"bilendi","SAS",0
"norstat","SAS",0
"prolific","SAS",1
"cloudresearch","SAS",1
"purespectrum","SAS",1
"innovate_mr","SAS",1
"prodege","SAS",1
"disqo","SAS",0
"rakuten_insight","SAS",0
"borderless_access","SAS",3
"milieu_insight","SAS",0
"respondent_io","SAS",1
"qualtrics","SAS",2
"surveymonkey","SAS",3
"alchemer","SAS",3
"forsta","SAS",3
"sawtooth_software","SAS",3
"surveycto","SAS",3
"kobotoolbox","SAS",3
"odk","SAS",3
"commcare_dimagi","SAS",3
"ona","SAS",2
"mwater","SAS",3
"redcap","SAS",2
"gorilla_sc","SAS",3
"credamo","SAS",0
"wenjuanxing","SAS",0
"one_to_one_tunisia","SAS",0
"sigma_conseil","SAS",0
"emrhod_consulting","SAS",0
"elka_consulting","SAS",0
"bjka_consulting","SAS",0
"lms_csa_maroc","SAS",0
"baseera_egypt","SAS",0
"pcpsr","SAS",0
"awrad","SAS",0
"nama_strategic","SAS",0
"css_jordan","SAS",0
"iiacss","SAS",0
"parc_dubai","SAS",0
"ispa_iran","SAS",0
"gamaan","SAS",0
"konda","SAS",0
"metropoll","SAS",0
"areda_survey","SAS",0
"midgam_israel","SAS",0
"ipanel_israel","SAS",0
"arab_barometer","SAS",0
"afrobarometer","SAS",0
"cdd_ghana","SAS",0
"ijr_south_africa","SAS",0
"ids_nairobi","SAS",0
"ireg_benin","SAS",0
"infotrak","SAS",0
"tifa_research","SAS",0
"consumer_insight_africa","SAS",0
"geopoll","SAS",2
"sagaci_research","SAS",0
"noipolls","SAS",0
"sbm_intelligence","SAS",0
"practical_sampling","SAS",0
"ask_afrika","SAS",0
"plus94_research","SAS",0
"citizen_surveys","SAS",0
"busara_center","SAS",2
"ipa_research","SAS",3
"jpal","SAS",3
"laterite","SAS",0
"sixty_decibels","SAS",3
"lokniti_csds","SAS",3
"cvoter","SAS",3
"axis_my_india","SAS",3
"hansa_research","SAS",3
"q_and_q_research","SAS",3
"outline_india","SAS",3
"gallup_pakistan","SAS",3
"lsi_indonesia","SAS",0
"smrc_indonesia","SAS",0
"indikator_politik","SAS",0
"sws_philippines","SAS",0
"pulse_asia","SAS",0
"cimigo","SAS",0
"q_and_me","SAS",0
"indochina_research","SAS",0
"deka_research","SAS",0
"macromill","SAS",1
"intage","SAS",0
"nikkei_research","SAS",0
"cross_marketing","SAS",0
"embrain","SAS",0
"hankook_research","SAS",0
"realmeter","SAS",0
"gallup_korea","SAS",0
"horizon_china","SAS",0
"ctr_china","SAS",0
"csm_media","SAS",0
"datafolha","SAS",0
"ipec_brasil","SAS",0
"quaest","SAS",0
"atlasintel","SAS",0
"consulta_mitofsky","SAS",0
"enkoll","SAS",0
"buendia_marquez","SAS",0
"cadem","SAS",0
"invamer","SAS",0
"datexco","SAS",0
"cid_gallup","SAS",0
"poliarquia","SAS",0
"latinobarometro","SAS",0
"lapop","SAS",0
"levada_center","SAS",0
"vciom","SAS",0
"fom_russia","SAS",0
"russian_field","SAS",0
"kiis","SAS",0
"rating_group","SAS",0
"razumkov_centre","SAS",0
"info_sapiens","SAS",0
"gradus_research","SAS",0
"crrc","SAS",0
"act_georgia","SAS",0
"central_asia_barometer","SAS",0
"m_vector","SAS",0
"siar_research","SAS",0
"ipm_belarus","SAS",0
"roy_morgan","SAS",0
"essential_research","SAS",0
"oztam","SAS",0
"barb_uk","SAS",0
"mediametrie","SAS",0
"barc_india","SAS",3
"video_research_jp","SAS",0
"numeris","SAS",0
"scale_ai","SAS",2
"surge_ai","SAS",2
"mercor","SAS",3
"handshake_ai","SAS",1
"micro1","SAS",3
"turing_com","SAS",3
"invisible_tech","SAS",3
"appen","SAS",3
"toloka","SAS",3
"telus_digital_ai","SAS",3
"imerit","SAS",3
"sama","SAS",0
"cloudfactory","SAS",3
"superannotate","SAS",3
"labelbox","SAS",3
"snorkel_ai","SAS",2
"encord","SAS",2
"v7_labs","SAS",2
"kili_technology","SAS",0
"dataloop","SAS",2
"roboflow","SAS",3
"defined_ai","SAS",3
"shaip","SAS",2
"innodata","SAS",2
"transperfect_dataforce","SAS",3
"speechocean","SAS",2
"datatang","SAS",1
"magic_data_tech","SAS",1
"dataannotation_tech","SAS",2
"pareto_ai","SAS",2
"mturk","SAS",3
"clickworker","SAS",3
"premise_data","SAS",3
"streetbees","SAS",3
"roamler","SAS",0
"field_agent","SAS",2
"gigwalk","SAS",0
"glg","SAS",2
"third_bridge","SAS",2
"guidepoint","SAS",2
"alphasense","SAS",2
"dialectica","SAS",2
"bright_data","SAS",3
"oxylabs","SAS",2
"decodo","SAS",2
"zyte","SAS",2
"apify","SAS",2
"firecrawl","SAS",2
"tavily","SAS",2
"diffbot","SAS",2
"common_crawl","SAS",3
"promptcloud","SAS",2
"grepsr","SAS",2
"nimble_data","SAS",2
"coresignal","SAS",2
"acxiom","SAS",0
"experian","SAS",2
"equifax","SAS",1
"transunion","SAS",2
"liveramp","SAS",0
"epsilon","SAS",0
"lexisnexis_risk","SAS",1
"dun_bradstreet","SAS",2
"cotality","SAS",0
"verisk","SAS",1
"crif","SAS",2
"serasa_experian","SAS",0
"spokeo","SAS",0
"safegraph","SAS",1
"placer_ai","SAS",0
"veraset","SAS",0
"unacast","SAS",0
"foursquare","SAS",1
"kochava_collective","SAS",2
"azira","SAS",2
"advan_research","SAS",0
"huq_industries","SAS",0
"predicio","SAS",0
"positium","SAS",1
"teralytics","SAS",1
"orange_flux_vision","SAS",0
"flowminder","SAS",2
"planet_labs","SAS",3
"vantor","SAS",3
"blacksky","SAS",3
"iceye","SAS",3
"satellogic","SAS",3
"capella_space","SAS",3
"umbra_space","SAS",3
"airbus_ds_geo","SAS",3
"spire_global","SAS",3
"ursa_space","SAS",3
"pixxel","SAS",3
"skyfi","SAS",3
"earthdaily","SAS",3
"satvu","SAS",3
"ghgsat","SAS",3
"kayrros","SAS",2
"descartes_labs","SAS",3
"spaceknow","SAS",3
"synspective","SAS",3
"axelspace","SAS",3
"changguang","SAS",3
"twentyone_at","SAS",3
"tomorrow_io","SAS",2
"windborne","SAS",2
"saildrone","SAS",2
"sofar_ocean","SAS",3
"jupiter_intelligence","SAS",2
"first_street","SAS",0
"fathom_global","SAS",2
"jba_risk","SAS",2
"moodys_rms","SAS",2
"mitiga_solutions","SAS",2
"climateai","SAS",2
"descartes_underwriting","SAS",2
"sylvera","SAS",2
"bezero_carbon","SAS",2
"carbon_mapper","SAS",2
"chloris_geospatial","SAS",2
"nielsen","SAS",2
"comscore","SAS",1
"samba_tv","SAS",1
"ispot_tv","SAS",0
"videoamp","SAS",0
"similarweb","SAS",3
"sensor_tower","SAS",3
"yipitdata","SAS",0
"m_science","SAS",0
"consumer_edge","SAS",0
"earnest_analytics","SAS",0
"facteus","SAS",0
"measurable_ai","SAS",2
"plaid","SAS",0
"tink","SAS",0
"kpler","SAS",3
"vortexa","SAS",3
"windward_ai","SAS",3
"panjiva","SAS",3
"importgenius","SAS",3
"iqvia","SAS",2
"komodo_health","SAS",0
"truveta","SAS",0
"healthverity","SAS",0
"tempus_ai","SAS",0
"datavant","SAS",0
"flatiron_health","SAS",0
"trinetx","SAS",1
"picnichealth","SAS",0
"evidation_health","SAS",0
"medidata","SAS",2
"veeva_crossix","SAS",0
"definitive_healthcare","SAS",0
"uk_biobank","SAS",0
"bgi_genomics","SAS",1
"samsara","SAS",0
"geotab","SAS",1
"inrix","SAS",1
"tomtom","SAS",2
"here_technologies","SAS",2
"cambridge_mobile","SAS",0
"arity","SAS",0
"smartcar","SAS",0
"high_mobility","SAS",0
"dataminr","SAS",2
"recorded_future","SAS",2
"meltwater","SAS",2
"brandwatch","SAS",2
"talkwalker","SAS",2
"sprinklr","SAS",2
"graphika","SAS",2
"babel_street","SAS",2
"sayari","SAS",3
"kharon","SAS",2
"janes","SAS",2
"acled","SAS",3
"gdelt","SAS",3
"bellingcat","SAS",2
"newsguard","SAS",1
"zoominfo","SAS",1
"apollo_io","SAS",2
"cognism","SAS",1
"lusha","SAS",2
"people_data_labs","SAS",2
"opencorporates","SAS",1
"moodys_bvd","SAS",2
"pitchbook","SAS",2
"crunchbase","SAS",2
"tracxn","SAS",2
"dealroom","SAS",2
"numerator","SAS",1
"profitero","SAS",2
"dataweave","SAS",2
"intelligence_node","SAS",2
"trax_retail","SAS",2
"dunnhumby","SAS",1
"eightyfour_51","SAS",0
"clearview_ai","SAS",2
"pimeyes","SAS",2
"tools_for_humanity","SAS",1
"yoti","SAS",1
"idemia","SAS",2
"sensetime","SAS",1
"megvii","SAS",1
"hikvision","SAS",3
"arab_advisors","SAS",0
"asdaa_bcw","SAS",0
"insight_discovery","SAS",0
"ventures_middle_east","SAS",0
"space42","SAS",3
"presight_ai","SAS",1
"lucidya","SAS",0
"mozn","SAS",0
"crowd_analyzer","SAS",0
"tarjama","SAS",0
"idsc_egypt","SAS",0
"rada_research","SAS",0
"statistics_lebanon","SAS",0
"information_international","SAS",0
"scpr_syria","SAS",0
"yemen_polling_center","SAS",0
"diwan_research","SAS",0
"immar_rc","SAS",0
"sunergia","SAS",0
"iranpoll","SAS",0
"turkiye_raporu","SAS",0
"geocartography","SAS",0
"near_east_consulting","SAS",0
"jmcc","SAS",0
"zogby_research","SAS",0
"reach_initiative","SAS",2
"acaps","SAS",3
"afriksurvey","SAS",0
"sagapoll","SAS",0
"dalberg_research","SAS",0
"stears","SAS",0
"datalens_africa","SAS",0
"creditregistry","SAS",0
"indicina","SAS",0
"africa_polling_institute","SAS",0
"global_infoanalytics","SAS",0
"amini","SAS",0
"research_solutions_africa","SAS",0
"msurvey","SAS",0
"echo_mobile","SAS",0
"viamo","SAS",3
"twaweza","SAS",0
"research_world_intl","SAS",0
"charis_uas","SAS",0
"digital_umuganda","SAS",0
"somali_public_agenda","SAS",0
"mpoi_zimbabwe","SAS",0
"social_research_foundation","SAS",0
"eighty20","SAS",0
"lightstone","SAS",0
"lelapa_ai","SAS",0
"masakhane","SAS",0
"awarri","SAS",0
"romir","SAS",0
"mediascope","SAS",0
"ipsos_comcon","SAS",0
"tiburon_research","SAS",0
"anketolog","SAS",0
"sberindex","SAS",0
"yandex_data","SAS",0
"baw_belarus","SAS",0
"bisam","SAS",0
"demoscope_kz","SAS",0
"ijtimoiy_fikr","SAS",0
"questmobile","SAS",0
"analysys_yiguan","SAS",0
"iimedia","SAS",0
"talkingdata","SAS",0
"aurora_mobile","SAS",0
"miaozhen_admaster","SAS",0
"qichacha","SAS",0
"tianyancha","SAS",0
"wind_information","SAS",0
"intron_health","SAS",0
"african_languages_lab","SAS",0
"aflabox","SAS",0
"tolbi","SAS",0
"soko_aerial","SAS",0
"geoinfotech","SAS",0
"helium_health","SAS",0
"pula","SAS",0
"apollo_agriculture","SAS",0
"hello_tractor","SAS",0
"mpharma","SAS",0
"ehealth_africa","SAS",0
"lacuna_fund","SAS",2
"makerere_ai","SAS",0
"cntxt_ai","SAS",0
"arabic_ai","SAS",0
"aydi","SAS",0
"widebot","SAS",0
"mawdoo3","SAS",0
"aaru","SAS",2
"simile","SAS",2
"conveo","SAS",1
"perspective_ai","SAS",1
"theysaid","SAS",1
"versive","SAS",1
"hivemapper","SAS",1
"dimo","SAS",0
"weatherxm","SAS",1
"nova_labs_helium","SAS",1
"safecast","SAS",1
"biobot","SAS",0
"verily","SAS",0
"wastewaterscan","SAS",0
"hawkeye_360","SAS",3
"unseenlabs","SAS",3
"kleos_space","SAS",3
"naturemetrics","SAS",2
"rainforest_connection","SAS",1
"fugro","SAS",3
"clarity_movement","SAS",2
"aclima","SAS",0
"nuview","SAS",3
"orbital_sidekick","SAS",3
"wyvern","SAS",3
"hydrosat","SAS",3
"muon_space","SAS",3
"myriota","SAS",1
"astrocast","SAS",1
"nearmap","SAS",2
"vexcel_imaging","SAS",2
"airqo","SAS",0
"code_for_africa","SAS",0
"aerobotics","SAS",2
"ujuzikilimo","SAS",0
"robocare","SAS",0
"astral_aerial","SAS",0
"earthranger","SAS",0
"falcon_eye_drones","SAS",0
"falcon_3d","SAS",0
"digital_earth_africa","SAS",0
"sansa","SAS",0
"nasrda","SAS",0
"egsa","SAS",0
"kenya_space_agency","SAS",0
"essti","SAS",0
"mbrsc","SAS",0
"tubitak_uzay","SAS",0
"imagesat","SAS",3
"taranis","SAS",2
"agritask","SAS",2
"asterra","SAS",3
"norc","SAS",1
"westat","SAS",0
"rti_international","SAS",2
"mathematica","SAS",1
"abt_global","SAS",2
"ssrs","SAS",0
"icf_international","SAS",3
"quinnipiac_poll","SAS",0
"marist_poll","SAS",0
"monmouth_poll","SAS",0
"siena_research","SAS",0
"emerson_polling","SAS",0
"surveyusa","SAS",0
"prri","SAS",0
"ap_norc","SAS",0
"civiqs","SAS",0
"echelon_insights","SAS",0
"data_for_progress","SAS",0
"cygnal","SAS",0
"leger","SAS",0
"angus_reid_institute","SAS",0
"nanos_research","SAS",0
"ekos_research","SAS",0
"abacus_data","SAS",0
"environics_research","SAS",0
"skywatch","SAS",3
"mda_space","SAS",3
"ecopia_ai","SAS",3
"farmers_edge","SAS",0
"deveron","SAS",0
"semios","SAS",0
"bluedot","SAS",2
"local_logic","SAS",0
"riskthinking_ai","SAS",2
"triton_digital","SAS",2
"descartes_datamyne","SAS",3
"browse_ai","SAS",2
"internet_archive","SAS",2
"exa_ai","SAS",2
"altana","SAS",3
"project44","SAS",3
"fourkites","SAS",3
"clear_secure","SAS",0
"id_me","SAS",0
"socure","SAS",0
"observa","SAS",0
"ookla","SAS",1
"purpleair","SAS",1
"motive","SAS",0
"lytx","SAS",0
"catalina_marketing","SAS",1
"inmar_intelligence","SAS",0
"data_axle","SAS",0
"bombora","SAS",2
"thinknum","SAS",1
"om1","SAS",0
"verana_health","SAS",0
"atropos_health","SAS",0
"aetion","SAS",0
"edison_research","SAS",0
"luminate_data","SAS",2
"flashpoint","SAS",2
"zignal_labs","SAS",2
"albedo","SAS",3
"centaur_labs","SAS",3
"fulcrum_app","SAS",3
"rep_data","SAS",2
"understanding_america","SAS",0
"forsa","SAS",0
"infratest_dimap","SAS",0
"allensbach","SAS",0
"civey","SAS",0
"insa_consulere","SAS",0
"infas","SAS",0
"gesis","SAS",1
"soep_diw","SAS",0
"ororatech","SAS",3
"liveeo","SAS",3
"constellr","SAS",3
"limesurvey","SAS",3
"agf_videoforschung","SAS",0
"ifop","SAS",1
"opinionway","SAS",0
"bva_xsight","SAS",1
"elabe","SAS",0
"odoxa","SAS",0
"csa_research","SAS",0
"credoc","SAS",0
"scrapingbee","SAS",2
"shippeo","SAS",2
"owkin","SAS",0
"doxa","SAS",0
"swg_italia","SAS",0
"cerved","SAS",0
"auditel_italia","SAS",0
"e_geos","SAS",3
"planetek_italia","SAS",2
"sigma_dos","SAS",1
"gad3","SAS",1
"metroscopia","SAS",0
"cuarenta_db","SAS",0
"kido_dynamics","SAS",0
"deimos_imaging","SAS",3
"marktest","SAS",0
"intercampus","SAS",0
"metron_analysis","SAS",0
"kapa_research","SAS",0
"marinetraffic","SAS",3
"kieskompas","SAS",1
"io_research","SAS",0
"motivaction","SAS",0
"nipo_nfield","SAS",3
"lifelines","SAS",0
"ivox","SAS",0
"sora_institute","SAS",0
"gfs_bern","SAS",0
"sotomo","SAS",0
"link_institut","SAS",0
"red_c","SAS",0
"epinion","SAS",1
"voxmeter","SAS",0
"novus","SAS",0
"taloustutkimus","SAS",0
"finngen","SAS",0
"decode_genetics","SAS",0
"signicat","SAS",1
"natcen","SAS",0
"understanding_society","SAS",0
"uk_data_service","SAS",0
"opinium","SAS",1
"survation","SAS",0
"deltapoll","SAS",0
"focaldata","SAS",1
"jl_partners","SAS",1
"more_in_common","SAS",1
"bmg_research","SAS",0
"signal_ai","SAS",2
"rezatec","SAS",2
"open_cosmos","SAS",3
"iproov","SAS",1
"truelayer","SAS",0
"yapily","SAS",0
"our_future_health","SAS",0
"lifebit","SAS",0
"ovilongwa","SAS",0
"star_awards_bwa","SAS",0
"igd_burkina","SAS",0
"gradis_burundi","SAS",0
"afrosondagem","SAS",0
"cible_cameroun","SAS",0
"laereag_tchad","SAS",0
"avenir_nepad_congo","SAS",0
"cofinco_comores","SAS",0
"zechlab","SAS",0
"qa_strategic_swz","SAS",0
"abcon_ethiopia","SAS",0
"cergep_gabon","SAS",0
"stat_view_guinea","SAS",0
"igpad_guinea_bissau","SAS",0
"advision_lesotho","SAS",0
"cdg_liberia","SAS",0
"coef_resources","SAS",0
"csr_malawi","SAS",0
"great_mali","SAS",0
"sista_consult","SAS",0
"straconsult_mus","SAS",0
"gsc_morocco","SAS",0
"cs_research_moz","SAS",0
"survey_warehouse","SAS",0
"lasdel_niger","SAS",0
"cres_senegal","SAS",0
"igr_sierra_leone","SAS",0
"sudan_polling_center","SAS",0
"repoa_tanzania","SAS",0
"crpd_gambia","SAS",0
"crop_togo","SAS",0
"hatchile_uganda","SAS",0
"cesor_zambia","SAS",0
"smile_identity","SAS",1
"zindi","SAS",2
"kartoza","SAS",2
"geoterraimage","SAS",2
"spatial_collective","SAS",0
"ramani_huria","SAS",0
"farmerline","SAS",0
"esoko","SAS",1
"sunculture","SAS",0
"thriveagric","SAS",0
"mono_nigeria","SAS",0
"stitch_za","SAS",0
"metropol_kenya","SAS",0
"crc_credit_bureau","SAS",0
"africa_check","SAS",1
"dubawa","SAS",1
"ilara_health","SAS",0
"jacaranda_health","SAS",0
"reelforge","SAS",1
"prembly","SAS",1
"youverify","SAS",1
"data_science_nigeria","SAS",0
"icog_labs","SAS",2
"lesan_ai","SAS",0
"kobo360","SAS",2
"lori_systems","SAS",2
"irsm_algeria","SAS",0
"cread_algeria","SAS",0
"optimar","SAS",0
"orc_arastirma","SAS",0
"avrasya_arastirma","SAS",0
"genar","SAS",0
"yoneylem","SAS",0
"sonar_arastirma","SAS",0
"gezici_arastirma","SAS",0
"mak_danismanlik","SAS",0
"piar_arastirma","SAS",0
"insider_tr","SAS",1
"acrps_doha","SAS",0
"sesri_qatar","SAS",0
"qcri","SAS",2
"sdaia","SAS",0
"elm_saudi","SAS",0
"saudi_space_agency","SAS",0
"simah","SAS",0
"derasat","SAS",0
"cri_lebanon","SAS",0
"infopro_lebanon","SAS",1
"albayan_iraq","SAS",0
"mas_palestine","SAS",0
"altibbi","SAS",0
"maqsam","SAS",2
"el_zanaty","SAS",0
"i_score_egypt","SAS",0
"intella_ai","SAS",2
"marocmetrie","SAS",0
"aarc_international","SAS",0
"chifco","SAS",0
"m42","SAS",0
"aecb","SAS",0
"derq","SAS",0
"israel_democracy_institute","SAS",0
"zencity","SAS",1
"cognyte","SAS",2
"ahri_south_africa","SAS",0
"agincourt_wits","SAS",0
"saprin","SAS",0
"aphrc","SAS",0
"kemri_wellcome","SAS",0
"ifakara_health","SAS",0
"manhica_cisim","SAS",0
"mrc_gambia","SAS",0
"navrongo_hrc","SAS",0
"rakai_health","SAS",0
"malawi_liverpool_wellcome","SAS",0
"cidrz","SAS",0
"kersa_hdss","SAS",0
"nouna_crsn","SAS",0
"apcc","SAS",0
"h3africa","SAS",0
"hsrc","SAS",0
"saldru","SAS",0
"datafirst","SAS",0
"isser_ghana","SAS",0
"eprc_uganda","SAS",0
"esrf_tanzania","SAS",0
"csea_nigeria","SAS",0
"pesacheck","SAS",1
"freshly_ground_insights","SAS",0
"columinate","SAS",0
"persian_cohort","SAS",0
"golestan_cohort","SAS",0
"qatar_biobank","SAS",0
"moroccan_genome","SAS",0
"afristat","SAS",2
"statafric","SAS",2
"afdb_statistics","SAS",2
"sanbi","SAS",0
"africas_talking","SAS",0
"onafriq","SAS",0
"cellulant","SAS",0
"codesria","SAS",0
"aerc","SAS",0
"pasgr","SAS",0
"iss_africa","SAS",1
"nextier_spd","SAS",0
"heritage_institute","SAS",0
"zeparu","SAS",0
"bidpa","SAS",0
"ippr_namibia","SAS",0
"nkafu","SAS",0
"cires_ivoire","SAS",0
"iese_mozambique","SAS",0
"zipar","SAS",0
"riwi","SAS",2
"pricestats","SAS",1
"soundthinking","SAS",0
"alphonso","SAS",1
"opensignal","SAS",1
"nexar","SAS",0
"geodnet","SAS",1
"wingbits","SAS",1
"flightradar24","SAS",1
"karya","SAS",3
"airwars","SAS",1
"mnemonic","SAS",1
"forensic_architecture","SAS",2
"atlas_ai","SAS",2
"fraym","SAS",0
"rs_metrics","SAS",1
"yodlee","SAS",0
"empatica","SAS",0
"sonde_health","SAS",0
"origin_wireless","SAS",0
"vayyar","SAS",0
"bidgely","SAS",0
"wildlife_insights","SAS",1
"atlan_space","SAS",0
"cellebrite","SAS",3
"nso_group","SAS",3
"candiru","SAS",2
"paragon_solutions","SAS",2
"kando","SAS",0
"beehero","SAS",0
"seetree","SAS",2
"lean_technologies","SAS",0
"ushahidi","SAS",3
"sunbird_ai","SAS",0
"terragon","SAS",0
"zenvus","SAS",0
"dataphyte","SAS",0
"ipsos","SEA",3
"kantar","SEA",3
"niq","SEA",3
"circana","SEA",0
"gallup","SEA",2
"yougov","SEA",2
"morning_consult","SEA",2
"pew_research","SEA",2
"verian","SEA",1
"ipsos_mori_uk","SEA",0
"savanta","SEA",1
"system1_group","SEA",1
"euromonitor","SEA",3
"mintel","SEA",1
"statista","SEA",2
"m3_global_research","SEA",2
"escalent","SEA",1
"material_plus","SEA",1
"c_space","SEA",1
"hall_and_partners","SEA",1
"appinio","SEA",1
"attest","SEA",1
"zappi","SEA",1
"suzy","SEA",0
"glimpse_ai","SEA",0
"listen_labs","SEA",1
"strella","SEA",0
"outset_ai","SEA",1
"cint","SEA",2
"dynata","SEA",2
"toluna","SEA",2
"bilendi","SEA",0
"norstat","SEA",0
"prolific","SEA",1
"cloudresearch","SEA",0
"purespectrum","SEA",1
"innovate_mr","SEA",1
"prodege","SEA",1
"disqo","SEA",0
"rakuten_insight","SEA",0
"borderless_access","SEA",2
"milieu_insight","SEA",3
"respondent_io","SEA",1
"qualtrics","SEA",2
"surveymonkey","SEA",3
"alchemer","SEA",3
"forsta","SEA",3
"sawtooth_software","SEA",3
"surveycto","SEA",3
"kobotoolbox","SEA",3
"odk","SEA",3
"commcare_dimagi","SEA",2
"ona","SEA",2
"mwater","SEA",3
"redcap","SEA",2
"gorilla_sc","SEA",3
"credamo","SEA",0
"wenjuanxing","SEA",0
"one_to_one_tunisia","SEA",0
"sigma_conseil","SEA",0
"emrhod_consulting","SEA",0
"elka_consulting","SEA",0
"bjka_consulting","SEA",0
"lms_csa_maroc","SEA",0
"baseera_egypt","SEA",0
"pcpsr","SEA",0
"awrad","SEA",0
"nama_strategic","SEA",0
"css_jordan","SEA",0
"iiacss","SEA",0
"parc_dubai","SEA",0
"ispa_iran","SEA",0
"gamaan","SEA",0
"konda","SEA",0
"metropoll","SEA",0
"areda_survey","SEA",0
"midgam_israel","SEA",0
"ipanel_israel","SEA",0
"arab_barometer","SEA",0
"afrobarometer","SEA",0
"cdd_ghana","SEA",0
"ijr_south_africa","SEA",0
"ids_nairobi","SEA",0
"ireg_benin","SEA",0
"infotrak","SEA",0
"tifa_research","SEA",0
"consumer_insight_africa","SEA",0
"geopoll","SEA",1
"sagaci_research","SEA",0
"noipolls","SEA",0
"sbm_intelligence","SEA",0
"practical_sampling","SEA",0
"ask_afrika","SEA",0
"plus94_research","SEA",0
"citizen_surveys","SEA",0
"busara_center","SEA",0
"ipa_research","SEA",1
"jpal","SEA",2
"laterite","SEA",0
"sixty_decibels","SEA",2
"lokniti_csds","SEA",0
"cvoter","SEA",0
"axis_my_india","SEA",0
"hansa_research","SEA",0
"q_and_q_research","SEA",0
"outline_india","SEA",0
"gallup_pakistan","SEA",0
"lsi_indonesia","SEA",3
"smrc_indonesia","SEA",3
"indikator_politik","SEA",3
"sws_philippines","SEA",3
"pulse_asia","SEA",3
"cimigo","SEA",3
"q_and_me","SEA",3
"indochina_research","SEA",3
"deka_research","SEA",3
"macromill","SEA",2
"intage","SEA",0
"nikkei_research","SEA",0
"cross_marketing","SEA",0
"embrain","SEA",0
"hankook_research","SEA",0
"realmeter","SEA",0
"gallup_korea","SEA",0
"horizon_china","SEA",0
"ctr_china","SEA",0
"csm_media","SEA",0
"datafolha","SEA",0
"ipec_brasil","SEA",0
"quaest","SEA",0
"atlasintel","SEA",0
"consulta_mitofsky","SEA",0
"enkoll","SEA",0
"buendia_marquez","SEA",0
"cadem","SEA",0
"invamer","SEA",0
"datexco","SEA",0
"cid_gallup","SEA",0
"poliarquia","SEA",0
"latinobarometro","SEA",0
"lapop","SEA",0
"levada_center","SEA",0
"vciom","SEA",0
"fom_russia","SEA",0
"russian_field","SEA",0
"kiis","SEA",0
"rating_group","SEA",0
"razumkov_centre","SEA",0
"info_sapiens","SEA",0
"gradus_research","SEA",0
"crrc","SEA",0
"act_georgia","SEA",0
"central_asia_barometer","SEA",0
"m_vector","SEA",0
"siar_research","SEA",0
"ipm_belarus","SEA",0
"roy_morgan","SEA",0
"essential_research","SEA",0
"oztam","SEA",0
"barb_uk","SEA",0
"mediametrie","SEA",0
"barc_india","SEA",0
"video_research_jp","SEA",0
"numeris","SEA",0
"scale_ai","SEA",2
"surge_ai","SEA",1
"mercor","SEA",2
"handshake_ai","SEA",0
"micro1","SEA",1
"turing_com","SEA",1
"invisible_tech","SEA",2
"appen","SEA",3
"toloka","SEA",2
"telus_digital_ai","SEA",3
"imerit","SEA",0
"sama","SEA",0
"cloudfactory","SEA",0
"superannotate","SEA",2
"labelbox","SEA",2
"snorkel_ai","SEA",1
"encord","SEA",1
"v7_labs","SEA",1
"kili_technology","SEA",0
"dataloop","SEA",1
"roboflow","SEA",2
"defined_ai","SEA",2
"shaip","SEA",1
"innodata","SEA",1
"transperfect_dataforce","SEA",2
"speechocean","SEA",2
"datatang","SEA",1
"magic_data_tech","SEA",1
"dataannotation_tech","SEA",1
"pareto_ai","SEA",1
"mturk","SEA",0
"clickworker","SEA",2
"premise_data","SEA",3
"streetbees","SEA",2
"roamler","SEA",0
"field_agent","SEA",1
"gigwalk","SEA",0
"glg","SEA",1
"third_bridge","SEA",1
"guidepoint","SEA",1
"alphasense","SEA",1
"dialectica","SEA",1
"bright_data","SEA",3
"oxylabs","SEA",2
"decodo","SEA",2
"zyte","SEA",2
"apify","SEA",2
"firecrawl","SEA",2
"tavily","SEA",2
"diffbot","SEA",2
"common_crawl","SEA",3
"promptcloud","SEA",2
"grepsr","SEA",2
"nimble_data","SEA",2
"coresignal","SEA",2
"acxiom","SEA",1
"experian","SEA",2
"equifax","SEA",0
"transunion","SEA",0
"liveramp","SEA",1
"epsilon","SEA",0
"lexisnexis_risk","SEA",1
"dun_bradstreet","SEA",2
"cotality","SEA",0
"verisk","SEA",1
"crif","SEA",1
"serasa_experian","SEA",0
"spokeo","SEA",0
"safegraph","SEA",1
"placer_ai","SEA",0
"veraset","SEA",0
"unacast","SEA",0
"foursquare","SEA",2
"kochava_collective","SEA",2
"azira","SEA",2
"advan_research","SEA",0
"huq_industries","SEA",0
"predicio","SEA",0
"positium","SEA",1
"teralytics","SEA",1
"orange_flux_vision","SEA",0
"flowminder","SEA",1
"planet_labs","SEA",3
"vantor","SEA",3
"blacksky","SEA",3
"iceye","SEA",3
"satellogic","SEA",3
"capella_space","SEA",3
"umbra_space","SEA",3
"airbus_ds_geo","SEA",3
"spire_global","SEA",3
"ursa_space","SEA",3
"pixxel","SEA",3
"skyfi","SEA",3
"earthdaily","SEA",3
"satvu","SEA",3
"ghgsat","SEA",3
"kayrros","SEA",2
"descartes_labs","SEA",3
"spaceknow","SEA",3
"synspective","SEA",3
"axelspace","SEA",3
"changguang","SEA",3
"twentyone_at","SEA",3
"tomorrow_io","SEA",2
"windborne","SEA",2
"saildrone","SEA",2
"sofar_ocean","SEA",3
"jupiter_intelligence","SEA",2
"first_street","SEA",0
"fathom_global","SEA",2
"jba_risk","SEA",2
"moodys_rms","SEA",2
"mitiga_solutions","SEA",2
"climateai","SEA",2
"descartes_underwriting","SEA",2
"sylvera","SEA",2
"bezero_carbon","SEA",2
"carbon_mapper","SEA",2
"chloris_geospatial","SEA",2
"nielsen","SEA",2
"comscore","SEA",1
"samba_tv","SEA",1
"ispot_tv","SEA",0
"videoamp","SEA",0
"similarweb","SEA",3
"sensor_tower","SEA",3
"yipitdata","SEA",0
"m_science","SEA",0
"consumer_edge","SEA",0
"earnest_analytics","SEA",0
"facteus","SEA",0
"measurable_ai","SEA",3
"plaid","SEA",0
"tink","SEA",0
"kpler","SEA",3
"vortexa","SEA",3
"windward_ai","SEA",3
"panjiva","SEA",2
"importgenius","SEA",2
"iqvia","SEA",2
"komodo_health","SEA",0
"truveta","SEA",0
"healthverity","SEA",0
"tempus_ai","SEA",0
"datavant","SEA",0
"flatiron_health","SEA",0
"trinetx","SEA",1
"picnichealth","SEA",0
"evidation_health","SEA",0
"medidata","SEA",2
"veeva_crossix","SEA",0
"definitive_healthcare","SEA",0
"uk_biobank","SEA",0
"bgi_genomics","SEA",2
"samsara","SEA",0
"geotab","SEA",1
"inrix","SEA",0
"tomtom","SEA",2
"here_technologies","SEA",2
"cambridge_mobile","SEA",0
"arity","SEA",0
"smartcar","SEA",0
"high_mobility","SEA",0
"dataminr","SEA",2
"recorded_future","SEA",2
"meltwater","SEA",2
"brandwatch","SEA",2
"talkwalker","SEA",2
"sprinklr","SEA",2
"graphika","SEA",2
"babel_street","SEA",2
"sayari","SEA",3
"kharon","SEA",2
"janes","SEA",2
"acled","SEA",3
"gdelt","SEA",3
"bellingcat","SEA",2
"newsguard","SEA",1
"zoominfo","SEA",1
"apollo_io","SEA",1
"cognism","SEA",0
"lusha","SEA",1
"people_data_labs","SEA",1
"opencorporates","SEA",2
"moodys_bvd","SEA",2
"pitchbook","SEA",1
"crunchbase","SEA",1
"tracxn","SEA",1
"dealroom","SEA",1
"numerator","SEA",1
"profitero","SEA",2
"dataweave","SEA",1
"intelligence_node","SEA",2
"trax_retail","SEA",3
"dunnhumby","SEA",1
"eightyfour_51","SEA",0
"clearview_ai","SEA",2
"pimeyes","SEA",2
"tools_for_humanity","SEA",2
"yoti","SEA",1
"idemia","SEA",2
"sensetime","SEA",2
"megvii","SEA",2
"hikvision","SEA",3
"arab_advisors","SEA",0
"asdaa_bcw","SEA",0
"insight_discovery","SEA",0
"ventures_middle_east","SEA",0
"space42","SEA",3
"presight_ai","SEA",1
"lucidya","SEA",0
"mozn","SEA",0
"crowd_analyzer","SEA",0
"tarjama","SEA",0
"idsc_egypt","SEA",0
"rada_research","SEA",0
"statistics_lebanon","SEA",0
"information_international","SEA",0
"scpr_syria","SEA",0
"yemen_polling_center","SEA",0
"diwan_research","SEA",0
"immar_rc","SEA",0
"sunergia","SEA",0
"iranpoll","SEA",0
"turkiye_raporu","SEA",0
"geocartography","SEA",0
"near_east_consulting","SEA",0
"jmcc","SEA",0
"zogby_research","SEA",0
"reach_initiative","SEA",1
"acaps","SEA",2
"afriksurvey","SEA",0
"sagapoll","SEA",0
"dalberg_research","SEA",0
"stears","SEA",0
"datalens_africa","SEA",0
"creditregistry","SEA",0
"indicina","SEA",0
"africa_polling_institute","SEA",0
"global_infoanalytics","SEA",0
"amini","SEA",0
"research_solutions_africa","SEA",0
"msurvey","SEA",0
"echo_mobile","SEA",0
"viamo","SEA",2
"twaweza","SEA",0
"research_world_intl","SEA",0
"charis_uas","SEA",0
"digital_umuganda","SEA",0
"somali_public_agenda","SEA",0
"mpoi_zimbabwe","SEA",0
"social_research_foundation","SEA",0
"eighty20","SEA",0
"lightstone","SEA",0
"lelapa_ai","SEA",0
"masakhane","SEA",0
"awarri","SEA",0
"romir","SEA",0
"mediascope","SEA",0
"ipsos_comcon","SEA",0
"tiburon_research","SEA",0
"anketolog","SEA",0
"sberindex","SEA",0
"yandex_data","SEA",0
"baw_belarus","SEA",0
"bisam","SEA",0
"demoscope_kz","SEA",0
"ijtimoiy_fikr","SEA",0
"questmobile","SEA",0
"analysys_yiguan","SEA",0
"iimedia","SEA",0
"talkingdata","SEA",0
"aurora_mobile","SEA",0
"miaozhen_admaster","SEA",0
"qichacha","SEA",0
"tianyancha","SEA",0
"wind_information","SEA",0
"intron_health","SEA",0
"african_languages_lab","SEA",0
"aflabox","SEA",0
"tolbi","SEA",0
"soko_aerial","SEA",0
"geoinfotech","SEA",0
"helium_health","SEA",0
"pula","SEA",0
"apollo_agriculture","SEA",0
"hello_tractor","SEA",0
"mpharma","SEA",0
"ehealth_africa","SEA",0
"lacuna_fund","SEA",1
"makerere_ai","SEA",0
"cntxt_ai","SEA",0
"arabic_ai","SEA",0
"aydi","SEA",0
"widebot","SEA",0
"mawdoo3","SEA",0
"aaru","SEA",2
"simile","SEA",2
"conveo","SEA",1
"perspective_ai","SEA",1
"theysaid","SEA",1
"versive","SEA",1
"hivemapper","SEA",1
"dimo","SEA",0
"weatherxm","SEA",1
"nova_labs_helium","SEA",1
"safecast","SEA",1
"biobot","SEA",0
"verily","SEA",0
"wastewaterscan","SEA",0
"hawkeye_360","SEA",3
"unseenlabs","SEA",3
"kleos_space","SEA",3
"naturemetrics","SEA",2
"rainforest_connection","SEA",1
"fugro","SEA",3
"clarity_movement","SEA",2
"aclima","SEA",0
"nuview","SEA",3
"orbital_sidekick","SEA",3
"wyvern","SEA",3
"hydrosat","SEA",3
"muon_space","SEA",3
"myriota","SEA",1
"astrocast","SEA",1
"nearmap","SEA",2
"vexcel_imaging","SEA",2
"airqo","SEA",0
"code_for_africa","SEA",0
"aerobotics","SEA",2
"ujuzikilimo","SEA",0
"robocare","SEA",0
"astral_aerial","SEA",0
"earthranger","SEA",0
"falcon_eye_drones","SEA",0
"falcon_3d","SEA",0
"digital_earth_africa","SEA",0
"sansa","SEA",0
"nasrda","SEA",0
"egsa","SEA",0
"kenya_space_agency","SEA",0
"essti","SEA",0
"mbrsc","SEA",0
"tubitak_uzay","SEA",0
"imagesat","SEA",3
"taranis","SEA",2
"agritask","SEA",2
"asterra","SEA",3
"norc","SEA",1
"westat","SEA",0
"rti_international","SEA",2
"mathematica","SEA",1
"abt_global","SEA",2
"ssrs","SEA",0
"icf_international","SEA",2
"quinnipiac_poll","SEA",0
"marist_poll","SEA",0
"monmouth_poll","SEA",0
"siena_research","SEA",0
"emerson_polling","SEA",0
"surveyusa","SEA",0
"prri","SEA",0
"ap_norc","SEA",0
"civiqs","SEA",0
"echelon_insights","SEA",0
"data_for_progress","SEA",0
"cygnal","SEA",0
"leger","SEA",0
"angus_reid_institute","SEA",0
"nanos_research","SEA",0
"ekos_research","SEA",0
"abacus_data","SEA",0
"environics_research","SEA",0
"skywatch","SEA",3
"mda_space","SEA",3
"ecopia_ai","SEA",3
"farmers_edge","SEA",0
"deveron","SEA",0
"semios","SEA",0
"bluedot","SEA",2
"local_logic","SEA",0
"riskthinking_ai","SEA",2
"triton_digital","SEA",2
"descartes_datamyne","SEA",3
"browse_ai","SEA",2
"internet_archive","SEA",2
"exa_ai","SEA",2
"altana","SEA",3
"project44","SEA",3
"fourkites","SEA",3
"clear_secure","SEA",0
"id_me","SEA",0
"socure","SEA",0
"observa","SEA",0
"ookla","SEA",1
"purpleair","SEA",1
"motive","SEA",0
"lytx","SEA",0
"catalina_marketing","SEA",1
"inmar_intelligence","SEA",0
"data_axle","SEA",0
"bombora","SEA",1
"thinknum","SEA",1
"om1","SEA",0
"verana_health","SEA",0
"atropos_health","SEA",0
"aetion","SEA",0
"edison_research","SEA",0
"luminate_data","SEA",2
"flashpoint","SEA",2
"zignal_labs","SEA",2
"albedo","SEA",3
"centaur_labs","SEA",2
"fulcrum_app","SEA",3
"rep_data","SEA",2
"understanding_america","SEA",0
"forsa","SEA",0
"infratest_dimap","SEA",0
"allensbach","SEA",0
"civey","SEA",0
"insa_consulere","SEA",0
"infas","SEA",0
"gesis","SEA",1
"soep_diw","SEA",0
"ororatech","SEA",3
"liveeo","SEA",3
"constellr","SEA",3
"limesurvey","SEA",3
"agf_videoforschung","SEA",0
"ifop","SEA",1
"opinionway","SEA",0
"bva_xsight","SEA",1
"elabe","SEA",0
"odoxa","SEA",0
"csa_research","SEA",0
"credoc","SEA",0
"scrapingbee","SEA",2
"shippeo","SEA",2
"owkin","SEA",0
"doxa","SEA",0
"swg_italia","SEA",0
"cerved","SEA",0
"auditel_italia","SEA",0
"e_geos","SEA",3
"planetek_italia","SEA",2
"sigma_dos","SEA",1
"gad3","SEA",1
"metroscopia","SEA",0
"cuarenta_db","SEA",0
"kido_dynamics","SEA",0
"deimos_imaging","SEA",3
"marktest","SEA",0
"intercampus","SEA",0
"metron_analysis","SEA",0
"kapa_research","SEA",0
"marinetraffic","SEA",3
"kieskompas","SEA",1
"io_research","SEA",0
"motivaction","SEA",0
"nipo_nfield","SEA",3
"lifelines","SEA",0
"ivox","SEA",0
"sora_institute","SEA",0
"gfs_bern","SEA",0
"sotomo","SEA",0
"link_institut","SEA",0
"red_c","SEA",0
"epinion","SEA",1
"voxmeter","SEA",0
"novus","SEA",0
"taloustutkimus","SEA",0
"finngen","SEA",0
"decode_genetics","SEA",0
"signicat","SEA",1
"natcen","SEA",0
"understanding_society","SEA",0
"uk_data_service","SEA",0
"opinium","SEA",1
"survation","SEA",0
"deltapoll","SEA",0
"focaldata","SEA",1
"jl_partners","SEA",1
"more_in_common","SEA",1
"bmg_research","SEA",0
"signal_ai","SEA",2
"rezatec","SEA",2
"open_cosmos","SEA",3
"iproov","SEA",1
"truelayer","SEA",0
"yapily","SEA",0
"our_future_health","SEA",0
"lifebit","SEA",0
"ovilongwa","SEA",0
"star_awards_bwa","SEA",0
"igd_burkina","SEA",0
"gradis_burundi","SEA",0
"afrosondagem","SEA",0
"cible_cameroun","SEA",0
"laereag_tchad","SEA",0
"avenir_nepad_congo","SEA",0
"cofinco_comores","SEA",0
"zechlab","SEA",0
"qa_strategic_swz","SEA",0
"abcon_ethiopia","SEA",0
"cergep_gabon","SEA",0
"stat_view_guinea","SEA",0
"igpad_guinea_bissau","SEA",0
"advision_lesotho","SEA",0
"cdg_liberia","SEA",0
"coef_resources","SEA",0
"csr_malawi","SEA",0
"great_mali","SEA",0
"sista_consult","SEA",0
"straconsult_mus","SEA",0
"gsc_morocco","SEA",0
"cs_research_moz","SEA",0
"survey_warehouse","SEA",0
"lasdel_niger","SEA",0
"cres_senegal","SEA",0
"igr_sierra_leone","SEA",0
"sudan_polling_center","SEA",0
"repoa_tanzania","SEA",0
"crpd_gambia","SEA",0
"crop_togo","SEA",0
"hatchile_uganda","SEA",0
"cesor_zambia","SEA",0
"smile_identity","SEA",1
"zindi","SEA",1
"kartoza","SEA",2
"geoterraimage","SEA",2
"spatial_collective","SEA",0
"ramani_huria","SEA",0
"farmerline","SEA",0
"esoko","SEA",1
"sunculture","SEA",0
"thriveagric","SEA",0
"mono_nigeria","SEA",0
"stitch_za","SEA",0
"metropol_kenya","SEA",0
"crc_credit_bureau","SEA",0
"africa_check","SEA",1
"dubawa","SEA",1
"ilara_health","SEA",0
"jacaranda_health","SEA",0
"reelforge","SEA",1
"prembly","SEA",1
"youverify","SEA",1
"data_science_nigeria","SEA",0
"icog_labs","SEA",1
"lesan_ai","SEA",0
"kobo360","SEA",2
"lori_systems","SEA",2
"irsm_algeria","SEA",0
"cread_algeria","SEA",0
"optimar","SEA",0
"orc_arastirma","SEA",0
"avrasya_arastirma","SEA",0
"genar","SEA",0
"yoneylem","SEA",0
"sonar_arastirma","SEA",0
"gezici_arastirma","SEA",0
"mak_danismanlik","SEA",0
"piar_arastirma","SEA",0
"insider_tr","SEA",1
"acrps_doha","SEA",0
"sesri_qatar","SEA",0
"qcri","SEA",1
"sdaia","SEA",0
"elm_saudi","SEA",0
"saudi_space_agency","SEA",0
"simah","SEA",0
"derasat","SEA",0
"cri_lebanon","SEA",0
"infopro_lebanon","SEA",0
"albayan_iraq","SEA",0
"mas_palestine","SEA",0
"altibbi","SEA",0
"maqsam","SEA",1
"el_zanaty","SEA",0
"i_score_egypt","SEA",0
"intella_ai","SEA",1
"marocmetrie","SEA",0
"aarc_international","SEA",0
"chifco","SEA",0
"m42","SEA",0
"aecb","SEA",0
"derq","SEA",0
"israel_democracy_institute","SEA",0
"zencity","SEA",1
"cognyte","SEA",2
"ahri_south_africa","SEA",0
"agincourt_wits","SEA",0
"saprin","SEA",0
"aphrc","SEA",0
"kemri_wellcome","SEA",0
"ifakara_health","SEA",0
"manhica_cisim","SEA",0
"mrc_gambia","SEA",0
"navrongo_hrc","SEA",0
"rakai_health","SEA",0
"malawi_liverpool_wellcome","SEA",0
"cidrz","SEA",0
"kersa_hdss","SEA",0
"nouna_crsn","SEA",0
"apcc","SEA",0
"h3africa","SEA",0
"hsrc","SEA",0
"saldru","SEA",0
"datafirst","SEA",0
"isser_ghana","SEA",0
"eprc_uganda","SEA",0
"esrf_tanzania","SEA",0
"csea_nigeria","SEA",0
"pesacheck","SEA",1
"freshly_ground_insights","SEA",0
"columinate","SEA",0
"persian_cohort","SEA",0
"golestan_cohort","SEA",0
"qatar_biobank","SEA",0
"moroccan_genome","SEA",0
"afristat","SEA",2
"statafric","SEA",2
"afdb_statistics","SEA",2
"sanbi","SEA",0
"africas_talking","SEA",0
"onafriq","SEA",0
"cellulant","SEA",0
"codesria","SEA",0
"aerc","SEA",0
"pasgr","SEA",0
"iss_africa","SEA",1
"nextier_spd","SEA",0
"heritage_institute","SEA",0
"zeparu","SEA",0
"bidpa","SEA",0
"ippr_namibia","SEA",0
"nkafu","SEA",0
"cires_ivoire","SEA",0
"iese_mozambique","SEA",0
"zipar","SEA",0
"riwi","SEA",2
"pricestats","SEA",1
"soundthinking","SEA",0
"alphonso","SEA",1
"opensignal","SEA",1
"nexar","SEA",0
"geodnet","SEA",1
"wingbits","SEA",1
"flightradar24","SEA",1
"karya","SEA",0
"airwars","SEA",1
"mnemonic","SEA",1
"forensic_architecture","SEA",2
"atlas_ai","SEA",2
"fraym","SEA",0
"rs_metrics","SEA",1
"yodlee","SEA",0
"empatica","SEA",0
"sonde_health","SEA",0
"origin_wireless","SEA",0
"vayyar","SEA",0
"bidgely","SEA",0
"wildlife_insights","SEA",1
"atlan_space","SEA",0
"cellebrite","SEA",3
"nso_group","SEA",3
"candiru","SEA",2
"paragon_solutions","SEA",2
"kando","SEA",0
"beehero","SEA",0
"seetree","SEA",2
"lean_technologies","SEA",0
"ushahidi","SEA",2
"sunbird_ai","SEA",0
"terragon","SEA",0
"zenvus","SEA",0
"dataphyte","SEA",0
"ipsos","EAS",3
"kantar","EAS",3
"niq","EAS",3
"circana","EAS",1
"gallup","EAS",2
"yougov","EAS",2
"morning_consult","EAS",2
"pew_research","EAS",2
"verian","EAS",1
"ipsos_mori_uk","EAS",0
"savanta","EAS",1
"system1_group","EAS",1
"euromonitor","EAS",3
"mintel","EAS",1
"statista","EAS",2
"m3_global_research","EAS",2
"escalent","EAS",1
"material_plus","EAS",1
"c_space","EAS",1
"hall_and_partners","EAS",1
"appinio","EAS",1
"attest","EAS",1
"zappi","EAS",1
"suzy","EAS",0
"glimpse_ai","EAS",0
"listen_labs","EAS",1
"strella","EAS",0
"outset_ai","EAS",1
"cint","EAS",2
"dynata","EAS",2
"toluna","EAS",2
"bilendi","EAS",0
"norstat","EAS",0
"prolific","EAS",1
"cloudresearch","EAS",0
"purespectrum","EAS",1
"innovate_mr","EAS",1
"prodege","EAS",1
"disqo","EAS",0
"rakuten_insight","EAS",3
"borderless_access","EAS",1
"milieu_insight","EAS",0
"respondent_io","EAS",1
"qualtrics","EAS",2
"surveymonkey","EAS",3
"alchemer","EAS",3
"forsta","EAS",3
"sawtooth_software","EAS",3
"surveycto","EAS",1
"kobotoolbox","EAS",1
"odk","EAS",1
"commcare_dimagi","EAS",1
"ona","EAS",2
"mwater","EAS",3
"redcap","EAS",2
"gorilla_sc","EAS",3
"credamo","EAS",0
"wenjuanxing","EAS",0
"one_to_one_tunisia","EAS",0
"sigma_conseil","EAS",0
"emrhod_consulting","EAS",0
"elka_consulting","EAS",0
"bjka_consulting","EAS",0
"lms_csa_maroc","EAS",0
"baseera_egypt","EAS",0
"pcpsr","EAS",0
"awrad","EAS",0
"nama_strategic","EAS",0
"css_jordan","EAS",0
"iiacss","EAS",0
"parc_dubai","EAS",0
"ispa_iran","EAS",0
"gamaan","EAS",0
"konda","EAS",0
"metropoll","EAS",0
"areda_survey","EAS",0
"midgam_israel","EAS",0
"ipanel_israel","EAS",0
"arab_barometer","EAS",0
"afrobarometer","EAS",0
"cdd_ghana","EAS",0
"ijr_south_africa","EAS",0
"ids_nairobi","EAS",0
"ireg_benin","EAS",0
"infotrak","EAS",0
"tifa_research","EAS",0
"consumer_insight_africa","EAS",0
"geopoll","EAS",0
"sagaci_research","EAS",0
"noipolls","EAS",0
"sbm_intelligence","EAS",0
"practical_sampling","EAS",0
"ask_afrika","EAS",0
"plus94_research","EAS",0
"citizen_surveys","EAS",0
"busara_center","EAS",0
"ipa_research","EAS",0
"jpal","EAS",0
"laterite","EAS",0
"sixty_decibels","EAS",0
"lokniti_csds","EAS",0
"cvoter","EAS",0
"axis_my_india","EAS",0
"hansa_research","EAS",0
"q_and_q_research","EAS",0
"outline_india","EAS",0
"gallup_pakistan","EAS",0
"lsi_indonesia","EAS",0
"smrc_indonesia","EAS",0
"indikator_politik","EAS",0
"sws_philippines","EAS",0
"pulse_asia","EAS",0
"cimigo","EAS",0
"q_and_me","EAS",0
"indochina_research","EAS",0
"deka_research","EAS",0
"macromill","EAS",3
"intage","EAS",3
"nikkei_research","EAS",3
"cross_marketing","EAS",3
"embrain","EAS",3
"hankook_research","EAS",3
"realmeter","EAS",3
"gallup_korea","EAS",3
"horizon_china","EAS",0
"ctr_china","EAS",0
"csm_media","EAS",0
"datafolha","EAS",0
"ipec_brasil","EAS",0
"quaest","EAS",0
"atlasintel","EAS",0
"consulta_mitofsky","EAS",0
"enkoll","EAS",0
"buendia_marquez","EAS",0
"cadem","EAS",0
"invamer","EAS",0
"datexco","EAS",0
"cid_gallup","EAS",0
"poliarquia","EAS",0
"latinobarometro","EAS",0
"lapop","EAS",0
"levada_center","EAS",0
"vciom","EAS",0
"fom_russia","EAS",0
"russian_field","EAS",0
"kiis","EAS",0
"rating_group","EAS",0
"razumkov_centre","EAS",0
"info_sapiens","EAS",0
"gradus_research","EAS",0
"crrc","EAS",0
"act_georgia","EAS",0
"central_asia_barometer","EAS",0
"m_vector","EAS",0
"siar_research","EAS",0
"ipm_belarus","EAS",0
"roy_morgan","EAS",0
"essential_research","EAS",0
"oztam","EAS",0
"barb_uk","EAS",0
"mediametrie","EAS",0
"barc_india","EAS",0
"video_research_jp","EAS",3
"numeris","EAS",0
"scale_ai","EAS",1
"surge_ai","EAS",1
"mercor","EAS",2
"handshake_ai","EAS",0
"micro1","EAS",1
"turing_com","EAS",1
"invisible_tech","EAS",1
"appen","EAS",3
"toloka","EAS",1
"telus_digital_ai","EAS",2
"imerit","EAS",0
"sama","EAS",0
"cloudfactory","EAS",0
"superannotate","EAS",1
"labelbox","EAS",1
"snorkel_ai","EAS",0
"encord","EAS",0
"v7_labs","EAS",0
"kili_technology","EAS",0
"dataloop","EAS",0
"roboflow","EAS",1
"defined_ai","EAS",1
"shaip","EAS",0
"innodata","EAS",0
"transperfect_dataforce","EAS",1
"speechocean","EAS",2
"datatang","EAS",1
"magic_data_tech","EAS",1
"dataannotation_tech","EAS",0
"pareto_ai","EAS",0
"mturk","EAS",0
"clickworker","EAS",1
"premise_data","EAS",1
"streetbees","EAS",1
"roamler","EAS",0
"field_agent","EAS",0
"gigwalk","EAS",0
"glg","EAS",2
"third_bridge","EAS",2
"guidepoint","EAS",2
"alphasense","EAS",2
"dialectica","EAS",2
"bright_data","EAS",3
"oxylabs","EAS",2
"decodo","EAS",2
"zyte","EAS",2
"apify","EAS",2
"firecrawl","EAS",2
"tavily","EAS",2
"diffbot","EAS",2
"common_crawl","EAS",3
"promptcloud","EAS",2
"grepsr","EAS",2
"nimble_data","EAS",2
"coresignal","EAS",2
"acxiom","EAS",1
"experian","EAS",1
"equifax","EAS",0
"transunion","EAS",1
"liveramp","EAS",1
"epsilon","EAS",0
"lexisnexis_risk","EAS",1
"dun_bradstreet","EAS",2
"cotality","EAS",0
"verisk","EAS",1
"crif","EAS",1
"serasa_experian","EAS",0
"spokeo","EAS",0
"safegraph","EAS",1
"placer_ai","EAS",0
"veraset","EAS",0
"unacast","EAS",0
"foursquare","EAS",2
"kochava_collective","EAS",2
"azira","EAS",2
"advan_research","EAS",0
"huq_industries","EAS",0
"predicio","EAS",0
"positium","EAS",1
"teralytics","EAS",1
"orange_flux_vision","EAS",0
"flowminder","EAS",0
"planet_labs","EAS",3
"vantor","EAS",3
"blacksky","EAS",3
"iceye","EAS",3
"satellogic","EAS",3
"capella_space","EAS",3
"umbra_space","EAS",3
"airbus_ds_geo","EAS",3
"spire_global","EAS",3
"ursa_space","EAS",3
"pixxel","EAS",3
"skyfi","EAS",3
"earthdaily","EAS",3
"satvu","EAS",3
"ghgsat","EAS",3
"kayrros","EAS",2
"descartes_labs","EAS",3
"spaceknow","EAS",3
"synspective","EAS",3
"axelspace","EAS",3
"changguang","EAS",3
"twentyone_at","EAS",3
"tomorrow_io","EAS",2
"windborne","EAS",2
"saildrone","EAS",2
"sofar_ocean","EAS",3
"jupiter_intelligence","EAS",2
"first_street","EAS",0
"fathom_global","EAS",2
"jba_risk","EAS",2
"moodys_rms","EAS",2
"mitiga_solutions","EAS",2
"climateai","EAS",2
"descartes_underwriting","EAS",2
"sylvera","EAS",2
"bezero_carbon","EAS",2
"carbon_mapper","EAS",2
"chloris_geospatial","EAS",2
"nielsen","EAS",2
"comscore","EAS",1
"samba_tv","EAS",1
"ispot_tv","EAS",0
"videoamp","EAS",0
"similarweb","EAS",3
"sensor_tower","EAS",3
"yipitdata","EAS",0
"m_science","EAS",0
"consumer_edge","EAS",0
"earnest_analytics","EAS",0
"facteus","EAS",0
"measurable_ai","EAS",2
"plaid","EAS",0
"tink","EAS",0
"kpler","EAS",3
"vortexa","EAS",3
"windward_ai","EAS",3
"panjiva","EAS",1
"importgenius","EAS",1
"iqvia","EAS",2
"komodo_health","EAS",0
"truveta","EAS",0
"healthverity","EAS",0
"tempus_ai","EAS",0
"datavant","EAS",0
"flatiron_health","EAS",0
"trinetx","EAS",2
"picnichealth","EAS",0
"evidation_health","EAS",0
"medidata","EAS",3
"veeva_crossix","EAS",0
"definitive_healthcare","EAS",0
"uk_biobank","EAS",0
"bgi_genomics","EAS",2
"samsara","EAS",0
"geotab","EAS",1
"inrix","EAS",1
"tomtom","EAS",2
"here_technologies","EAS",2
"cambridge_mobile","EAS",0
"arity","EAS",0
"smartcar","EAS",0
"high_mobility","EAS",0
"dataminr","EAS",2
"recorded_future","EAS",2
"meltwater","EAS",2
"brandwatch","EAS",2
"talkwalker","EAS",2
"sprinklr","EAS",2
"graphika","EAS",2
"babel_street","EAS",2
"sayari","EAS",3
"kharon","EAS",2
"janes","EAS",2
"acled","EAS",2
"gdelt","EAS",3
"bellingcat","EAS",2
"newsguard","EAS",1
"zoominfo","EAS",1
"apollo_io","EAS",2
"cognism","EAS",1
"lusha","EAS",2
"people_data_labs","EAS",1
"opencorporates","EAS",2
"moodys_bvd","EAS",3
"pitchbook","EAS",2
"crunchbase","EAS",2
"tracxn","EAS",2
"dealroom","EAS",2
"numerator","EAS",1
"profitero","EAS",2
"dataweave","EAS",1
"intelligence_node","EAS",2
"trax_retail","EAS",2
"dunnhumby","EAS",1
"eightyfour_51","EAS",0
"clearview_ai","EAS",2
"pimeyes","EAS",2
"tools_for_humanity","EAS",2
"yoti","EAS",1
"idemia","EAS",2
"sensetime","EAS",1
"megvii","EAS",1
"hikvision","EAS",2
"arab_advisors","EAS",0
"asdaa_bcw","EAS",0
"insight_discovery","EAS",0
"ventures_middle_east","EAS",0
"space42","EAS",3
"presight_ai","EAS",1
"lucidya","EAS",0
"mozn","EAS",0
"crowd_analyzer","EAS",0
"tarjama","EAS",0
"idsc_egypt","EAS",0
"rada_research","EAS",0
"statistics_lebanon","EAS",0
"information_international","EAS",0
"scpr_syria","EAS",0
"yemen_polling_center","EAS",0
"diwan_research","EAS",0
"immar_rc","EAS",0
"sunergia","EAS",0
"iranpoll","EAS",0
"turkiye_raporu","EAS",0
"geocartography","EAS",0
"near_east_consulting","EAS",0
"jmcc","EAS",0
"zogby_research","EAS",0
"reach_initiative","EAS",0
"acaps","EAS",0
"afriksurvey","EAS",0
"sagapoll","EAS",0
"dalberg_research","EAS",0
"stears","EAS",0
"datalens_africa","EAS",0
"creditregistry","EAS",0
"indicina","EAS",0
"africa_polling_institute","EAS",0
"global_infoanalytics","EAS",0
"amini","EAS",0
"research_solutions_africa","EAS",0
"msurvey","EAS",0
"echo_mobile","EAS",0
"viamo","EAS",0
"twaweza","EAS",0
"research_world_intl","EAS",0
"charis_uas","EAS",0
"digital_umuganda","EAS",0
"somali_public_agenda","EAS",0
"mpoi_zimbabwe","EAS",0
"social_research_foundation","EAS",0
"eighty20","EAS",0
"lightstone","EAS",0
"lelapa_ai","EAS",0
"masakhane","EAS",0
"awarri","EAS",0
"romir","EAS",0
"mediascope","EAS",0
"ipsos_comcon","EAS",0
"tiburon_research","EAS",0
"anketolog","EAS",0
"sberindex","EAS",0
"yandex_data","EAS",0
"baw_belarus","EAS",0
"bisam","EAS",0
"demoscope_kz","EAS",0
"ijtimoiy_fikr","EAS",0
"questmobile","EAS",0
"analysys_yiguan","EAS",0
"iimedia","EAS",0
"talkingdata","EAS",0
"aurora_mobile","EAS",0
"miaozhen_admaster","EAS",0
"qichacha","EAS",0
"tianyancha","EAS",0
"wind_information","EAS",0
"intron_health","EAS",0
"african_languages_lab","EAS",0
"aflabox","EAS",0
"tolbi","EAS",0
"soko_aerial","EAS",0
"geoinfotech","EAS",0
"helium_health","EAS",0
"pula","EAS",0
"apollo_agriculture","EAS",0
"hello_tractor","EAS",0
"mpharma","EAS",0
"ehealth_africa","EAS",0
"lacuna_fund","EAS",0
"makerere_ai","EAS",0
"cntxt_ai","EAS",0
"arabic_ai","EAS",0
"aydi","EAS",0
"widebot","EAS",0
"mawdoo3","EAS",0
"aaru","EAS",2
"simile","EAS",2
"conveo","EAS",1
"perspective_ai","EAS",1
"theysaid","EAS",1
"versive","EAS",1
"hivemapper","EAS",1
"dimo","EAS",0
"weatherxm","EAS",1
"nova_labs_helium","EAS",1
"safecast","EAS",1
"biobot","EAS",0
"verily","EAS",0
"wastewaterscan","EAS",0
"hawkeye_360","EAS",3
"unseenlabs","EAS",3
"kleos_space","EAS",3
"naturemetrics","EAS",2
"rainforest_connection","EAS",1
"fugro","EAS",3
"clarity_movement","EAS",2
"aclima","EAS",0
"nuview","EAS",3
"orbital_sidekick","EAS",3
"wyvern","EAS",3
"hydrosat","EAS",3
"muon_space","EAS",3
"myriota","EAS",1
"astrocast","EAS",1
"nearmap","EAS",2
"vexcel_imaging","EAS",2
"airqo","EAS",0
"code_for_africa","EAS",0
"aerobotics","EAS",2
"ujuzikilimo","EAS",0
"robocare","EAS",0
"astral_aerial","EAS",0
"earthranger","EAS",0
"falcon_eye_drones","EAS",0
"falcon_3d","EAS",0
"digital_earth_africa","EAS",0
"sansa","EAS",0
"nasrda","EAS",0
"egsa","EAS",0
"kenya_space_agency","EAS",0
"essti","EAS",0
"mbrsc","EAS",0
"tubitak_uzay","EAS",0
"imagesat","EAS",3
"taranis","EAS",2
"agritask","EAS",2
"asterra","EAS",3
"norc","EAS",0
"westat","EAS",0
"rti_international","EAS",1
"mathematica","EAS",0
"abt_global","EAS",0
"ssrs","EAS",0
"icf_international","EAS",0
"quinnipiac_poll","EAS",0
"marist_poll","EAS",0
"monmouth_poll","EAS",0
"siena_research","EAS",0
"emerson_polling","EAS",0
"surveyusa","EAS",0
"prri","EAS",0
"ap_norc","EAS",0
"civiqs","EAS",0
"echelon_insights","EAS",0
"data_for_progress","EAS",0
"cygnal","EAS",0
"leger","EAS",0
"angus_reid_institute","EAS",0
"nanos_research","EAS",0
"ekos_research","EAS",0
"abacus_data","EAS",0
"environics_research","EAS",0
"skywatch","EAS",3
"mda_space","EAS",3
"ecopia_ai","EAS",3
"farmers_edge","EAS",0
"deveron","EAS",0
"semios","EAS",0
"bluedot","EAS",2
"local_logic","EAS",0
"riskthinking_ai","EAS",2
"triton_digital","EAS",2
"descartes_datamyne","EAS",3
"browse_ai","EAS",2
"internet_archive","EAS",2
"exa_ai","EAS",2
"altana","EAS",3
"project44","EAS",3
"fourkites","EAS",3
"clear_secure","EAS",0
"id_me","EAS",0
"socure","EAS",0
"observa","EAS",0
"ookla","EAS",1
"purpleair","EAS",1
"motive","EAS",0
"lytx","EAS",0
"catalina_marketing","EAS",1
"inmar_intelligence","EAS",0
"data_axle","EAS",0
"bombora","EAS",2
"thinknum","EAS",1
"om1","EAS",0
"verana_health","EAS",0
"atropos_health","EAS",0
"aetion","EAS",0
"edison_research","EAS",0
"luminate_data","EAS",2
"flashpoint","EAS",2
"zignal_labs","EAS",2
"albedo","EAS",3
"centaur_labs","EAS",1
"fulcrum_app","EAS",3
"rep_data","EAS",2
"understanding_america","EAS",0
"forsa","EAS",0
"infratest_dimap","EAS",0
"allensbach","EAS",0
"civey","EAS",0
"insa_consulere","EAS",0
"infas","EAS",0
"gesis","EAS",1
"soep_diw","EAS",0
"ororatech","EAS",3
"liveeo","EAS",3
"constellr","EAS",3
"limesurvey","EAS",3
"agf_videoforschung","EAS",0
"ifop","EAS",1
"opinionway","EAS",0
"bva_xsight","EAS",1
"elabe","EAS",0
"odoxa","EAS",0
"csa_research","EAS",0
"credoc","EAS",0
"scrapingbee","EAS",2
"shippeo","EAS",2
"owkin","EAS",0
"doxa","EAS",0
"swg_italia","EAS",0
"cerved","EAS",0
"auditel_italia","EAS",0
"e_geos","EAS",3
"planetek_italia","EAS",2
"sigma_dos","EAS",1
"gad3","EAS",1
"metroscopia","EAS",0
"cuarenta_db","EAS",0
"kido_dynamics","EAS",0
"deimos_imaging","EAS",3
"marktest","EAS",0
"intercampus","EAS",0
"metron_analysis","EAS",0
"kapa_research","EAS",0
"marinetraffic","EAS",3
"kieskompas","EAS",1
"io_research","EAS",0
"motivaction","EAS",0
"nipo_nfield","EAS",3
"lifelines","EAS",0
"ivox","EAS",0
"sora_institute","EAS",0
"gfs_bern","EAS",0
"sotomo","EAS",0
"link_institut","EAS",0
"red_c","EAS",0
"epinion","EAS",1
"voxmeter","EAS",0
"novus","EAS",0
"taloustutkimus","EAS",0
"finngen","EAS",0
"decode_genetics","EAS",0
"signicat","EAS",1
"natcen","EAS",0
"understanding_society","EAS",0
"uk_data_service","EAS",0
"opinium","EAS",1
"survation","EAS",0
"deltapoll","EAS",0
"focaldata","EAS",1
"jl_partners","EAS",1
"more_in_common","EAS",1
"bmg_research","EAS",0
"signal_ai","EAS",2
"rezatec","EAS",2
"open_cosmos","EAS",3
"iproov","EAS",1
"truelayer","EAS",0
"yapily","EAS",0
"our_future_health","EAS",0
"lifebit","EAS",0
"ovilongwa","EAS",0
"star_awards_bwa","EAS",0
"igd_burkina","EAS",0
"gradis_burundi","EAS",0
"afrosondagem","EAS",0
"cible_cameroun","EAS",0
"laereag_tchad","EAS",0
"avenir_nepad_congo","EAS",0
"cofinco_comores","EAS",0
"zechlab","EAS",0
"qa_strategic_swz","EAS",0
"abcon_ethiopia","EAS",0
"cergep_gabon","EAS",0
"stat_view_guinea","EAS",0
"igpad_guinea_bissau","EAS",0
"advision_lesotho","EAS",0
"cdg_liberia","EAS",0
"coef_resources","EAS",0
"csr_malawi","EAS",0
"great_mali","EAS",0
"sista_consult","EAS",0
"straconsult_mus","EAS",0
"gsc_morocco","EAS",0
"cs_research_moz","EAS",0
"survey_warehouse","EAS",0
"lasdel_niger","EAS",0
"cres_senegal","EAS",0
"igr_sierra_leone","EAS",0
"sudan_polling_center","EAS",0
"repoa_tanzania","EAS",0
"crpd_gambia","EAS",0
"crop_togo","EAS",0
"hatchile_uganda","EAS",0
"cesor_zambia","EAS",0
"smile_identity","EAS",1
"zindi","EAS",0
"kartoza","EAS",2
"geoterraimage","EAS",2
"spatial_collective","EAS",0
"ramani_huria","EAS",0
"farmerline","EAS",0
"esoko","EAS",1
"sunculture","EAS",0
"thriveagric","EAS",0
"mono_nigeria","EAS",0
"stitch_za","EAS",0
"metropol_kenya","EAS",0
"crc_credit_bureau","EAS",0
"africa_check","EAS",1
"dubawa","EAS",1
"ilara_health","EAS",0
"jacaranda_health","EAS",0
"reelforge","EAS",1
"prembly","EAS",1
"youverify","EAS",1
"data_science_nigeria","EAS",0
"icog_labs","EAS",0
"lesan_ai","EAS",0
"kobo360","EAS",2
"lori_systems","EAS",2
"irsm_algeria","EAS",0
"cread_algeria","EAS",0
"optimar","EAS",0
"orc_arastirma","EAS",0
"avrasya_arastirma","EAS",0
"genar","EAS",0
"yoneylem","EAS",0
"sonar_arastirma","EAS",0
"gezici_arastirma","EAS",0
"mak_danismanlik","EAS",0
"piar_arastirma","EAS",0
"insider_tr","EAS",1
"acrps_doha","EAS",0
"sesri_qatar","EAS",0
"qcri","EAS",0
"sdaia","EAS",0
"elm_saudi","EAS",0
"saudi_space_agency","EAS",0
"simah","EAS",0
"derasat","EAS",0
"cri_lebanon","EAS",0
"infopro_lebanon","EAS",1
"albayan_iraq","EAS",0
"mas_palestine","EAS",0
"altibbi","EAS",0
"maqsam","EAS",0
"el_zanaty","EAS",0
"i_score_egypt","EAS",0
"intella_ai","EAS",0
"marocmetrie","EAS",0
"aarc_international","EAS",0
"chifco","EAS",0
"m42","EAS",0
"aecb","EAS",0
"derq","EAS",0
"israel_democracy_institute","EAS",0
"zencity","EAS",1
"cognyte","EAS",2
"ahri_south_africa","EAS",0
"agincourt_wits","EAS",0
"saprin","EAS",0
"aphrc","EAS",0
"kemri_wellcome","EAS",0
"ifakara_health","EAS",0
"manhica_cisim","EAS",0
"mrc_gambia","EAS",0
"navrongo_hrc","EAS",0
"rakai_health","EAS",0
"malawi_liverpool_wellcome","EAS",0
"cidrz","EAS",0
"kersa_hdss","EAS",0
"nouna_crsn","EAS",0
"apcc","EAS",0
"h3africa","EAS",0
"hsrc","EAS",0
"saldru","EAS",0
"datafirst","EAS",0
"isser_ghana","EAS",0
"eprc_uganda","EAS",0
"esrf_tanzania","EAS",0
"csea_nigeria","EAS",0
"pesacheck","EAS",1
"freshly_ground_insights","EAS",0
"columinate","EAS",0
"persian_cohort","EAS",0
"golestan_cohort","EAS",0
"qatar_biobank","EAS",0
"moroccan_genome","EAS",0
"afristat","EAS",2
"statafric","EAS",2
"afdb_statistics","EAS",2
"sanbi","EAS",0
"africas_talking","EAS",0
"onafriq","EAS",0
"cellulant","EAS",0
"codesria","EAS",0
"aerc","EAS",0
"pasgr","EAS",0
"iss_africa","EAS",1
"nextier_spd","EAS",0
"heritage_institute","EAS",0
"zeparu","EAS",0
"bidpa","EAS",0
"ippr_namibia","EAS",0
"nkafu","EAS",0
"cires_ivoire","EAS",0
"iese_mozambique","EAS",0
"zipar","EAS",0
"riwi","EAS",2
"pricestats","EAS",1
"soundthinking","EAS",0
"alphonso","EAS",1
"opensignal","EAS",1
"nexar","EAS",0
"geodnet","EAS",1
"wingbits","EAS",1
"flightradar24","EAS",1
"karya","EAS",0
"airwars","EAS",1
"mnemonic","EAS",1
"forensic_architecture","EAS",2
"atlas_ai","EAS",2
"fraym","EAS",0
"rs_metrics","EAS",1
"yodlee","EAS",0
"empatica","EAS",0
"sonde_health","EAS",0
"origin_wireless","EAS",0
"vayyar","EAS",0
"bidgely","EAS",0
"wildlife_insights","EAS",1
"atlan_space","EAS",0
"cellebrite","EAS",3
"nso_group","EAS",3
"candiru","EAS",2
"paragon_solutions","EAS",2
"kando","EAS",0
"beehero","EAS",0
"seetree","EAS",2
"lean_technologies","EAS",0
"ushahidi","EAS",1
"sunbird_ai","EAS",0
"terragon","EAS",0
"zenvus","EAS",0
"dataphyte","EAS",0
"ipsos","CHN",2
"kantar","CHN",3
"niq","CHN",3
"circana","CHN",0
"gallup","CHN",2
"yougov","CHN",1
"morning_consult","CHN",1
"pew_research","CHN",1
"verian","CHN",0
"ipsos_mori_uk","CHN",0
"savanta","CHN",1
"system1_group","CHN",1
"euromonitor","CHN",3
"mintel","CHN",1
"statista","CHN",2
"m3_global_research","CHN",1
"escalent","CHN",1
"material_plus","CHN",1
"c_space","CHN",1
"hall_and_partners","CHN",1
"appinio","CHN",1
"attest","CHN",1
"zappi","CHN",1
"suzy","CHN",0
"glimpse_ai","CHN",0
"listen_labs","CHN",1
"strella","CHN",0
"outset_ai","CHN",1
"cint","CHN",1
"dynata","CHN",1
"toluna","CHN",1
"bilendi","CHN",0
"norstat","CHN",0
"prolific","CHN",0
"cloudresearch","CHN",0
"purespectrum","CHN",0
"innovate_mr","CHN",0
"prodege","CHN",0
"disqo","CHN",0
"rakuten_insight","CHN",0
"borderless_access","CHN",1
"milieu_insight","CHN",0
"respondent_io","CHN",0
"qualtrics","CHN",1
"surveymonkey","CHN",1
"alchemer","CHN",1
"forsta","CHN",1
"sawtooth_software","CHN",1
"surveycto","CHN",0
"kobotoolbox","CHN",0
"odk","CHN",0
"commcare_dimagi","CHN",0
"ona","CHN",0
"mwater","CHN",1
"redcap","CHN",1
"gorilla_sc","CHN",1
"credamo","CHN",3
"wenjuanxing","CHN",3
"one_to_one_tunisia","CHN",0
"sigma_conseil","CHN",0
"emrhod_consulting","CHN",0
"elka_consulting","CHN",0
"bjka_consulting","CHN",0
"lms_csa_maroc","CHN",0
"baseera_egypt","CHN",0
"pcpsr","CHN",0
"awrad","CHN",0
"nama_strategic","CHN",0
"css_jordan","CHN",0
"iiacss","CHN",0
"parc_dubai","CHN",0
"ispa_iran","CHN",0
"gamaan","CHN",0
"konda","CHN",0
"metropoll","CHN",0
"areda_survey","CHN",0
"midgam_israel","CHN",0
"ipanel_israel","CHN",0
"arab_barometer","CHN",0
"afrobarometer","CHN",0
"cdd_ghana","CHN",0
"ijr_south_africa","CHN",0
"ids_nairobi","CHN",0
"ireg_benin","CHN",0
"infotrak","CHN",0
"tifa_research","CHN",0
"consumer_insight_africa","CHN",0
"geopoll","CHN",0
"sagaci_research","CHN",0
"noipolls","CHN",0
"sbm_intelligence","CHN",0
"practical_sampling","CHN",0
"ask_afrika","CHN",0
"plus94_research","CHN",0
"citizen_surveys","CHN",0
"busara_center","CHN",0
"ipa_research","CHN",0
"jpal","CHN",0
"laterite","CHN",0
"sixty_decibels","CHN",0
"lokniti_csds","CHN",0
"cvoter","CHN",0
"axis_my_india","CHN",0
"hansa_research","CHN",0
"q_and_q_research","CHN",0
"outline_india","CHN",0
"gallup_pakistan","CHN",0
"lsi_indonesia","CHN",0
"smrc_indonesia","CHN",0
"indikator_politik","CHN",0
"sws_philippines","CHN",0
"pulse_asia","CHN",0
"cimigo","CHN",0
"q_and_me","CHN",0
"indochina_research","CHN",0
"deka_research","CHN",0
"macromill","CHN",1
"intage","CHN",0
"nikkei_research","CHN",0
"cross_marketing","CHN",0
"embrain","CHN",0
"hankook_research","CHN",0
"realmeter","CHN",0
"gallup_korea","CHN",0
"horizon_china","CHN",3
"ctr_china","CHN",3
"csm_media","CHN",3
"datafolha","CHN",0
"ipec_brasil","CHN",0
"quaest","CHN",0
"atlasintel","CHN",0
"consulta_mitofsky","CHN",0
"enkoll","CHN",0
"buendia_marquez","CHN",0
"cadem","CHN",0
"invamer","CHN",0
"datexco","CHN",0
"cid_gallup","CHN",0
"poliarquia","CHN",0
"latinobarometro","CHN",0
"lapop","CHN",0
"levada_center","CHN",0
"vciom","CHN",0
"fom_russia","CHN",0
"russian_field","CHN",0
"kiis","CHN",0
"rating_group","CHN",0
"razumkov_centre","CHN",0
"info_sapiens","CHN",0
"gradus_research","CHN",0
"crrc","CHN",0
"act_georgia","CHN",0
"central_asia_barometer","CHN",0
"m_vector","CHN",0
"siar_research","CHN",0
"ipm_belarus","CHN",0
"roy_morgan","CHN",0
"essential_research","CHN",0
"oztam","CHN",0
"barb_uk","CHN",0
"mediametrie","CHN",0
"barc_india","CHN",0
"video_research_jp","CHN",0
"numeris","CHN",0
"scale_ai","CHN",0
"surge_ai","CHN",0
"mercor","CHN",0
"handshake_ai","CHN",0
"micro1","CHN",0
"turing_com","CHN",0
"invisible_tech","CHN",0
"appen","CHN",2
"toloka","CHN",1
"telus_digital_ai","CHN",1
"imerit","CHN",0
"sama","CHN",0
"cloudfactory","CHN",0
"superannotate","CHN",0
"labelbox","CHN",0
"snorkel_ai","CHN",0
"encord","CHN",0
"v7_labs","CHN",0
"kili_technology","CHN",0
"dataloop","CHN",0
"roboflow","CHN",0
"defined_ai","CHN",0
"shaip","CHN",0
"innodata","CHN",0
"transperfect_dataforce","CHN",0
"speechocean","CHN",3
"datatang","CHN",3
"magic_data_tech","CHN",3
"dataannotation_tech","CHN",0
"pareto_ai","CHN",0
"mturk","CHN",0
"clickworker","CHN",1
"premise_data","CHN",0
"streetbees","CHN",1
"roamler","CHN",0
"field_agent","CHN",0
"gigwalk","CHN",0
"glg","CHN",1
"third_bridge","CHN",1
"guidepoint","CHN",1
"alphasense","CHN",1
"dialectica","CHN",1
"bright_data","CHN",2
"oxylabs","CHN",1
"decodo","CHN",1
"zyte","CHN",1
"apify","CHN",1
"firecrawl","CHN",1
"tavily","CHN",1
"diffbot","CHN",1
"common_crawl","CHN",2
"promptcloud","CHN",1
"grepsr","CHN",1
"nimble_data","CHN",1
"coresignal","CHN",1
"acxiom","CHN",0
"experian","CHN",0
"equifax","CHN",0
"transunion","CHN",0
"liveramp","CHN",0
"epsilon","CHN",0
"lexisnexis_risk","CHN",0
"dun_bradstreet","CHN",2
"cotality","CHN",0
"verisk","CHN",0
"crif","CHN",1
"serasa_experian","CHN",0
"spokeo","CHN",0
"safegraph","CHN",0
"placer_ai","CHN",0
"veraset","CHN",0
"unacast","CHN",0
"foursquare","CHN",0
"kochava_collective","CHN",0
"azira","CHN",0
"advan_research","CHN",0
"huq_industries","CHN",0
"predicio","CHN",0
"positium","CHN",0
"teralytics","CHN",0
"orange_flux_vision","CHN",0
"flowminder","CHN",0
"planet_labs","CHN",3
"vantor","CHN",3
"blacksky","CHN",3
"iceye","CHN",3
"satellogic","CHN",3
"capella_space","CHN",3
"umbra_space","CHN",3
"airbus_ds_geo","CHN",3
"spire_global","CHN",3
"ursa_space","CHN",3
"pixxel","CHN",3
"skyfi","CHN",3
"earthdaily","CHN",3
"satvu","CHN",3
"ghgsat","CHN",3
"kayrros","CHN",2
"descartes_labs","CHN",3
"spaceknow","CHN",3
"synspective","CHN",3
"axelspace","CHN",3
"changguang","CHN",3
"twentyone_at","CHN",3
"tomorrow_io","CHN",2
"windborne","CHN",2
"saildrone","CHN",2
"sofar_ocean","CHN",3
"jupiter_intelligence","CHN",2
"first_street","CHN",0
"fathom_global","CHN",2
"jba_risk","CHN",2
"moodys_rms","CHN",2
"mitiga_solutions","CHN",2
"climateai","CHN",2
"descartes_underwriting","CHN",2
"sylvera","CHN",2
"bezero_carbon","CHN",2
"carbon_mapper","CHN",2
"chloris_geospatial","CHN",2
"nielsen","CHN",0
"comscore","CHN",0
"samba_tv","CHN",0
"ispot_tv","CHN",0
"videoamp","CHN",0
"similarweb","CHN",1
"sensor_tower","CHN",1
"yipitdata","CHN",0
"m_science","CHN",0
"consumer_edge","CHN",0
"earnest_analytics","CHN",0
"facteus","CHN",0
"measurable_ai","CHN",1
"plaid","CHN",0
"tink","CHN",0
"kpler","CHN",3
"vortexa","CHN",3
"windward_ai","CHN",3
"panjiva","CHN",0
"importgenius","CHN",0
"iqvia","CHN",1
"komodo_health","CHN",0
"truveta","CHN",0
"healthverity","CHN",0
"tempus_ai","CHN",0
"datavant","CHN",0
"flatiron_health","CHN",0
"trinetx","CHN",0
"picnichealth","CHN",0
"evidation_health","CHN",0
"medidata","CHN",2
"veeva_crossix","CHN",0
"definitive_healthcare","CHN",0
"uk_biobank","CHN",0
"bgi_genomics","CHN",3
"samsara","CHN",0
"geotab","CHN",0
"inrix","CHN",0
"tomtom","CHN",1
"here_technologies","CHN",1
"cambridge_mobile","CHN",0
"arity","CHN",0
"smartcar","CHN",0
"high_mobility","CHN",0
"dataminr","CHN",1
"recorded_future","CHN",1
"meltwater","CHN",1
"brandwatch","CHN",1
"talkwalker","CHN",1
"sprinklr","CHN",1
"graphika","CHN",1
"babel_street","CHN",1
"sayari","CHN",3
"kharon","CHN",1
"janes","CHN",1
"acled","CHN",1
"gdelt","CHN",2
"bellingcat","CHN",1
"newsguard","CHN",0
"zoominfo","CHN",0
"apollo_io","CHN",1
"cognism","CHN",0
"lusha","CHN",1
"people_data_labs","CHN",0
"opencorporates","CHN",1
"moodys_bvd","CHN",2
"pitchbook","CHN",1
"crunchbase","CHN",1
"tracxn","CHN",1
"dealroom","CHN",1
"numerator","CHN",1
"profitero","CHN",2
"dataweave","CHN",1
"intelligence_node","CHN",2
"trax_retail","CHN",1
"dunnhumby","CHN",1
"eightyfour_51","CHN",0
"clearview_ai","CHN",1
"pimeyes","CHN",1
"tools_for_humanity","CHN",0
"yoti","CHN",0
"idemia","CHN",0
"sensetime","CHN",3
"megvii","CHN",3
"hikvision","CHN",3
"arab_advisors","CHN",0
"asdaa_bcw","CHN",0
"insight_discovery","CHN",0
"ventures_middle_east","CHN",0
"space42","CHN",3
"presight_ai","CHN",0
"lucidya","CHN",0
"mozn","CHN",0
"crowd_analyzer","CHN",0
"tarjama","CHN",0
"idsc_egypt","CHN",0
"rada_research","CHN",0
"statistics_lebanon","CHN",0
"information_international","CHN",0
"scpr_syria","CHN",0
"yemen_polling_center","CHN",0
"diwan_research","CHN",0
"immar_rc","CHN",0
"sunergia","CHN",0
"iranpoll","CHN",0
"turkiye_raporu","CHN",0
"geocartography","CHN",0
"near_east_consulting","CHN",0
"jmcc","CHN",0
"zogby_research","CHN",0
"reach_initiative","CHN",0
"acaps","CHN",0
"afriksurvey","CHN",0
"sagapoll","CHN",0
"dalberg_research","CHN",0
"stears","CHN",0
"datalens_africa","CHN",0
"creditregistry","CHN",0
"indicina","CHN",0
"africa_polling_institute","CHN",0
"global_infoanalytics","CHN",0
"amini","CHN",0
"research_solutions_africa","CHN",0
"msurvey","CHN",0
"echo_mobile","CHN",0
"viamo","CHN",0
"twaweza","CHN",0
"research_world_intl","CHN",0
"charis_uas","CHN",0
"digital_umuganda","CHN",0
"somali_public_agenda","CHN",0
"mpoi_zimbabwe","CHN",0
"social_research_foundation","CHN",0
"eighty20","CHN",0
"lightstone","CHN",0
"lelapa_ai","CHN",0
"masakhane","CHN",0
"awarri","CHN",0
"romir","CHN",0
"mediascope","CHN",0
"ipsos_comcon","CHN",0
"tiburon_research","CHN",0
"anketolog","CHN",0
"sberindex","CHN",0
"yandex_data","CHN",0
"baw_belarus","CHN",0
"bisam","CHN",0
"demoscope_kz","CHN",0
"ijtimoiy_fikr","CHN",0
"questmobile","CHN",3
"analysys_yiguan","CHN",3
"iimedia","CHN",3
"talkingdata","CHN",3
"aurora_mobile","CHN",3
"miaozhen_admaster","CHN",3
"qichacha","CHN",3
"tianyancha","CHN",3
"wind_information","CHN",3
"intron_health","CHN",0
"african_languages_lab","CHN",0
"aflabox","CHN",0
"tolbi","CHN",0
"soko_aerial","CHN",0
"geoinfotech","CHN",0
"helium_health","CHN",0
"pula","CHN",0
"apollo_agriculture","CHN",0
"hello_tractor","CHN",0
"mpharma","CHN",0
"ehealth_africa","CHN",0
"lacuna_fund","CHN",0
"makerere_ai","CHN",0
"cntxt_ai","CHN",0
"arabic_ai","CHN",0
"aydi","CHN",0
"widebot","CHN",0
"mawdoo3","CHN",0
"aaru","CHN",2
"simile","CHN",2
"conveo","CHN",1
"perspective_ai","CHN",1
"theysaid","CHN",1
"versive","CHN",1
"hivemapper","CHN",0
"dimo","CHN",0
"weatherxm","CHN",0
"nova_labs_helium","CHN",0
"safecast","CHN",0
"biobot","CHN",0
"verily","CHN",0
"wastewaterscan","CHN",0
"hawkeye_360","CHN",3
"unseenlabs","CHN",3
"kleos_space","CHN",3
"naturemetrics","CHN",2
"rainforest_connection","CHN",1
"fugro","CHN",3
"clarity_movement","CHN",2
"aclima","CHN",0
"nuview","CHN",3
"orbital_sidekick","CHN",3
"wyvern","CHN",3
"hydrosat","CHN",3
"muon_space","CHN",3
"myriota","CHN",0
"astrocast","CHN",0
"nearmap","CHN",2
"vexcel_imaging","CHN",2
"airqo","CHN",0
"code_for_africa","CHN",0
"aerobotics","CHN",2
"ujuzikilimo","CHN",0
"robocare","CHN",0
"astral_aerial","CHN",0
"earthranger","CHN",0
"falcon_eye_drones","CHN",0
"falcon_3d","CHN",0
"digital_earth_africa","CHN",0
"sansa","CHN",0
"nasrda","CHN",0
"egsa","CHN",0
"kenya_space_agency","CHN",0
"essti","CHN",0
"mbrsc","CHN",0
"tubitak_uzay","CHN",0
"imagesat","CHN",3
"taranis","CHN",2
"agritask","CHN",2
"asterra","CHN",3
"norc","CHN",0
"westat","CHN",0
"rti_international","CHN",0
"mathematica","CHN",0
"abt_global","CHN",0
"ssrs","CHN",0
"icf_international","CHN",0
"quinnipiac_poll","CHN",0
"marist_poll","CHN",0
"monmouth_poll","CHN",0
"siena_research","CHN",0
"emerson_polling","CHN",0
"surveyusa","CHN",0
"prri","CHN",0
"ap_norc","CHN",0
"civiqs","CHN",0
"echelon_insights","CHN",0
"data_for_progress","CHN",0
"cygnal","CHN",0
"leger","CHN",0
"angus_reid_institute","CHN",0
"nanos_research","CHN",0
"ekos_research","CHN",0
"abacus_data","CHN",0
"environics_research","CHN",0
"skywatch","CHN",3
"mda_space","CHN",3
"ecopia_ai","CHN",3
"farmers_edge","CHN",0
"deveron","CHN",0
"semios","CHN",0
"bluedot","CHN",1
"local_logic","CHN",0
"riskthinking_ai","CHN",2
"triton_digital","CHN",1
"descartes_datamyne","CHN",3
"browse_ai","CHN",1
"internet_archive","CHN",1
"exa_ai","CHN",1
"altana","CHN",3
"project44","CHN",3
"fourkites","CHN",3
"clear_secure","CHN",0
"id_me","CHN",0
"socure","CHN",0
"observa","CHN",0
"ookla","CHN",0
"purpleair","CHN",0
"motive","CHN",0
"lytx","CHN",0
"catalina_marketing","CHN",1
"inmar_intelligence","CHN",0
"data_axle","CHN",0
"bombora","CHN",1
"thinknum","CHN",1
"om1","CHN",0
"verana_health","CHN",0
"atropos_health","CHN",0
"aetion","CHN",0
"edison_research","CHN",0
"luminate_data","CHN",1
"flashpoint","CHN",1
"zignal_labs","CHN",1
"albedo","CHN",3
"centaur_labs","CHN",0
"fulcrum_app","CHN",1
"rep_data","CHN",1
"understanding_america","CHN",0
"forsa","CHN",0
"infratest_dimap","CHN",0
"allensbach","CHN",0
"civey","CHN",0
"insa_consulere","CHN",0
"infas","CHN",0
"gesis","CHN",1
"soep_diw","CHN",0
"ororatech","CHN",3
"liveeo","CHN",3
"constellr","CHN",3
"limesurvey","CHN",1
"agf_videoforschung","CHN",0
"ifop","CHN",1
"opinionway","CHN",0
"bva_xsight","CHN",1
"elabe","CHN",0
"odoxa","CHN",0
"csa_research","CHN",0
"credoc","CHN",0
"scrapingbee","CHN",1
"shippeo","CHN",2
"owkin","CHN",0
"doxa","CHN",0
"swg_italia","CHN",0
"cerved","CHN",0
"auditel_italia","CHN",0
"e_geos","CHN",3
"planetek_italia","CHN",2
"sigma_dos","CHN",1
"gad3","CHN",1
"metroscopia","CHN",0
"cuarenta_db","CHN",0
"kido_dynamics","CHN",0
"deimos_imaging","CHN",3
"marktest","CHN",0
"intercampus","CHN",0
"metron_analysis","CHN",0
"kapa_research","CHN",0
"marinetraffic","CHN",3
"kieskompas","CHN",1
"io_research","CHN",0
"motivaction","CHN",0
"nipo_nfield","CHN",1
"lifelines","CHN",0
"ivox","CHN",0
"sora_institute","CHN",0
"gfs_bern","CHN",0
"sotomo","CHN",0
"link_institut","CHN",0
"red_c","CHN",0
"epinion","CHN",1
"voxmeter","CHN",0
"novus","CHN",0
"taloustutkimus","CHN",0
"finngen","CHN",0
"decode_genetics","CHN",0
"signicat","CHN",0
"natcen","CHN",0
"understanding_society","CHN",0
"uk_data_service","CHN",0
"opinium","CHN",1
"survation","CHN",0
"deltapoll","CHN",0
"focaldata","CHN",1
"jl_partners","CHN",1
"more_in_common","CHN",1
"bmg_research","CHN",0
"signal_ai","CHN",1
"rezatec","CHN",2
"open_cosmos","CHN",3
"iproov","CHN",0
"truelayer","CHN",0
"yapily","CHN",0
"our_future_health","CHN",0
"lifebit","CHN",0
"ovilongwa","CHN",0
"star_awards_bwa","CHN",0
"igd_burkina","CHN",0
"gradis_burundi","CHN",0
"afrosondagem","CHN",0
"cible_cameroun","CHN",0
"laereag_tchad","CHN",0
"avenir_nepad_congo","CHN",0
"cofinco_comores","CHN",0
"zechlab","CHN",0
"qa_strategic_swz","CHN",0
"abcon_ethiopia","CHN",0
"cergep_gabon","CHN",0
"stat_view_guinea","CHN",0
"igpad_guinea_bissau","CHN",0
"advision_lesotho","CHN",0
"cdg_liberia","CHN",0
"coef_resources","CHN",0
"csr_malawi","CHN",0
"great_mali","CHN",0
"sista_consult","CHN",0
"straconsult_mus","CHN",0
"gsc_morocco","CHN",0
"cs_research_moz","CHN",0
"survey_warehouse","CHN",0
"lasdel_niger","CHN",0
"cres_senegal","CHN",0
"igr_sierra_leone","CHN",0
"sudan_polling_center","CHN",0
"repoa_tanzania","CHN",0
"crpd_gambia","CHN",0
"crop_togo","CHN",0
"hatchile_uganda","CHN",0
"cesor_zambia","CHN",0
"smile_identity","CHN",0
"zindi","CHN",0
"kartoza","CHN",0
"geoterraimage","CHN",2
"spatial_collective","CHN",0
"ramani_huria","CHN",0
"farmerline","CHN",0
"esoko","CHN",1
"sunculture","CHN",0
"thriveagric","CHN",0
"mono_nigeria","CHN",0
"stitch_za","CHN",0
"metropol_kenya","CHN",0
"crc_credit_bureau","CHN",0
"africa_check","CHN",0
"dubawa","CHN",0
"ilara_health","CHN",0
"jacaranda_health","CHN",0
"reelforge","CHN",0
"prembly","CHN",0
"youverify","CHN",0
"data_science_nigeria","CHN",0
"icog_labs","CHN",0
"lesan_ai","CHN",0
"kobo360","CHN",2
"lori_systems","CHN",2
"irsm_algeria","CHN",0
"cread_algeria","CHN",0
"optimar","CHN",0
"orc_arastirma","CHN",0
"avrasya_arastirma","CHN",0
"genar","CHN",0
"yoneylem","CHN",0
"sonar_arastirma","CHN",0
"gezici_arastirma","CHN",0
"mak_danismanlik","CHN",0
"piar_arastirma","CHN",0
"insider_tr","CHN",0
"acrps_doha","CHN",0
"sesri_qatar","CHN",0
"qcri","CHN",0
"sdaia","CHN",0
"elm_saudi","CHN",0
"saudi_space_agency","CHN",0
"simah","CHN",0
"derasat","CHN",0
"cri_lebanon","CHN",0
"infopro_lebanon","CHN",0
"albayan_iraq","CHN",0
"mas_palestine","CHN",0
"altibbi","CHN",0
"maqsam","CHN",0
"el_zanaty","CHN",0
"i_score_egypt","CHN",0
"intella_ai","CHN",0
"marocmetrie","CHN",0
"aarc_international","CHN",0
"chifco","CHN",0
"m42","CHN",0
"aecb","CHN",0
"derq","CHN",0
"israel_democracy_institute","CHN",0
"zencity","CHN",0
"cognyte","CHN",1
"ahri_south_africa","CHN",0
"agincourt_wits","CHN",0
"saprin","CHN",0
"aphrc","CHN",0
"kemri_wellcome","CHN",0
"ifakara_health","CHN",0
"manhica_cisim","CHN",0
"mrc_gambia","CHN",0
"navrongo_hrc","CHN",0
"rakai_health","CHN",0
"malawi_liverpool_wellcome","CHN",0
"cidrz","CHN",0
"kersa_hdss","CHN",0
"nouna_crsn","CHN",0
"apcc","CHN",0
"h3africa","CHN",0
"hsrc","CHN",0
"saldru","CHN",0
"datafirst","CHN",0
"isser_ghana","CHN",0
"eprc_uganda","CHN",0
"esrf_tanzania","CHN",0
"csea_nigeria","CHN",0
"pesacheck","CHN",0
"freshly_ground_insights","CHN",0
"columinate","CHN",0
"persian_cohort","CHN",0
"golestan_cohort","CHN",0
"qatar_biobank","CHN",0
"moroccan_genome","CHN",0
"afristat","CHN",0
"statafric","CHN",0
"afdb_statistics","CHN",0
"sanbi","CHN",0
"africas_talking","CHN",0
"onafriq","CHN",0
"cellulant","CHN",0
"codesria","CHN",0
"aerc","CHN",0
"pasgr","CHN",0
"iss_africa","CHN",0
"nextier_spd","CHN",0
"heritage_institute","CHN",0
"zeparu","CHN",0
"bidpa","CHN",0
"ippr_namibia","CHN",0
"nkafu","CHN",0
"cires_ivoire","CHN",0
"iese_mozambique","CHN",0
"zipar","CHN",0
"riwi","CHN",2
"pricestats","CHN",1
"soundthinking","CHN",0
"alphonso","CHN",0
"opensignal","CHN",0
"nexar","CHN",0
"geodnet","CHN",0
"wingbits","CHN",0
"flightradar24","CHN",0
"karya","CHN",0
"airwars","CHN",0
"mnemonic","CHN",0
"forensic_architecture","CHN",1
"atlas_ai","CHN",2
"fraym","CHN",0
"rs_metrics","CHN",1
"yodlee","CHN",0
"empatica","CHN",0
"sonde_health","CHN",0
"origin_wireless","CHN",0
"vayyar","CHN",0
"bidgely","CHN",0
"wildlife_insights","CHN",0
"atlan_space","CHN",0
"cellebrite","CHN",1
"nso_group","CHN",1
"candiru","CHN",0
"paragon_solutions","CHN",0
"kando","CHN",0
"beehero","CHN",0
"seetree","CHN",2
"lean_technologies","CHN",0
"ushahidi","CHN",1
"sunbird_ai","CHN",0
"terragon","CHN",0
"zenvus","CHN",0
"dataphyte","CHN",0
"ipsos","OCE",3
"kantar","OCE",3
"niq","OCE",3
"circana","OCE",1
"gallup","OCE",2
"yougov","OCE",2
"morning_consult","OCE",2
"pew_research","OCE",1
"verian","OCE",1
"ipsos_mori_uk","OCE",0
"savanta","OCE",1
"system1_group","OCE",1
"euromonitor","OCE",3
"mintel","OCE",1
"statista","OCE",2
"m3_global_research","OCE",2
"escalent","OCE",1
"material_plus","OCE",1
"c_space","OCE",1
"hall_and_partners","OCE",1
"appinio","OCE",1
"attest","OCE",1
"zappi","OCE",1
"suzy","OCE",0
"glimpse_ai","OCE",0
"listen_labs","OCE",1
"strella","OCE",0
"outset_ai","OCE",1
"cint","OCE",3
"dynata","OCE",2
"toluna","OCE",2
"bilendi","OCE",0
"norstat","OCE",0
"prolific","OCE",2
"cloudresearch","OCE",0
"purespectrum","OCE",1
"innovate_mr","OCE",1
"prodege","OCE",1
"disqo","OCE",0
"rakuten_insight","OCE",0
"borderless_access","OCE",1
"milieu_insight","OCE",0
"respondent_io","OCE",1
"qualtrics","OCE",3
"surveymonkey","OCE",3
"alchemer","OCE",3
"forsta","OCE",3
"sawtooth_software","OCE",3
"surveycto","OCE",2
"kobotoolbox","OCE",2
"odk","OCE",2
"commcare_dimagi","OCE",1
"ona","OCE",2
"mwater","OCE",3
"redcap","OCE",2
"gorilla_sc","OCE",3
"credamo","OCE",0
"wenjuanxing","OCE",0
"one_to_one_tunisia","OCE",0
"sigma_conseil","OCE",0
"emrhod_consulting","OCE",0
"elka_consulting","OCE",0
"bjka_consulting","OCE",0
"lms_csa_maroc","OCE",0
"baseera_egypt","OCE",0
"pcpsr","OCE",0
"awrad","OCE",0
"nama_strategic","OCE",0
"css_jordan","OCE",0
"iiacss","OCE",0
"parc_dubai","OCE",0
"ispa_iran","OCE",0
"gamaan","OCE",0
"konda","OCE",0
"metropoll","OCE",0
"areda_survey","OCE",0
"midgam_israel","OCE",0
"ipanel_israel","OCE",0
"arab_barometer","OCE",0
"afrobarometer","OCE",0
"cdd_ghana","OCE",0
"ijr_south_africa","OCE",0
"ids_nairobi","OCE",0
"ireg_benin","OCE",0
"infotrak","OCE",0
"tifa_research","OCE",0
"consumer_insight_africa","OCE",0
"geopoll","OCE",0
"sagaci_research","OCE",0
"noipolls","OCE",0
"sbm_intelligence","OCE",0
"practical_sampling","OCE",0
"ask_afrika","OCE",0
"plus94_research","OCE",0
"citizen_surveys","OCE",0
"busara_center","OCE",0
"ipa_research","OCE",0
"jpal","OCE",0
"laterite","OCE",0
"sixty_decibels","OCE",0
"lokniti_csds","OCE",0
"cvoter","OCE",0
"axis_my_india","OCE",0
"hansa_research","OCE",0
"q_and_q_research","OCE",0
"outline_india","OCE",0
"gallup_pakistan","OCE",0
"lsi_indonesia","OCE",0
"smrc_indonesia","OCE",0
"indikator_politik","OCE",0
"sws_philippines","OCE",0
"pulse_asia","OCE",0
"cimigo","OCE",0
"q_and_me","OCE",0
"indochina_research","OCE",0
"deka_research","OCE",0
"macromill","OCE",0
"intage","OCE",0
"nikkei_research","OCE",0
"cross_marketing","OCE",0
"embrain","OCE",0
"hankook_research","OCE",0
"realmeter","OCE",0
"gallup_korea","OCE",0
"horizon_china","OCE",0
"ctr_china","OCE",0
"csm_media","OCE",0
"datafolha","OCE",0
"ipec_brasil","OCE",0
"quaest","OCE",0
"atlasintel","OCE",0
"consulta_mitofsky","OCE",0
"enkoll","OCE",0
"buendia_marquez","OCE",0
"cadem","OCE",0
"invamer","OCE",0
"datexco","OCE",0
"cid_gallup","OCE",0
"poliarquia","OCE",0
"latinobarometro","OCE",0
"lapop","OCE",0
"levada_center","OCE",0
"vciom","OCE",0
"fom_russia","OCE",0
"russian_field","OCE",0
"kiis","OCE",0
"rating_group","OCE",0
"razumkov_centre","OCE",0
"info_sapiens","OCE",0
"gradus_research","OCE",0
"crrc","OCE",0
"act_georgia","OCE",0
"central_asia_barometer","OCE",0
"m_vector","OCE",0
"siar_research","OCE",0
"ipm_belarus","OCE",0
"roy_morgan","OCE",3
"essential_research","OCE",3
"oztam","OCE",3
"barb_uk","OCE",0
"mediametrie","OCE",0
"barc_india","OCE",0
"video_research_jp","OCE",0
"numeris","OCE",0
"scale_ai","OCE",1
"surge_ai","OCE",1
"mercor","OCE",1
"handshake_ai","OCE",0
"micro1","OCE",1
"turing_com","OCE",1
"invisible_tech","OCE",1
"appen","OCE",3
"toloka","OCE",1
"telus_digital_ai","OCE",2
"imerit","OCE",0
"sama","OCE",0
"cloudfactory","OCE",0
"superannotate","OCE",1
"labelbox","OCE",1
"snorkel_ai","OCE",0
"encord","OCE",0
"v7_labs","OCE",0
"kili_technology","OCE",0
"dataloop","OCE",0
"roboflow","OCE",1
"defined_ai","OCE",1
"shaip","OCE",0
"innodata","OCE",0
"transperfect_dataforce","OCE",1
"speechocean","OCE",1
"datatang","OCE",0
"magic_data_tech","OCE",0
"dataannotation_tech","OCE",0
"pareto_ai","OCE",0
"mturk","OCE",0
"clickworker","OCE",1
"premise_data","OCE",1
"streetbees","OCE",1
"roamler","OCE",0
"field_agent","OCE",0
"gigwalk","OCE",0
"glg","OCE",1
"third_bridge","OCE",1
"guidepoint","OCE",1
"alphasense","OCE",1
"dialectica","OCE",1
"bright_data","OCE",3
"oxylabs","OCE",2
"decodo","OCE",2
"zyte","OCE",2
"apify","OCE",2
"firecrawl","OCE",2
"tavily","OCE",2
"diffbot","OCE",2
"common_crawl","OCE",3
"promptcloud","OCE",2
"grepsr","OCE",2
"nimble_data","OCE",2
"coresignal","OCE",2
"acxiom","OCE",2
"experian","OCE",2
"equifax","OCE",2
"transunion","OCE",0
"liveramp","OCE",2
"epsilon","OCE",1
"lexisnexis_risk","OCE",2
"dun_bradstreet","OCE",2
"cotality","OCE",2
"verisk","OCE",2
"crif","OCE",0
"serasa_experian","OCE",0
"spokeo","OCE",0
"safegraph","OCE",1
"placer_ai","OCE",0
"veraset","OCE",0
"unacast","OCE",0
"foursquare","OCE",2
"kochava_collective","OCE",2
"azira","OCE",1
"advan_research","OCE",0
"huq_industries","OCE",0
"predicio","OCE",0
"positium","OCE",1
"teralytics","OCE",1
"orange_flux_vision","OCE",0
"flowminder","OCE",0
"planet_labs","OCE",3
"vantor","OCE",3
"blacksky","OCE",3
"iceye","OCE",3
"satellogic","OCE",3
"capella_space","OCE",3
"umbra_space","OCE",3
"airbus_ds_geo","OCE",3
"spire_global","OCE",3
"ursa_space","OCE",3
"pixxel","OCE",3
"skyfi","OCE",3
"earthdaily","OCE",3
"satvu","OCE",3
"ghgsat","OCE",3
"kayrros","OCE",2
"descartes_labs","OCE",3
"spaceknow","OCE",3
"synspective","OCE",3
"axelspace","OCE",3
"changguang","OCE",3
"twentyone_at","OCE",3
"tomorrow_io","OCE",2
"windborne","OCE",2
"saildrone","OCE",2
"sofar_ocean","OCE",3
"jupiter_intelligence","OCE",2
"first_street","OCE",0
"fathom_global","OCE",2
"jba_risk","OCE",2
"moodys_rms","OCE",2
"mitiga_solutions","OCE",2
"climateai","OCE",2
"descartes_underwriting","OCE",2
"sylvera","OCE",2
"bezero_carbon","OCE",2
"carbon_mapper","OCE",2
"chloris_geospatial","OCE",2
"nielsen","OCE",2
"comscore","OCE",2
"samba_tv","OCE",1
"ispot_tv","OCE",0
"videoamp","OCE",0
"similarweb","OCE",3
"sensor_tower","OCE",3
"yipitdata","OCE",0
"m_science","OCE",0
"consumer_edge","OCE",0
"earnest_analytics","OCE",0
"facteus","OCE",0
"measurable_ai","OCE",0
"plaid","OCE",0
"tink","OCE",0
"kpler","OCE",3
"vortexa","OCE",3
"windward_ai","OCE",3
"panjiva","OCE",1
"importgenius","OCE",1
"iqvia","OCE",2
"komodo_health","OCE",0
"truveta","OCE",0
"healthverity","OCE",0
"tempus_ai","OCE",0
"datavant","OCE",0
"flatiron_health","OCE",0
"trinetx","OCE",1
"picnichealth","OCE",0
"evidation_health","OCE",0
"medidata","OCE",2
"veeva_crossix","OCE",0
"definitive_healthcare","OCE",0
"uk_biobank","OCE",0
"bgi_genomics","OCE",1
"samsara","OCE",1
"geotab","OCE",2
"inrix","OCE",1
"tomtom","OCE",3
"here_technologies","OCE",3
"cambridge_mobile","OCE",1
"arity","OCE",0
"smartcar","OCE",1
"high_mobility","OCE",0
"dataminr","OCE",2
"recorded_future","OCE",2
"meltwater","OCE",2
"brandwatch","OCE",2
"talkwalker","OCE",2
"sprinklr","OCE",2
"graphika","OCE",2
"babel_street","OCE",2
"sayari","OCE",3
"kharon","OCE",2
"janes","OCE",2
"acled","OCE",2
"gdelt","OCE",3
"bellingcat","OCE",2
"newsguard","OCE",1
"zoominfo","OCE",2
"apollo_io","OCE",2
"cognism","OCE",1
"lusha","OCE",2
"people_data_labs","OCE",2
"opencorporates","OCE",2
"moodys_bvd","OCE",3
"pitchbook","OCE",2
"crunchbase","OCE",2
"tracxn","OCE",2
"dealroom","OCE",2
"numerator","OCE",1
"profitero","OCE",2
"dataweave","OCE",1
"intelligence_node","OCE",2
"trax_retail","OCE",1
"dunnhumby","OCE",1
"eightyfour_51","OCE",0
"clearview_ai","OCE",2
"pimeyes","OCE",2
"tools_for_humanity","OCE",1
"yoti","OCE",1
"idemia","OCE",2
"sensetime","OCE",0
"megvii","OCE",0
"hikvision","OCE",1
"arab_advisors","OCE",0
"asdaa_bcw","OCE",0
"insight_discovery","OCE",0
"ventures_middle_east","OCE",0
"space42","OCE",3
"presight_ai","OCE",1
"lucidya","OCE",0
"mozn","OCE",0
"crowd_analyzer","OCE",0
"tarjama","OCE",0
"idsc_egypt","OCE",0
"rada_research","OCE",0
"statistics_lebanon","OCE",0
"information_international","OCE",0
"scpr_syria","OCE",0
"yemen_polling_center","OCE",0
"diwan_research","OCE",0
"immar_rc","OCE",0
"sunergia","OCE",0
"iranpoll","OCE",0
"turkiye_raporu","OCE",0
"geocartography","OCE",0
"near_east_consulting","OCE",0
"jmcc","OCE",0
"zogby_research","OCE",0
"reach_initiative","OCE",0
"acaps","OCE",1
"afriksurvey","OCE",0
"sagapoll","OCE",0
"dalberg_research","OCE",0
"stears","OCE",0
"datalens_africa","OCE",0
"creditregistry","OCE",0
"indicina","OCE",0
"africa_polling_institute","OCE",0
"global_infoanalytics","OCE",0
"amini","OCE",0
"research_solutions_africa","OCE",0
"msurvey","OCE",0
"echo_mobile","OCE",0
"viamo","OCE",0
"twaweza","OCE",0
"research_world_intl","OCE",0
"charis_uas","OCE",0
"digital_umuganda","OCE",0
"somali_public_agenda","OCE",0
"mpoi_zimbabwe","OCE",0
"social_research_foundation","OCE",0
"eighty20","OCE",0
"lightstone","OCE",0
"lelapa_ai","OCE",0
"masakhane","OCE",0
"awarri","OCE",0
"romir","OCE",0
"mediascope","OCE",0
"ipsos_comcon","OCE",0
"tiburon_research","OCE",0
"anketolog","OCE",0
"sberindex","OCE",0
"yandex_data","OCE",0
"baw_belarus","OCE",0
"bisam","OCE",0
"demoscope_kz","OCE",0
"ijtimoiy_fikr","OCE",0
"questmobile","OCE",0
"analysys_yiguan","OCE",0
"iimedia","OCE",0
"talkingdata","OCE",0
"aurora_mobile","OCE",0
"miaozhen_admaster","OCE",0
"qichacha","OCE",0
"tianyancha","OCE",0
"wind_information","OCE",0
"intron_health","OCE",0
"african_languages_lab","OCE",0
"aflabox","OCE",0
"tolbi","OCE",0
"soko_aerial","OCE",0
"geoinfotech","OCE",0
"helium_health","OCE",0
"pula","OCE",0
"apollo_agriculture","OCE",0
"hello_tractor","OCE",0
"mpharma","OCE",0
"ehealth_africa","OCE",0
"lacuna_fund","OCE",0
"makerere_ai","OCE",0
"cntxt_ai","OCE",0
"arabic_ai","OCE",0
"aydi","OCE",0
"widebot","OCE",0
"mawdoo3","OCE",0
"aaru","OCE",2
"simile","OCE",2
"conveo","OCE",1
"perspective_ai","OCE",1
"theysaid","OCE",1
"versive","OCE",1
"hivemapper","OCE",2
"dimo","OCE",1
"weatherxm","OCE",2
"nova_labs_helium","OCE",2
"safecast","OCE",2
"biobot","OCE",0
"verily","OCE",0
"wastewaterscan","OCE",0
"hawkeye_360","OCE",3
"unseenlabs","OCE",3
"kleos_space","OCE",3
"naturemetrics","OCE",2
"rainforest_connection","OCE",1
"fugro","OCE",3
"clarity_movement","OCE",2
"aclima","OCE",0
"nuview","OCE",3
"orbital_sidekick","OCE",3
"wyvern","OCE",3
"hydrosat","OCE",3
"muon_space","OCE",3
"myriota","OCE",2
"astrocast","OCE",2
"nearmap","OCE",2
"vexcel_imaging","OCE",2
"airqo","OCE",0
"code_for_africa","OCE",0
"aerobotics","OCE",2
"ujuzikilimo","OCE",0
"robocare","OCE",0
"astral_aerial","OCE",0
"earthranger","OCE",1
"falcon_eye_drones","OCE",0
"falcon_3d","OCE",0
"digital_earth_africa","OCE",0
"sansa","OCE",0
"nasrda","OCE",0
"egsa","OCE",0
"kenya_space_agency","OCE",0
"essti","OCE",0
"mbrsc","OCE",0
"tubitak_uzay","OCE",0
"imagesat","OCE",3
"taranis","OCE",2
"agritask","OCE",2
"asterra","OCE",3
"norc","OCE",0
"westat","OCE",0
"rti_international","OCE",1
"mathematica","OCE",0
"abt_global","OCE",1
"ssrs","OCE",0
"icf_international","OCE",1
"quinnipiac_poll","OCE",0
"marist_poll","OCE",0
"monmouth_poll","OCE",0
"siena_research","OCE",0
"emerson_polling","OCE",0
"surveyusa","OCE",0
"prri","OCE",0
"ap_norc","OCE",0
"civiqs","OCE",0
"echelon_insights","OCE",0
"data_for_progress","OCE",0
"cygnal","OCE",0
"leger","OCE",0
"angus_reid_institute","OCE",0
"nanos_research","OCE",0
"ekos_research","OCE",0
"abacus_data","OCE",0
"environics_research","OCE",0
"skywatch","OCE",3
"mda_space","OCE",3
"ecopia_ai","OCE",3
"farmers_edge","OCE",1
"deveron","OCE",0
"semios","OCE",1
"bluedot","OCE",2
"local_logic","OCE",0
"riskthinking_ai","OCE",2
"triton_digital","OCE",2
"descartes_datamyne","OCE",3
"browse_ai","OCE",2
"internet_archive","OCE",2
"exa_ai","OCE",2
"altana","OCE",3
"project44","OCE",3
"fourkites","OCE",3
"clear_secure","OCE",0
"id_me","OCE",0
"socure","OCE",0
"observa","OCE",0
"ookla","OCE",2
"purpleair","OCE",2
"motive","OCE",1
"lytx","OCE",1
"catalina_marketing","OCE",1
"inmar_intelligence","OCE",0
"data_axle","OCE",0
"bombora","OCE",2
"thinknum","OCE",1
"om1","OCE",0
"verana_health","OCE",0
"atropos_health","OCE",0
"aetion","OCE",0
"edison_research","OCE",0
"luminate_data","OCE",2
"flashpoint","OCE",2
"zignal_labs","OCE",2
"albedo","OCE",3
"centaur_labs","OCE",1
"fulcrum_app","OCE",3
"rep_data","OCE",2
"understanding_america","OCE",0
"forsa","OCE",0
"infratest_dimap","OCE",0
"allensbach","OCE",0
"civey","OCE",0
"insa_consulere","OCE",0
"infas","OCE",0
"gesis","OCE",1
"soep_diw","OCE",0
"ororatech","OCE",3
"liveeo","OCE",3
"constellr","OCE",3
"limesurvey","OCE",3
"agf_videoforschung","OCE",0
"ifop","OCE",1
"opinionway","OCE",0
"bva_xsight","OCE",1
"elabe","OCE",0
"odoxa","OCE",0
"csa_research","OCE",0
"credoc","OCE",0
"scrapingbee","OCE",2
"shippeo","OCE",2
"owkin","OCE",0
"doxa","OCE",0
"swg_italia","OCE",0
"cerved","OCE",0
"auditel_italia","OCE",0
"e_geos","OCE",3
"planetek_italia","OCE",2
"sigma_dos","OCE",1
"gad3","OCE",1
"metroscopia","OCE",0
"cuarenta_db","OCE",0
"kido_dynamics","OCE",0
"deimos_imaging","OCE",3
"marktest","OCE",0
"intercampus","OCE",0
"metron_analysis","OCE",0
"kapa_research","OCE",0
"marinetraffic","OCE",3
"kieskompas","OCE",1
"io_research","OCE",0
"motivaction","OCE",0
"nipo_nfield","OCE",3
"lifelines","OCE",0
"ivox","OCE",0
"sora_institute","OCE",0
"gfs_bern","OCE",0
"sotomo","OCE",0
"link_institut","OCE",0
"red_c","OCE",0
"epinion","OCE",1
"voxmeter","OCE",0
"novus","OCE",0
"taloustutkimus","OCE",0
"finngen","OCE",0
"decode_genetics","OCE",0
"signicat","OCE",1
"natcen","OCE",0
"understanding_society","OCE",0
"uk_data_service","OCE",0
"opinium","OCE",1
"survation","OCE",0
"deltapoll","OCE",0
"focaldata","OCE",1
"jl_partners","OCE",1
"more_in_common","OCE",1
"bmg_research","OCE",0
"signal_ai","OCE",2
"rezatec","OCE",2
"open_cosmos","OCE",3
"iproov","OCE",1
"truelayer","OCE",0
"yapily","OCE",0
"our_future_health","OCE",0
"lifebit","OCE",0
"ovilongwa","OCE",0
"star_awards_bwa","OCE",0
"igd_burkina","OCE",0
"gradis_burundi","OCE",0
"afrosondagem","OCE",0
"cible_cameroun","OCE",0
"laereag_tchad","OCE",0
"avenir_nepad_congo","OCE",0
"cofinco_comores","OCE",0
"zechlab","OCE",0
"qa_strategic_swz","OCE",0
"abcon_ethiopia","OCE",0
"cergep_gabon","OCE",0
"stat_view_guinea","OCE",0
"igpad_guinea_bissau","OCE",0
"advision_lesotho","OCE",0
"cdg_liberia","OCE",0
"coef_resources","OCE",0
"csr_malawi","OCE",0
"great_mali","OCE",0
"sista_consult","OCE",0
"straconsult_mus","OCE",0
"gsc_morocco","OCE",0
"cs_research_moz","OCE",0
"survey_warehouse","OCE",0
"lasdel_niger","OCE",0
"cres_senegal","OCE",0
"igr_sierra_leone","OCE",0
"sudan_polling_center","OCE",0
"repoa_tanzania","OCE",0
"crpd_gambia","OCE",0
"crop_togo","OCE",0
"hatchile_uganda","OCE",0
"cesor_zambia","OCE",0
"smile_identity","OCE",1
"zindi","OCE",0
"kartoza","OCE",2
"geoterraimage","OCE",2
"spatial_collective","OCE",0
"ramani_huria","OCE",0
"farmerline","OCE",0
"esoko","OCE",1
"sunculture","OCE",1
"thriveagric","OCE",0
"mono_nigeria","OCE",0
"stitch_za","OCE",0
"metropol_kenya","OCE",0
"crc_credit_bureau","OCE",0
"africa_check","OCE",1
"dubawa","OCE",1
"ilara_health","OCE",0
"jacaranda_health","OCE",0
"reelforge","OCE",1
"prembly","OCE",1
"youverify","OCE",1
"data_science_nigeria","OCE",0
"icog_labs","OCE",0
"lesan_ai","OCE",0
"kobo360","OCE",2
"lori_systems","OCE",2
"irsm_algeria","OCE",0
"cread_algeria","OCE",0
"optimar","OCE",0
"orc_arastirma","OCE",0
"avrasya_arastirma","OCE",0
"genar","OCE",0
"yoneylem","OCE",0
"sonar_arastirma","OCE",0
"gezici_arastirma","OCE",0
"mak_danismanlik","OCE",0
"piar_arastirma","OCE",0
"insider_tr","OCE",2
"acrps_doha","OCE",0
"sesri_qatar","OCE",0
"qcri","OCE",0
"sdaia","OCE",0
"elm_saudi","OCE",0
"saudi_space_agency","OCE",0
"simah","OCE",0
"derasat","OCE",0
"cri_lebanon","OCE",0
"infopro_lebanon","OCE",1
"albayan_iraq","OCE",0
"mas_palestine","OCE",0
"altibbi","OCE",0
"maqsam","OCE",0
"el_zanaty","OCE",0
"i_score_egypt","OCE",0
"intella_ai","OCE",0
"marocmetrie","OCE",0
"aarc_international","OCE",0
"chifco","OCE",1
"m42","OCE",0
"aecb","OCE",0
"derq","OCE",0
"israel_democracy_institute","OCE",0
"zencity","OCE",1
"cognyte","OCE",2
"ahri_south_africa","OCE",0
"agincourt_wits","OCE",0
"saprin","OCE",0
"aphrc","OCE",0
"kemri_wellcome","OCE",0
"ifakara_health","OCE",0
"manhica_cisim","OCE",0
"mrc_gambia","OCE",0
"navrongo_hrc","OCE",0
"rakai_health","OCE",0
"malawi_liverpool_wellcome","OCE",0
"cidrz","OCE",0
"kersa_hdss","OCE",0
"nouna_crsn","OCE",0
"apcc","OCE",0
"h3africa","OCE",0
"hsrc","OCE",0
"saldru","OCE",0
"datafirst","OCE",0
"isser_ghana","OCE",0
"eprc_uganda","OCE",0
"esrf_tanzania","OCE",0
"csea_nigeria","OCE",0
"pesacheck","OCE",1
"freshly_ground_insights","OCE",0
"columinate","OCE",0
"persian_cohort","OCE",0
"golestan_cohort","OCE",0
"qatar_biobank","OCE",0
"moroccan_genome","OCE",0
"afristat","OCE",2
"statafric","OCE",2
"afdb_statistics","OCE",2
"sanbi","OCE",0
"africas_talking","OCE",0
"onafriq","OCE",0
"cellulant","OCE",0
"codesria","OCE",0
"aerc","OCE",0
"pasgr","OCE",0
"iss_africa","OCE",1
"nextier_spd","OCE",0
"heritage_institute","OCE",0
"zeparu","OCE",0
"bidpa","OCE",0
"ippr_namibia","OCE",0
"nkafu","OCE",0
"cires_ivoire","OCE",0
"iese_mozambique","OCE",0
"zipar","OCE",0
"riwi","OCE",2
"pricestats","OCE",1
"soundthinking","OCE",1
"alphonso","OCE",1
"opensignal","OCE",1
"nexar","OCE",1
"geodnet","OCE",2
"wingbits","OCE",2
"flightradar24","OCE",2
"karya","OCE",0
"airwars","OCE",1
"mnemonic","OCE",1
"forensic_architecture","OCE",2
"atlas_ai","OCE",2
"fraym","OCE",0
"rs_metrics","OCE",1
"yodlee","OCE",0
"empatica","OCE",0
"sonde_health","OCE",0
"origin_wireless","OCE",1
"vayyar","OCE",1
"bidgely","OCE",1
"wildlife_insights","OCE",2
"atlan_space","OCE",0
"cellebrite","OCE",3
"nso_group","OCE",3
"candiru","OCE",2
"paragon_solutions","OCE",2
"kando","OCE",1
"beehero","OCE",1
"seetree","OCE",2
"lean_technologies","OCE",0
"ushahidi","OCE",1
"sunbird_ai","OCE",0
"terragon","OCE",1
"zenvus","OCE",1
"dataphyte","OCE",0
