"company_id","domain_code","weight"
"ipsos","consumer_behavior",2
"kantar","consumer_behavior",2
"niq","consumer_behavior",2
"circana","consumer_behavior",2
"gallup","consumer_behavior",0
"yougov","consumer_behavior",2
"morning_consult","consumer_behavior",2
"pew_research","consumer_behavior",0
"verian","consumer_behavior",0
"ipsos_mori_uk","consumer_behavior",0
"savanta","consumer_behavior",2
"system1_group","consumer_behavior",2
"euromonitor","consumer_behavior",2
"mintel","consumer_behavior",2
"statista","consumer_behavior",2
"m3_global_research","consumer_behavior",2
"escalent","consumer_behavior",2
"material_plus","consumer_behavior",2
"c_space","consumer_behavior",2
"hall_and_partners","consumer_behavior",2
"appinio","consumer_behavior",2
"attest","consumer_behavior",2
"zappi","consumer_behavior",2
"suzy","consumer_behavior",2
"glimpse_ai","consumer_behavior",2
"listen_labs","consumer_behavior",2
"strella","consumer_behavior",2
"outset_ai","consumer_behavior",2
"cint","consumer_behavior",2
"dynata","consumer_behavior",2
"toluna","consumer_behavior",2
"bilendi","consumer_behavior",2
"norstat","consumer_behavior",2
"prolific","consumer_behavior",2
"cloudresearch","consumer_behavior",2
"purespectrum","consumer_behavior",2
"innovate_mr","consumer_behavior",2
"prodege","consumer_behavior",2
"disqo","consumer_behavior",2
"rakuten_insight","consumer_behavior",2
"borderless_access","consumer_behavior",2
"milieu_insight","consumer_behavior",2
"respondent_io","consumer_behavior",2
"qualtrics","consumer_behavior",2
"surveymonkey","consumer_behavior",2
"alchemer","consumer_behavior",2
"forsta","consumer_behavior",2
"sawtooth_software","consumer_behavior",2
"surveycto","consumer_behavior",0
"kobotoolbox","consumer_behavior",0
"odk","consumer_behavior",0
"commcare_dimagi","consumer_behavior",0
"ona","consumer_behavior",0
"mwater","consumer_behavior",0
"redcap","consumer_behavior",0
"gorilla_sc","consumer_behavior",0
"credamo","consumer_behavior",2
"wenjuanxing","consumer_behavior",2
"one_to_one_tunisia","consumer_behavior",2
"sigma_conseil","consumer_behavior",1
"emrhod_consulting","consumer_behavior",1
"elka_consulting","consumer_behavior",1
"bjka_consulting","consumer_behavior",2
"lms_csa_maroc","consumer_behavior",2
"baseera_egypt","consumer_behavior",0
"pcpsr","consumer_behavior",0
"awrad","consumer_behavior",0
"nama_strategic","consumer_behavior",2
"css_jordan","consumer_behavior",0
"iiacss","consumer_behavior",0
"parc_dubai","consumer_behavior",2
"ispa_iran","consumer_behavior",1
"gamaan","consumer_behavior",0
"konda","consumer_behavior",1
"metropoll","consumer_behavior",0
"areda_survey","consumer_behavior",0
"midgam_israel","consumer_behavior",1
"ipanel_israel","consumer_behavior",2
"arab_barometer","consumer_behavior",0
"afrobarometer","consumer_behavior",0
"cdd_ghana","consumer_behavior",0
"ijr_south_africa","consumer_behavior",0
"ids_nairobi","consumer_behavior",0
"ireg_benin","consumer_behavior",0
"infotrak","consumer_behavior",2
"tifa_research","consumer_behavior",2
"consumer_insight_africa","consumer_behavior",2
"geopoll","consumer_behavior",0
"sagaci_research","consumer_behavior",2
"noipolls","consumer_behavior",0
"sbm_intelligence","consumer_behavior",0
"practical_sampling","consumer_behavior",2
"ask_afrika","consumer_behavior",2
"plus94_research","consumer_behavior",2
"citizen_surveys","consumer_behavior",0
"busara_center","consumer_behavior",0
"ipa_research","consumer_behavior",0
"jpal","consumer_behavior",0
"laterite","consumer_behavior",0
"sixty_decibels","consumer_behavior",0
"lokniti_csds","consumer_behavior",0
"cvoter","consumer_behavior",1
"axis_my_india","consumer_behavior",2
"hansa_research","consumer_behavior",2
"q_and_q_research","consumer_behavior",2
"outline_india","consumer_behavior",0
"gallup_pakistan","consumer_behavior",2
"lsi_indonesia","consumer_behavior",0
"smrc_indonesia","consumer_behavior",0
"indikator_politik","consumer_behavior",0
"sws_philippines","consumer_behavior",0
"pulse_asia","consumer_behavior",0
"cimigo","consumer_behavior",2
"q_and_me","consumer_behavior",2
"indochina_research","consumer_behavior",2
"deka_research","consumer_behavior",2
"macromill","consumer_behavior",2
"intage","consumer_behavior",2
"nikkei_research","consumer_behavior",2
"cross_marketing","consumer_behavior",2
"embrain","consumer_behavior",2
"hankook_research","consumer_behavior",2
"realmeter","consumer_behavior",0
"gallup_korea","consumer_behavior",2
"horizon_china","consumer_behavior",2
"ctr_china","consumer_behavior",2
"csm_media","consumer_behavior",0
"datafolha","consumer_behavior",2
"ipec_brasil","consumer_behavior",0
"quaest","consumer_behavior",0
"atlasintel","consumer_behavior",0
"consulta_mitofsky","consumer_behavior",0
"enkoll","consumer_behavior",0
"buendia_marquez","consumer_behavior",0
"cadem","consumer_behavior",2
"invamer","consumer_behavior",2
"datexco","consumer_behavior",0
"cid_gallup","consumer_behavior",2
"poliarquia","consumer_behavior",0
"latinobarometro","consumer_behavior",0
"lapop","consumer_behavior",0
"levada_center","consumer_behavior",0
"vciom","consumer_behavior",2
"fom_russia","consumer_behavior",0
"russian_field","consumer_behavior",0
"kiis","consumer_behavior",0
"rating_group","consumer_behavior",0
"razumkov_centre","consumer_behavior",0
"info_sapiens","consumer_behavior",2
"gradus_research","consumer_behavior",2
"crrc","consumer_behavior",0
"act_georgia","consumer_behavior",2
"central_asia_barometer","consumer_behavior",0
"m_vector","consumer_behavior",2
"siar_research","consumer_behavior",2
"ipm_belarus","consumer_behavior",0
"roy_morgan","consumer_behavior",2
"essential_research","consumer_behavior",0
"oztam","consumer_behavior",0
"barb_uk","consumer_behavior",0
"mediametrie","consumer_behavior",0
"barc_india","consumer_behavior",0
"video_research_jp","consumer_behavior",1
"numeris","consumer_behavior",0
"scale_ai","consumer_behavior",0
"surge_ai","consumer_behavior",0
"mercor","consumer_behavior",0
"handshake_ai","consumer_behavior",0
"micro1","consumer_behavior",0
"turing_com","consumer_behavior",0
"invisible_tech","consumer_behavior",0
"appen","consumer_behavior",0
"toloka","consumer_behavior",0
"telus_digital_ai","consumer_behavior",0
"imerit","consumer_behavior",0
"sama","consumer_behavior",0
"cloudfactory","consumer_behavior",0
"superannotate","consumer_behavior",0
"labelbox","consumer_behavior",0
"snorkel_ai","consumer_behavior",0
"encord","consumer_behavior",0
"v7_labs","consumer_behavior",0
"kili_technology","consumer_behavior",0
"dataloop","consumer_behavior",0
"roboflow","consumer_behavior",0
"defined_ai","consumer_behavior",0
"shaip","consumer_behavior",0
"innodata","consumer_behavior",0
"transperfect_dataforce","consumer_behavior",0
"speechocean","consumer_behavior",0
"datatang","consumer_behavior",0
"magic_data_tech","consumer_behavior",0
"dataannotation_tech","consumer_behavior",0
"pareto_ai","consumer_behavior",0
"mturk","consumer_behavior",1
"clickworker","consumer_behavior",0
"premise_data","consumer_behavior",0
"streetbees","consumer_behavior",2
"roamler","consumer_behavior",0
"field_agent","consumer_behavior",2
"gigwalk","consumer_behavior",0
"glg","consumer_behavior",0
"third_bridge","consumer_behavior",1
"guidepoint","consumer_behavior",0
"alphasense","consumer_behavior",0
"dialectica","consumer_behavior",0
"bright_data","consumer_behavior",0
"oxylabs","consumer_behavior",0
"decodo","consumer_behavior",0
"zyte","consumer_behavior",0
"apify","consumer_behavior",0
"firecrawl","consumer_behavior",0
"tavily","consumer_behavior",0
"diffbot","consumer_behavior",0
"common_crawl","consumer_behavior",0
"promptcloud","consumer_behavior",0
"grepsr","consumer_behavior",0
"nimble_data","consumer_behavior",0
"coresignal","consumer_behavior",0
"acxiom","consumer_behavior",2
"experian","consumer_behavior",2
"equifax","consumer_behavior",0
"transunion","consumer_behavior",1
"liveramp","consumer_behavior",2
"epsilon","consumer_behavior",2
"lexisnexis_risk","consumer_behavior",0
"dun_bradstreet","consumer_behavior",0
"cotality","consumer_behavior",0
"verisk","consumer_behavior",0
"crif","consumer_behavior",0
"serasa_experian","consumer_behavior",2
"spokeo","consumer_behavior",0
"safegraph","consumer_behavior",0
"placer_ai","consumer_behavior",0
"veraset","consumer_behavior",0
"unacast","consumer_behavior",0
"foursquare","consumer_behavior",1
"kochava_collective","consumer_behavior",2
"azira","consumer_behavior",1
"advan_research","consumer_behavior",0
"huq_industries","consumer_behavior",0
"predicio","consumer_behavior",0
"positium","consumer_behavior",0
"teralytics","consumer_behavior",0
"orange_flux_vision","consumer_behavior",0
"flowminder","consumer_behavior",0
"planet_labs","consumer_behavior",0
"vantor","consumer_behavior",0
"blacksky","consumer_behavior",0
"iceye","consumer_behavior",0
"satellogic","consumer_behavior",0
"capella_space","consumer_behavior",0
"umbra_space","consumer_behavior",0
"airbus_ds_geo","consumer_behavior",0
"spire_global","consumer_behavior",0
"ursa_space","consumer_behavior",0
"pixxel","consumer_behavior",0
"skyfi","consumer_behavior",0
"earthdaily","consumer_behavior",0
"satvu","consumer_behavior",0
"ghgsat","consumer_behavior",0
"kayrros","consumer_behavior",0
"descartes_labs","consumer_behavior",0
"spaceknow","consumer_behavior",0
"synspective","consumer_behavior",0
"axelspace","consumer_behavior",0
"changguang","consumer_behavior",0
"twentyone_at","consumer_behavior",0
"tomorrow_io","consumer_behavior",0
"windborne","consumer_behavior",0
"saildrone","consumer_behavior",0
"sofar_ocean","consumer_behavior",0
"jupiter_intelligence","consumer_behavior",0
"first_street","consumer_behavior",0
"fathom_global","consumer_behavior",0
"jba_risk","consumer_behavior",0
"moodys_rms","consumer_behavior",0
"mitiga_solutions","consumer_behavior",0
"climateai","consumer_behavior",0
"descartes_underwriting","consumer_behavior",0
"sylvera","consumer_behavior",0
"bezero_carbon","consumer_behavior",0
"carbon_mapper","consumer_behavior",0
"chloris_geospatial","consumer_behavior",0
"nielsen","consumer_behavior",1
"comscore","consumer_behavior",0
"samba_tv","consumer_behavior",1
"ispot_tv","consumer_behavior",0
"videoamp","consumer_behavior",0
"similarweb","consumer_behavior",0
"sensor_tower","consumer_behavior",2
"yipitdata","consumer_behavior",0
"m_science","consumer_behavior",2
"consumer_edge","consumer_behavior",2
"earnest_analytics","consumer_behavior",0
"facteus","consumer_behavior",0
"measurable_ai","consumer_behavior",2
"plaid","consumer_behavior",0
"tink","consumer_behavior",0
"kpler","consumer_behavior",0
"vortexa","consumer_behavior",0
"windward_ai","consumer_behavior",0
"panjiva","consumer_behavior",0
"importgenius","consumer_behavior",0
"iqvia","consumer_behavior",0
"komodo_health","consumer_behavior",0
"truveta","consumer_behavior",0
"healthverity","consumer_behavior",1
"tempus_ai","consumer_behavior",0
"datavant","consumer_behavior",0
"flatiron_health","consumer_behavior",0
"trinetx","consumer_behavior",0
"picnichealth","consumer_behavior",0
"evidation_health","consumer_behavior",0
"medidata","consumer_behavior",0
"veeva_crossix","consumer_behavior",0
"definitive_healthcare","consumer_behavior",0
"uk_biobank","consumer_behavior",0
"bgi_genomics","consumer_behavior",0
"samsara","consumer_behavior",0
"geotab","consumer_behavior",0
"inrix","consumer_behavior",0
"tomtom","consumer_behavior",0
"here_technologies","consumer_behavior",0
"cambridge_mobile","consumer_behavior",0
"arity","consumer_behavior",0
"smartcar","consumer_behavior",0
"high_mobility","consumer_behavior",0
"dataminr","consumer_behavior",0
"recorded_future","consumer_behavior",0
"meltwater","consumer_behavior",0
"brandwatch","consumer_behavior",1
"talkwalker","consumer_behavior",0
"sprinklr","consumer_behavior",1
"graphika","consumer_behavior",0
"babel_street","consumer_behavior",0
"sayari","consumer_behavior",0
"kharon","consumer_behavior",0
"janes","consumer_behavior",0
"acled","consumer_behavior",0
"gdelt","consumer_behavior",0
"bellingcat","consumer_behavior",0
"newsguard","consumer_behavior",0
"zoominfo","consumer_behavior",0
"apollo_io","consumer_behavior",0
"cognism","consumer_behavior",0
"lusha","consumer_behavior",0
"people_data_labs","consumer_behavior",0
"opencorporates","consumer_behavior",0
"moodys_bvd","consumer_behavior",0
"pitchbook","consumer_behavior",0
"crunchbase","consumer_behavior",0
"tracxn","consumer_behavior",0
"dealroom","consumer_behavior",0
"numerator","consumer_behavior",2
"profitero","consumer_behavior",0
"dataweave","consumer_behavior",0
"intelligence_node","consumer_behavior",0
"trax_retail","consumer_behavior",0
"dunnhumby","consumer_behavior",2
"eightyfour_51","consumer_behavior",2
"clearview_ai","consumer_behavior",0
"pimeyes","consumer_behavior",0
"tools_for_humanity","consumer_behavior",0
"yoti","consumer_behavior",0
"idemia","consumer_behavior",0
"sensetime","consumer_behavior",0
"megvii","consumer_behavior",0
"hikvision","consumer_behavior",0
"arab_advisors","consumer_behavior",2
"asdaa_bcw","consumer_behavior",1
"insight_discovery","consumer_behavior",2
"ventures_middle_east","consumer_behavior",0
"space42","consumer_behavior",0
"presight_ai","consumer_behavior",0
"lucidya","consumer_behavior",2
"mozn","consumer_behavior",0
"crowd_analyzer","consumer_behavior",1
"tarjama","consumer_behavior",0
"idsc_egypt","consumer_behavior",2
"rada_research","consumer_behavior",2
"statistics_lebanon","consumer_behavior",2
"information_international","consumer_behavior",0
"scpr_syria","consumer_behavior",0
"yemen_polling_center","consumer_behavior",0
"diwan_research","consumer_behavior",2
"immar_rc","consumer_behavior",1
"sunergia","consumer_behavior",2
"iranpoll","consumer_behavior",0
"turkiye_raporu","consumer_behavior",0
"geocartography","consumer_behavior",2
"near_east_consulting","consumer_behavior",1
"jmcc","consumer_behavior",0
"zogby_research","consumer_behavior",0
"reach_initiative","consumer_behavior",0
"acaps","consumer_behavior",0
"afriksurvey","consumer_behavior",2
"sagapoll","consumer_behavior",2
"dalberg_research","consumer_behavior",0
"stears","consumer_behavior",0
"datalens_africa","consumer_behavior",0
"creditregistry","consumer_behavior",0
"indicina","consumer_behavior",0
"africa_polling_institute","consumer_behavior",0
"global_infoanalytics","consumer_behavior",0
"amini","consumer_behavior",0
"research_solutions_africa","consumer_behavior",2
"msurvey","consumer_behavior",2
"echo_mobile","consumer_behavior",0
"viamo","consumer_behavior",0
"twaweza","consumer_behavior",0
"research_world_intl","consumer_behavior",2
"charis_uas","consumer_behavior",0
"digital_umuganda","consumer_behavior",0
"somali_public_agenda","consumer_behavior",0
"mpoi_zimbabwe","consumer_behavior",0
"social_research_foundation","consumer_behavior",0
"eighty20","consumer_behavior",2
"lightstone","consumer_behavior",0
"lelapa_ai","consumer_behavior",0
"masakhane","consumer_behavior",0
"awarri","consumer_behavior",0
"romir","consumer_behavior",2
"mediascope","consumer_behavior",1
"ipsos_comcon","consumer_behavior",2
"tiburon_research","consumer_behavior",2
"anketolog","consumer_behavior",2
"sberindex","consumer_behavior",0
"yandex_data","consumer_behavior",1
"baw_belarus","consumer_behavior",0
"bisam","consumer_behavior",2
"demoscope_kz","consumer_behavior",2
"ijtimoiy_fikr","consumer_behavior",0
"questmobile","consumer_behavior",1
"analysys_yiguan","consumer_behavior",2
"iimedia","consumer_behavior",2
"talkingdata","consumer_behavior",2
"aurora_mobile","consumer_behavior",1
"miaozhen_admaster","consumer_behavior",2
"qichacha","consumer_behavior",0
"tianyancha","consumer_behavior",0
"wind_information","consumer_behavior",0
"intron_health","consumer_behavior",0
"african_languages_lab","consumer_behavior",0
"aflabox","consumer_behavior",0
"tolbi","consumer_behavior",0
"soko_aerial","consumer_behavior",0
"geoinfotech","consumer_behavior",0
"helium_health","consumer_behavior",0
"pula","consumer_behavior",0
"apollo_agriculture","consumer_behavior",0
"hello_tractor","consumer_behavior",0
"mpharma","consumer_behavior",0
"ehealth_africa","consumer_behavior",0
"lacuna_fund","consumer_behavior",0
"makerere_ai","consumer_behavior",0
"cntxt_ai","consumer_behavior",0
"arabic_ai","consumer_behavior",0
"aydi","consumer_behavior",0
"widebot","consumer_behavior",0
"mawdoo3","consumer_behavior",0
"aaru","consumer_behavior",2
"simile","consumer_behavior",2
"conveo","consumer_behavior",2
"perspective_ai","consumer_behavior",2
"theysaid","consumer_behavior",2
"versive","consumer_behavior",2
"hivemapper","consumer_behavior",0
"dimo","consumer_behavior",0
"weatherxm","consumer_behavior",0
"nova_labs_helium","consumer_behavior",0
"safecast","consumer_behavior",0
"biobot","consumer_behavior",0
"verily","consumer_behavior",0
"wastewaterscan","consumer_behavior",0
"hawkeye_360","consumer_behavior",0
"unseenlabs","consumer_behavior",0
"kleos_space","consumer_behavior",0
"naturemetrics","consumer_behavior",0
"rainforest_connection","consumer_behavior",0
"fugro","consumer_behavior",0
"clarity_movement","consumer_behavior",0
"aclima","consumer_behavior",0
"nuview","consumer_behavior",0
"orbital_sidekick","consumer_behavior",0
"wyvern","consumer_behavior",0
"hydrosat","consumer_behavior",0
"muon_space","consumer_behavior",0
"myriota","consumer_behavior",0
"astrocast","consumer_behavior",0
"nearmap","consumer_behavior",0
"vexcel_imaging","consumer_behavior",0
"airqo","consumer_behavior",0
"code_for_africa","consumer_behavior",0
"aerobotics","consumer_behavior",0
"ujuzikilimo","consumer_behavior",0
"robocare","consumer_behavior",0
"astral_aerial","consumer_behavior",0
"earthranger","consumer_behavior",0
"falcon_eye_drones","consumer_behavior",0
"falcon_3d","consumer_behavior",0
"digital_earth_africa","consumer_behavior",0
"sansa","consumer_behavior",0
"nasrda","consumer_behavior",0
"egsa","consumer_behavior",0
"kenya_space_agency","consumer_behavior",0
"essti","consumer_behavior",0
"mbrsc","consumer_behavior",0
"tubitak_uzay","consumer_behavior",0
"imagesat","consumer_behavior",0
"taranis","consumer_behavior",0
"agritask","consumer_behavior",0
"asterra","consumer_behavior",0
"norc","consumer_behavior",0
"westat","consumer_behavior",0
"rti_international","consumer_behavior",0
"mathematica","consumer_behavior",0
"abt_global","consumer_behavior",0
"ssrs","consumer_behavior",0
"icf_international","consumer_behavior",0
"quinnipiac_poll","consumer_behavior",0
"marist_poll","consumer_behavior",0
"monmouth_poll","consumer_behavior",0
"siena_research","consumer_behavior",0
"emerson_polling","consumer_behavior",0
"surveyusa","consumer_behavior",0
"prri","consumer_behavior",0
"ap_norc","consumer_behavior",0
"civiqs","consumer_behavior",0
"echelon_insights","consumer_behavior",0
"data_for_progress","consumer_behavior",0
"cygnal","consumer_behavior",0
"leger","consumer_behavior",2
"angus_reid_institute","consumer_behavior",0
"nanos_research","consumer_behavior",0
"ekos_research","consumer_behavior",0
"abacus_data","consumer_behavior",2
"environics_research","consumer_behavior",2
"skywatch","consumer_behavior",0
"mda_space","consumer_behavior",0
"ecopia_ai","consumer_behavior",0
"farmers_edge","consumer_behavior",0
"deveron","consumer_behavior",0
"semios","consumer_behavior",0
"bluedot","consumer_behavior",0
"local_logic","consumer_behavior",0
"riskthinking_ai","consumer_behavior",0
"triton_digital","consumer_behavior",0
"descartes_datamyne","consumer_behavior",0
"browse_ai","consumer_behavior",0
"internet_archive","consumer_behavior",0
"exa_ai","consumer_behavior",0
"altana","consumer_behavior",0
"project44","consumer_behavior",0
"fourkites","consumer_behavior",0
"clear_secure","consumer_behavior",0
"id_me","consumer_behavior",0
"socure","consumer_behavior",0
"observa","consumer_behavior",2
"ookla","consumer_behavior",0
"purpleair","consumer_behavior",0
"motive","consumer_behavior",0
"lytx","consumer_behavior",0
"catalina_marketing","consumer_behavior",2
"inmar_intelligence","consumer_behavior",2
"data_axle","consumer_behavior",2
"bombora","consumer_behavior",0
"thinknum","consumer_behavior",0
"om1","consumer_behavior",0
"verana_health","consumer_behavior",0
"atropos_health","consumer_behavior",0
"aetion","consumer_behavior",0
"edison_research","consumer_behavior",0
"luminate_data","consumer_behavior",0
"flashpoint","consumer_behavior",0
"zignal_labs","consumer_behavior",0
"albedo","consumer_behavior",0
"centaur_labs","consumer_behavior",0
"fulcrum_app","consumer_behavior",0
"rep_data","consumer_behavior",2
"understanding_america","consumer_behavior",0
"forsa","consumer_behavior",1
"infratest_dimap","consumer_behavior",0
"allensbach","consumer_behavior",1
"civey","consumer_behavior",0
"insa_consulere","consumer_behavior",0
"infas","consumer_behavior",0
"gesis","consumer_behavior",0
"soep_diw","consumer_behavior",0
"ororatech","consumer_behavior",0
"liveeo","consumer_behavior",0
"constellr","consumer_behavior",0
"limesurvey","consumer_behavior",0
"agf_videoforschung","consumer_behavior",0
"ifop","consumer_behavior",1
"opinionway","consumer_behavior",1
"bva_xsight","consumer_behavior",2
"elabe","consumer_behavior",0
"odoxa","consumer_behavior",0
"csa_research","consumer_behavior",1
"credoc","consumer_behavior",2
"scrapingbee","consumer_behavior",0
"shippeo","consumer_behavior",0
"owkin","consumer_behavior",0
"doxa","consumer_behavior",2
"swg_italia","consumer_behavior",1
"cerved","consumer_behavior",0
"auditel_italia","consumer_behavior",0
"e_geos","consumer_behavior",0
"planetek_italia","consumer_behavior",0
"sigma_dos","consumer_behavior",1
"gad3","consumer_behavior",0
"metroscopia","consumer_behavior",0
"cuarenta_db","consumer_behavior",0
"kido_dynamics","consumer_behavior",0
"deimos_imaging","consumer_behavior",0
"marktest","consumer_behavior",2
"intercampus","consumer_behavior",1
"metron_analysis","consumer_behavior",0
"kapa_research","consumer_behavior",0
"marinetraffic","consumer_behavior",0
"kieskompas","consumer_behavior",0
"io_research","consumer_behavior",0
"motivaction","consumer_behavior",2
"nipo_nfield","consumer_behavior",2
"lifelines","consumer_behavior",0
"ivox","consumer_behavior",2
"sora_institute","consumer_behavior",0
"gfs_bern","consumer_behavior",0
"sotomo","consumer_behavior",0
"link_institut","consumer_behavior",2
"red_c","consumer_behavior",1
"epinion","consumer_behavior",2
"voxmeter","consumer_behavior",0
"novus","consumer_behavior",0
"taloustutkimus","consumer_behavior",2
"finngen","consumer_behavior",0
"decode_genetics","consumer_behavior",0
"signicat","consumer_behavior",0
"natcen","consumer_behavior",0
"understanding_society","consumer_behavior",0
"uk_data_service","consumer_behavior",0
"opinium","consumer_behavior",1
"survation","consumer_behavior",0
"deltapoll","consumer_behavior",0
"focaldata","consumer_behavior",0
"jl_partners","consumer_behavior",0
"more_in_common","consumer_behavior",0
"bmg_research","consumer_behavior",0
"signal_ai","consumer_behavior",0
"rezatec","consumer_behavior",0
"open_cosmos","consumer_behavior",0
"iproov","consumer_behavior",0
"truelayer","consumer_behavior",0
"yapily","consumer_behavior",0
"our_future_health","consumer_behavior",0
"lifebit","consumer_behavior",0
"ovilongwa","consumer_behavior",0
"star_awards_bwa","consumer_behavior",0
"igd_burkina","consumer_behavior",0
"gradis_burundi","consumer_behavior",0
"afrosondagem","consumer_behavior",0
"cible_cameroun","consumer_behavior",0
"laereag_tchad","consumer_behavior",0
"avenir_nepad_congo","consumer_behavior",0
"cofinco_comores","consumer_behavior",0
"zechlab","consumer_behavior",0
"qa_strategic_swz","consumer_behavior",0
"abcon_ethiopia","consumer_behavior",0
"cergep_gabon","consumer_behavior",0
"stat_view_guinea","consumer_behavior",0
"igpad_guinea_bissau","consumer_behavior",0
"advision_lesotho","consumer_behavior",0
"cdg_liberia","consumer_behavior",0
"coef_resources","consumer_behavior",0
"csr_malawi","consumer_behavior",0
"great_mali","consumer_behavior",0
"sista_consult","consumer_behavior",0
"straconsult_mus","consumer_behavior",0
"gsc_morocco","consumer_behavior",0
"cs_research_moz","consumer_behavior",0
"survey_warehouse","consumer_behavior",0
"lasdel_niger","consumer_behavior",0
"cres_senegal","consumer_behavior",0
"igr_sierra_leone","consumer_behavior",0
"sudan_polling_center","consumer_behavior",0
"repoa_tanzania","consumer_behavior",0
"crpd_gambia","consumer_behavior",0
"crop_togo","consumer_behavior",0
"hatchile_uganda","consumer_behavior",0
"cesor_zambia","consumer_behavior",0
"smile_identity","consumer_behavior",0
"zindi","consumer_behavior",0
"kartoza","consumer_behavior",0
"geoterraimage","consumer_behavior",0
"spatial_collective","consumer_behavior",0
"ramani_huria","consumer_behavior",0
"farmerline","consumer_behavior",0
"esoko","consumer_behavior",0
"sunculture","consumer_behavior",0
"thriveagric","consumer_behavior",0
"mono_nigeria","consumer_behavior",0
"stitch_za","consumer_behavior",0
"metropol_kenya","consumer_behavior",0
"crc_credit_bureau","consumer_behavior",0
"africa_check","consumer_behavior",0
"dubawa","consumer_behavior",0
"ilara_health","consumer_behavior",0
"jacaranda_health","consumer_behavior",0
"reelforge","consumer_behavior",0
"prembly","consumer_behavior",0
"youverify","consumer_behavior",0
"data_science_nigeria","consumer_behavior",0
"icog_labs","consumer_behavior",0
"lesan_ai","consumer_behavior",0
"kobo360","consumer_behavior",0
"lori_systems","consumer_behavior",0
"irsm_algeria","consumer_behavior",2
"cread_algeria","consumer_behavior",0
"optimar","consumer_behavior",1
"orc_arastirma","consumer_behavior",0
"avrasya_arastirma","consumer_behavior",0
"genar","consumer_behavior",1
"yoneylem","consumer_behavior",0
"sonar_arastirma","consumer_behavior",0
"gezici_arastirma","consumer_behavior",0
"mak_danismanlik","consumer_behavior",0
"piar_arastirma","consumer_behavior",0
"insider_tr","consumer_behavior",2
"acrps_doha","consumer_behavior",0
"sesri_qatar","consumer_behavior",0
"qcri","consumer_behavior",0
"sdaia","consumer_behavior",0
"elm_saudi","consumer_behavior",0
"saudi_space_agency","consumer_behavior",0
"simah","consumer_behavior",0
"derasat","consumer_behavior",0
"cri_lebanon","consumer_behavior",0
"infopro_lebanon","consumer_behavior",0
"albayan_iraq","consumer_behavior",0
"mas_palestine","consumer_behavior",0
"altibbi","consumer_behavior",0
"maqsam","consumer_behavior",1
"el_zanaty","consumer_behavior",0
"i_score_egypt","consumer_behavior",0
"intella_ai","consumer_behavior",0
"marocmetrie","consumer_behavior",0
"aarc_international","consumer_behavior",2
"chifco","consumer_behavior",0
"m42","consumer_behavior",0
"aecb","consumer_behavior",0
"derq","consumer_behavior",0
"israel_democracy_institute","consumer_behavior",0
"zencity","consumer_behavior",0
"cognyte","consumer_behavior",0
"ahri_south_africa","consumer_behavior",0
"agincourt_wits","consumer_behavior",0
"saprin","consumer_behavior",0
"aphrc","consumer_behavior",0
"kemri_wellcome","consumer_behavior",0
"ifakara_health","consumer_behavior",0
"manhica_cisim","consumer_behavior",0
"mrc_gambia","consumer_behavior",0
"navrongo_hrc","consumer_behavior",0
"rakai_health","consumer_behavior",0
"malawi_liverpool_wellcome","consumer_behavior",0
"cidrz","consumer_behavior",0
"kersa_hdss","consumer_behavior",0
"nouna_crsn","consumer_behavior",0
"apcc","consumer_behavior",0
"h3africa","consumer_behavior",0
"hsrc","consumer_behavior",0
"saldru","consumer_behavior",0
"datafirst","consumer_behavior",0
"isser_ghana","consumer_behavior",0
"eprc_uganda","consumer_behavior",0
"esrf_tanzania","consumer_behavior",0
"csea_nigeria","consumer_behavior",0
"pesacheck","consumer_behavior",0
"freshly_ground_insights","consumer_behavior",2
"columinate","consumer_behavior",2
"persian_cohort","consumer_behavior",0
"golestan_cohort","consumer_behavior",0
"qatar_biobank","consumer_behavior",0
"moroccan_genome","consumer_behavior",0
"afristat","consumer_behavior",0
"statafric","consumer_behavior",0
"afdb_statistics","consumer_behavior",0
"sanbi","consumer_behavior",0
"africas_talking","consumer_behavior",0
"onafriq","consumer_behavior",0
"cellulant","consumer_behavior",0
"codesria","consumer_behavior",0
"aerc","consumer_behavior",0
"pasgr","consumer_behavior",0
"iss_africa","consumer_behavior",0
"nextier_spd","consumer_behavior",0
"heritage_institute","consumer_behavior",0
"zeparu","consumer_behavior",0
"bidpa","consumer_behavior",0
"ippr_namibia","consumer_behavior",0
"nkafu","consumer_behavior",0
"cires_ivoire","consumer_behavior",0
"iese_mozambique","consumer_behavior",0
"zipar","consumer_behavior",0
"riwi","consumer_behavior",2
"pricestats","consumer_behavior",1
"soundthinking","consumer_behavior",0
"alphonso","consumer_behavior",2
"opensignal","consumer_behavior",0
"nexar","consumer_behavior",0
"geodnet","consumer_behavior",0
"wingbits","consumer_behavior",0
"flightradar24","consumer_behavior",0
"karya","consumer_behavior",0
"airwars","consumer_behavior",0
"mnemonic","consumer_behavior",0
"forensic_architecture","consumer_behavior",0
"atlas_ai","consumer_behavior",0
"fraym","consumer_behavior",0
"rs_metrics","consumer_behavior",2
"yodlee","consumer_behavior",1
"empatica","consumer_behavior",0
"sonde_health","consumer_behavior",0
"origin_wireless","consumer_behavior",0
"vayyar","consumer_behavior",0
"bidgely","consumer_behavior",0
"wildlife_insights","consumer_behavior",0
"atlan_space","consumer_behavior",0
"cellebrite","consumer_behavior",0
"nso_group","consumer_behavior",0
"candiru","consumer_behavior",0
"paragon_solutions","consumer_behavior",0
"kando","consumer_behavior",0
"beehero","consumer_behavior",0
"seetree","consumer_behavior",0
"lean_technologies","consumer_behavior",1
"ushahidi","consumer_behavior",0
"sunbird_ai","consumer_behavior",0
"terragon","consumer_behavior",2
"zenvus","consumer_behavior",0
"dataphyte","consumer_behavior",0
"berci","consumer_behavior",0
"iford","consumer_behavior",0
"iki_malawi","consumer_behavior",0
"jumo","consumer_behavior",1
"kifiya","consumer_behavior",0
"omnisient","consumer_behavior",2
"humangle","consumer_behavior",0
"timbuktu_institute","consumer_behavior",0
"ayin_network","consumer_behavior",0
"sudan_transparency","consumer_behavior",0
"ipsos","public_opinion",2
"kantar","public_opinion",1
"niq","public_opinion",0
"circana","public_opinion",0
"gallup","public_opinion",2
"yougov","public_opinion",2
"morning_consult","public_opinion",2
"pew_research","public_opinion",2
"verian","public_opinion",2
"ipsos_mori_uk","public_opinion",2
"savanta","public_opinion",2
"system1_group","public_opinion",0
"euromonitor","public_opinion",0
"mintel","public_opinion",0
"statista","public_opinion",0
"m3_global_research","public_opinion",0
"escalent","public_opinion",0
"material_plus","public_opinion",0
"c_space","public_opinion",0
"hall_and_partners","public_opinion",0
"appinio","public_opinion",2
"attest","public_opinion",2
"zappi","public_opinion",0
"suzy","public_opinion",0
"glimpse_ai","public_opinion",2
"listen_labs","public_opinion",0
"strella","public_opinion",0
"outset_ai","public_opinion",0
"cint","public_opinion",2
"dynata","public_opinion",2
"toluna","public_opinion",2
"bilendi","public_opinion",2
"norstat","public_opinion",2
"prolific","public_opinion",2
"cloudresearch","public_opinion",2
"purespectrum","public_opinion",0
"innovate_mr","public_opinion",0
"prodege","public_opinion",0
"disqo","public_opinion",0
"rakuten_insight","public_opinion",0
"borderless_access","public_opinion",0
"milieu_insight","public_opinion",2
"respondent_io","public_opinion",0
"qualtrics","public_opinion",1
"surveymonkey","public_opinion",2
"alchemer","public_opinion",0
"forsta","public_opinion",0
"sawtooth_software","public_opinion",0
"surveycto","public_opinion",2
"kobotoolbox","public_opinion",0
"odk","public_opinion",0
"commcare_dimagi","public_opinion",0
"ona","public_opinion",0
"mwater","public_opinion",0
"redcap","public_opinion",0
"gorilla_sc","public_opinion",2
"credamo","public_opinion",2
"wenjuanxing","public_opinion",2
"one_to_one_tunisia","public_opinion",2
"sigma_conseil","public_opinion",2
"emrhod_consulting","public_opinion",2
"elka_consulting","public_opinion",2
"bjka_consulting","public_opinion",2
"lms_csa_maroc","public_opinion",2
"baseera_egypt","public_opinion",2
"pcpsr","public_opinion",2
"awrad","public_opinion",2
"nama_strategic","public_opinion",2
"css_jordan","public_opinion",2
"iiacss","public_opinion",2
"parc_dubai","public_opinion",0
"ispa_iran","public_opinion",2
"gamaan","public_opinion",2
"konda","public_opinion",2
"metropoll","public_opinion",2
"areda_survey","public_opinion",2
"midgam_israel","public_opinion",2
"ipanel_israel","public_opinion",2
"arab_barometer","public_opinion",2
"afrobarometer","public_opinion",2
"cdd_ghana","public_opinion",2
"ijr_south_africa","public_opinion",2
"ids_nairobi","public_opinion",2
"ireg_benin","public_opinion",2
"infotrak","public_opinion",2
"tifa_research","public_opinion",2
"consumer_insight_africa","public_opinion",0
"geopoll","public_opinion",2
"sagaci_research","public_opinion",0
"noipolls","public_opinion",2
"sbm_intelligence","public_opinion",2
"practical_sampling","public_opinion",2
"ask_afrika","public_opinion",2
"plus94_research","public_opinion",2
"citizen_surveys","public_opinion",2
"busara_center","public_opinion",2
"ipa_research","public_opinion",0
"jpal","public_opinion",0
"laterite","public_opinion",0
"sixty_decibels","public_opinion",0
"lokniti_csds","public_opinion",2
"cvoter","public_opinion",2
"axis_my_india","public_opinion",2
"hansa_research","public_opinion",0
"q_and_q_research","public_opinion",0
"outline_india","public_opinion",0
"gallup_pakistan","public_opinion",2
"lsi_indonesia","public_opinion",2
"smrc_indonesia","public_opinion",2
"indikator_politik","public_opinion",2
"sws_philippines","public_opinion",2
"pulse_asia","public_opinion",2
"cimigo","public_opinion",0
"q_and_me","public_opinion",0
"indochina_research","public_opinion",2
"deka_research","public_opinion",0
"macromill","public_opinion",0
"intage","public_opinion",0
"nikkei_research","public_opinion",1
"cross_marketing","public_opinion",0
"embrain","public_opinion",2
"hankook_research","public_opinion",2
"realmeter","public_opinion",2
"gallup_korea","public_opinion",2
"horizon_china","public_opinion",2
"ctr_china","public_opinion",0
"csm_media","public_opinion",0
"datafolha","public_opinion",2
"ipec_brasil","public_opinion",2
"quaest","public_opinion",2
"atlasintel","public_opinion",2
"consulta_mitofsky","public_opinion",2
"enkoll","public_opinion",2
"buendia_marquez","public_opinion",2
"cadem","public_opinion",2
"invamer","public_opinion",2
"datexco","public_opinion",2
"cid_gallup","public_opinion",2
"poliarquia","public_opinion",2
"latinobarometro","public_opinion",2
"lapop","public_opinion",2
"levada_center","public_opinion",2
"vciom","public_opinion",2
"fom_russia","public_opinion",2
"russian_field","public_opinion",2
"kiis","public_opinion",2
"rating_group","public_opinion",2
"razumkov_centre","public_opinion",2
"info_sapiens","public_opinion",2
"gradus_research","public_opinion",2
"crrc","public_opinion",2
"act_georgia","public_opinion",2
"central_asia_barometer","public_opinion",2
"m_vector","public_opinion",2
"siar_research","public_opinion",2
"ipm_belarus","public_opinion",2
"roy_morgan","public_opinion",2
"essential_research","public_opinion",2
"oztam","public_opinion",0
"barb_uk","public_opinion",0
"mediametrie","public_opinion",0
"barc_india","public_opinion",0
"video_research_jp","public_opinion",0
"numeris","public_opinion",0
"scale_ai","public_opinion",0
"surge_ai","public_opinion",0
"mercor","public_opinion",0
"handshake_ai","public_opinion",0
"micro1","public_opinion",0
"turing_com","public_opinion",0
"invisible_tech","public_opinion",0
"appen","public_opinion",0
"toloka","public_opinion",0
"telus_digital_ai","public_opinion",0
"imerit","public_opinion",0
"sama","public_opinion",0
"cloudfactory","public_opinion",0
"superannotate","public_opinion",0
"labelbox","public_opinion",0
"snorkel_ai","public_opinion",0
"encord","public_opinion",0
"v7_labs","public_opinion",0
"kili_technology","public_opinion",0
"dataloop","public_opinion",0
"roboflow","public_opinion",0
"defined_ai","public_opinion",0
"shaip","public_opinion",0
"innodata","public_opinion",0
"transperfect_dataforce","public_opinion",0
"speechocean","public_opinion",0
"datatang","public_opinion",0
"magic_data_tech","public_opinion",0
"dataannotation_tech","public_opinion",0
"pareto_ai","public_opinion",0
"mturk","public_opinion",2
"clickworker","public_opinion",0
"premise_data","public_opinion",1
"streetbees","public_opinion",0
"roamler","public_opinion",0
"field_agent","public_opinion",0
"gigwalk","public_opinion",0
"glg","public_opinion",0
"third_bridge","public_opinion",0
"guidepoint","public_opinion",0
"alphasense","public_opinion",0
"dialectica","public_opinion",0
"bright_data","public_opinion",0
"oxylabs","public_opinion",0
"decodo","public_opinion",0
"zyte","public_opinion",0
"apify","public_opinion",0
"firecrawl","public_opinion",0
"tavily","public_opinion",0
"diffbot","public_opinion",0
"common_crawl","public_opinion",0
"promptcloud","public_opinion",0
"grepsr","public_opinion",0
"nimble_data","public_opinion",0
"coresignal","public_opinion",0
"acxiom","public_opinion",0
"experian","public_opinion",0
"equifax","public_opinion",0
"transunion","public_opinion",0
"liveramp","public_opinion",0
"epsilon","public_opinion",0
"lexisnexis_risk","public_opinion",0
"dun_bradstreet","public_opinion",0
"cotality","public_opinion",0
"verisk","public_opinion",0
"crif","public_opinion",0
"serasa_experian","public_opinion",0
"spokeo","public_opinion",0
"safegraph","public_opinion",0
"placer_ai","public_opinion",0
"veraset","public_opinion",0
"unacast","public_opinion",0
"foursquare","public_opinion",0
"kochava_collective","public_opinion",0
"azira","public_opinion",0
"advan_research","public_opinion",0
"huq_industries","public_opinion",0
"predicio","public_opinion",0
"positium","public_opinion",0
"teralytics","public_opinion",0
"orange_flux_vision","public_opinion",0
"flowminder","public_opinion",0
"planet_labs","public_opinion",0
"vantor","public_opinion",0
"blacksky","public_opinion",0
"iceye","public_opinion",0
"satellogic","public_opinion",0
"capella_space","public_opinion",0
"umbra_space","public_opinion",0
"airbus_ds_geo","public_opinion",0
"spire_global","public_opinion",0
"ursa_space","public_opinion",0
"pixxel","public_opinion",0
"skyfi","public_opinion",0
"earthdaily","public_opinion",0
"satvu","public_opinion",0
"ghgsat","public_opinion",0
"kayrros","public_opinion",0
"descartes_labs","public_opinion",0
"spaceknow","public_opinion",0
"synspective","public_opinion",0
"axelspace","public_opinion",0
"changguang","public_opinion",0
"twentyone_at","public_opinion",0
"tomorrow_io","public_opinion",0
"windborne","public_opinion",0
"saildrone","public_opinion",0
"sofar_ocean","public_opinion",0
"jupiter_intelligence","public_opinion",0
"first_street","public_opinion",0
"fathom_global","public_opinion",0
"jba_risk","public_opinion",0
"moodys_rms","public_opinion",0
"mitiga_solutions","public_opinion",0
"climateai","public_opinion",0
"descartes_underwriting","public_opinion",0
"sylvera","public_opinion",0
"bezero_carbon","public_opinion",0
"carbon_mapper","public_opinion",0
"chloris_geospatial","public_opinion",0
"nielsen","public_opinion",0
"comscore","public_opinion",0
"samba_tv","public_opinion",0
"ispot_tv","public_opinion",0
"videoamp","public_opinion",0
"similarweb","public_opinion",0
"sensor_tower","public_opinion",0
"yipitdata","public_opinion",0
"m_science","public_opinion",0
"consumer_edge","public_opinion",0
"earnest_analytics","public_opinion",0
"facteus","public_opinion",0
"measurable_ai","public_opinion",0
"plaid","public_opinion",0
"tink","public_opinion",0
"kpler","public_opinion",0
"vortexa","public_opinion",0
"windward_ai","public_opinion",0
"panjiva","public_opinion",0
"importgenius","public_opinion",0
"iqvia","public_opinion",0
"komodo_health","public_opinion",0
"truveta","public_opinion",0
"healthverity","public_opinion",0
"tempus_ai","public_opinion",0
"datavant","public_opinion",0
"flatiron_health","public_opinion",0
"trinetx","public_opinion",0
"picnichealth","public_opinion",0
"evidation_health","public_opinion",0
"medidata","public_opinion",0
"veeva_crossix","public_opinion",0
"definitive_healthcare","public_opinion",0
"uk_biobank","public_opinion",0
"bgi_genomics","public_opinion",0
"samsara","public_opinion",0
"geotab","public_opinion",0
"inrix","public_opinion",0
"tomtom","public_opinion",0
"here_technologies","public_opinion",0
"cambridge_mobile","public_opinion",0
"arity","public_opinion",0
"smartcar","public_opinion",0
"high_mobility","public_opinion",0
"dataminr","public_opinion",0
"recorded_future","public_opinion",0
"meltwater","public_opinion",0
"brandwatch","public_opinion",0
"talkwalker","public_opinion",0
"sprinklr","public_opinion",0
"graphika","public_opinion",0
"babel_street","public_opinion",0
"sayari","public_opinion",0
"kharon","public_opinion",0
"janes","public_opinion",0
"acled","public_opinion",1
"gdelt","public_opinion",0
"bellingcat","public_opinion",0
"newsguard","public_opinion",0
"zoominfo","public_opinion",0
"apollo_io","public_opinion",0
"cognism","public_opinion",0
"lusha","public_opinion",0
"people_data_labs","public_opinion",0
"opencorporates","public_opinion",0
"moodys_bvd","public_opinion",0
"pitchbook","public_opinion",0
"crunchbase","public_opinion",0
"tracxn","public_opinion",0
"dealroom","public_opinion",0
"numerator","public_opinion",0
"profitero","public_opinion",0
"dataweave","public_opinion",0
"intelligence_node","public_opinion",0
"trax_retail","public_opinion",0
"dunnhumby","public_opinion",0
"eightyfour_51","public_opinion",0
"clearview_ai","public_opinion",0
"pimeyes","public_opinion",0
"tools_for_humanity","public_opinion",0
"yoti","public_opinion",0
"idemia","public_opinion",0
"sensetime","public_opinion",0
"megvii","public_opinion",0
"hikvision","public_opinion",0
"arab_advisors","public_opinion",0
"asdaa_bcw","public_opinion",2
"insight_discovery","public_opinion",0
"ventures_middle_east","public_opinion",0
"space42","public_opinion",0
"presight_ai","public_opinion",0
"lucidya","public_opinion",0
"mozn","public_opinion",0
"crowd_analyzer","public_opinion",0
"tarjama","public_opinion",0
"idsc_egypt","public_opinion",2
"rada_research","public_opinion",2
"statistics_lebanon","public_opinion",2
"information_international","public_opinion",2
"scpr_syria","public_opinion",0
"yemen_polling_center","public_opinion",2
"diwan_research","public_opinion",2
"immar_rc","public_opinion",2
"sunergia","public_opinion",2
"iranpoll","public_opinion",2
"turkiye_raporu","public_opinion",2
"geocartography","public_opinion",2
"near_east_consulting","public_opinion",2
"jmcc","public_opinion",2
"zogby_research","public_opinion",2
"reach_initiative","public_opinion",0
"acaps","public_opinion",0
"afriksurvey","public_opinion",2
"sagapoll","public_opinion",2
"dalberg_research","public_opinion",0
"stears","public_opinion",2
"datalens_africa","public_opinion",0
"creditregistry","public_opinion",0
"indicina","public_opinion",0
"africa_polling_institute","public_opinion",2
"global_infoanalytics","public_opinion",2
"amini","public_opinion",0
"research_solutions_africa","public_opinion",0
"msurvey","public_opinion",2
"echo_mobile","public_opinion",0
"viamo","public_opinion",1
"twaweza","public_opinion",2
"research_world_intl","public_opinion",2
"charis_uas","public_opinion",0
"digital_umuganda","public_opinion",0
"somali_public_agenda","public_opinion",2
"mpoi_zimbabwe","public_opinion",2
"social_research_foundation","public_opinion",2
"eighty20","public_opinion",0
"lightstone","public_opinion",0
"lelapa_ai","public_opinion",0
"masakhane","public_opinion",0
"awarri","public_opinion",0
"romir","public_opinion",1
"mediascope","public_opinion",0
"ipsos_comcon","public_opinion",1
"tiburon_research","public_opinion",1
"anketolog","public_opinion",1
"sberindex","public_opinion",0
"yandex_data","public_opinion",0
"baw_belarus","public_opinion",2
"bisam","public_opinion",2
"demoscope_kz","public_opinion",2
"ijtimoiy_fikr","public_opinion",2
"questmobile","public_opinion",0
"analysys_yiguan","public_opinion",0
"iimedia","public_opinion",0
"talkingdata","public_opinion",0
"aurora_mobile","public_opinion",0
"miaozhen_admaster","public_opinion",0
"qichacha","public_opinion",0
"tianyancha","public_opinion",0
"wind_information","public_opinion",0
"intron_health","public_opinion",0
"african_languages_lab","public_opinion",0
"aflabox","public_opinion",0
"tolbi","public_opinion",0
"soko_aerial","public_opinion",0
"geoinfotech","public_opinion",0
"helium_health","public_opinion",0
"pula","public_opinion",0
"apollo_agriculture","public_opinion",0
"hello_tractor","public_opinion",0
"mpharma","public_opinion",0
"ehealth_africa","public_opinion",0
"lacuna_fund","public_opinion",0
"makerere_ai","public_opinion",0
"cntxt_ai","public_opinion",0
"arabic_ai","public_opinion",0
"aydi","public_opinion",0
"widebot","public_opinion",0
"mawdoo3","public_opinion",0
"aaru","public_opinion",2
"simile","public_opinion",2
"conveo","public_opinion",0
"perspective_ai","public_opinion",0
"theysaid","public_opinion",0
"versive","public_opinion",0
"hivemapper","public_opinion",0
"dimo","public_opinion",0
"weatherxm","public_opinion",0
"nova_labs_helium","public_opinion",0
"safecast","public_opinion",0
"biobot","public_opinion",0
"verily","public_opinion",0
"wastewaterscan","public_opinion",0
"hawkeye_360","public_opinion",0
"unseenlabs","public_opinion",0
"kleos_space","public_opinion",0
"naturemetrics","public_opinion",0
"rainforest_connection","public_opinion",0
"fugro","public_opinion",0
"clarity_movement","public_opinion",0
"aclima","public_opinion",0
"nuview","public_opinion",0
"orbital_sidekick","public_opinion",0
"wyvern","public_opinion",0
"hydrosat","public_opinion",0
"muon_space","public_opinion",0
"myriota","public_opinion",0
"astrocast","public_opinion",0
"nearmap","public_opinion",0
"vexcel_imaging","public_opinion",0
"airqo","public_opinion",0
"code_for_africa","public_opinion",0
"aerobotics","public_opinion",0
"ujuzikilimo","public_opinion",0
"robocare","public_opinion",0
"astral_aerial","public_opinion",0
"earthranger","public_opinion",0
"falcon_eye_drones","public_opinion",0
"falcon_3d","public_opinion",0
"digital_earth_africa","public_opinion",0
"sansa","public_opinion",0
"nasrda","public_opinion",0
"egsa","public_opinion",0
"kenya_space_agency","public_opinion",0
"essti","public_opinion",0
"mbrsc","public_opinion",0
"tubitak_uzay","public_opinion",0
"imagesat","public_opinion",0
"taranis","public_opinion",0
"agritask","public_opinion",0
"asterra","public_opinion",0
"norc","public_opinion",2
"westat","public_opinion",2
"rti_international","public_opinion",2
"mathematica","public_opinion",2
"abt_global","public_opinion",2
"ssrs","public_opinion",2
"icf_international","public_opinion",2
"quinnipiac_poll","public_opinion",2
"marist_poll","public_opinion",2
"monmouth_poll","public_opinion",2
"siena_research","public_opinion",2
"emerson_polling","public_opinion",2
"surveyusa","public_opinion",2
"prri","public_opinion",2
"ap_norc","public_opinion",2
"civiqs","public_opinion",2
"echelon_insights","public_opinion",2
"data_for_progress","public_opinion",2
"cygnal","public_opinion",2
"leger","public_opinion",2
"angus_reid_institute","public_opinion",2
"nanos_research","public_opinion",2
"ekos_research","public_opinion",2
"abacus_data","public_opinion",2
"environics_research","public_opinion",2
"skywatch","public_opinion",0
"mda_space","public_opinion",0
"ecopia_ai","public_opinion",0
"farmers_edge","public_opinion",0
"deveron","public_opinion",0
"semios","public_opinion",0
"bluedot","public_opinion",0
"local_logic","public_opinion",0
"riskthinking_ai","public_opinion",0
"triton_digital","public_opinion",0
"descartes_datamyne","public_opinion",0
"browse_ai","public_opinion",0
"internet_archive","public_opinion",0
"exa_ai","public_opinion",0
"altana","public_opinion",0
"project44","public_opinion",0
"fourkites","public_opinion",0
"clear_secure","public_opinion",0
"id_me","public_opinion",0
"socure","public_opinion",0
"observa","public_opinion",0
"ookla","public_opinion",0
"purpleair","public_opinion",0
"motive","public_opinion",0
"lytx","public_opinion",0
"catalina_marketing","public_opinion",0
"inmar_intelligence","public_opinion",0
"data_axle","public_opinion",0
"bombora","public_opinion",0
"thinknum","public_opinion",0
"om1","public_opinion",0
"verana_health","public_opinion",0
"atropos_health","public_opinion",0
"aetion","public_opinion",0
"edison_research","public_opinion",2
"luminate_data","public_opinion",0
"flashpoint","public_opinion",0
"zignal_labs","public_opinion",0
"albedo","public_opinion",0
"centaur_labs","public_opinion",0
"fulcrum_app","public_opinion",0
"rep_data","public_opinion",2
"understanding_america","public_opinion",2
"forsa","public_opinion",2
"infratest_dimap","public_opinion",2
"allensbach","public_opinion",2
"civey","public_opinion",2
"insa_consulere","public_opinion",2
"infas","public_opinion",2
"gesis","public_opinion",2
"soep_diw","public_opinion",2
"ororatech","public_opinion",0
"liveeo","public_opinion",0
"constellr","public_opinion",0
"limesurvey","public_opinion",2
"agf_videoforschung","public_opinion",0
"ifop","public_opinion",2
"opinionway","public_opinion",2
"bva_xsight","public_opinion",2
"elabe","public_opinion",2
"odoxa","public_opinion",2
"csa_research","public_opinion",2
"credoc","public_opinion",2
"scrapingbee","public_opinion",0
"shippeo","public_opinion",0
"owkin","public_opinion",0
"doxa","public_opinion",2
"swg_italia","public_opinion",2
"cerved","public_opinion",0
"auditel_italia","public_opinion",0
"e_geos","public_opinion",0
"planetek_italia","public_opinion",0
"sigma_dos","public_opinion",2
"gad3","public_opinion",2
"metroscopia","public_opinion",2
"cuarenta_db","public_opinion",2
"kido_dynamics","public_opinion",0
"deimos_imaging","public_opinion",0
"marktest","public_opinion",1
"intercampus","public_opinion",2
"metron_analysis","public_opinion",2
"kapa_research","public_opinion",2
"marinetraffic","public_opinion",0
"kieskompas","public_opinion",2
"io_research","public_opinion",2
"motivaction","public_opinion",2
"nipo_nfield","public_opinion",2
"lifelines","public_opinion",0
"ivox","public_opinion",2
"sora_institute","public_opinion",2
"gfs_bern","public_opinion",2
"sotomo","public_opinion",2
"link_institut","public_opinion",2
"red_c","public_opinion",2
"epinion","public_opinion",2
"voxmeter","public_opinion",2
"novus","public_opinion",2
"taloustutkimus","public_opinion",2
"finngen","public_opinion",0
"decode_genetics","public_opinion",0
"signicat","public_opinion",0
"natcen","public_opinion",2
"understanding_society","public_opinion",0
"uk_data_service","public_opinion",2
"opinium","public_opinion",2
"survation","public_opinion",2
"deltapoll","public_opinion",2
"focaldata","public_opinion",2
"jl_partners","public_opinion",2
"more_in_common","public_opinion",2
"bmg_research","public_opinion",2
"signal_ai","public_opinion",0
"rezatec","public_opinion",0
"open_cosmos","public_opinion",0
"iproov","public_opinion",0
"truelayer","public_opinion",0
"yapily","public_opinion",0
"our_future_health","public_opinion",0
"lifebit","public_opinion",0
"ovilongwa","public_opinion",2
"star_awards_bwa","public_opinion",2
"igd_burkina","public_opinion",2
"gradis_burundi","public_opinion",2
"afrosondagem","public_opinion",2
"cible_cameroun","public_opinion",2
"laereag_tchad","public_opinion",2
"avenir_nepad_congo","public_opinion",2
"cofinco_comores","public_opinion",2
"zechlab","public_opinion",2
"qa_strategic_swz","public_opinion",2
"abcon_ethiopia","public_opinion",2
"cergep_gabon","public_opinion",2
"stat_view_guinea","public_opinion",2
"igpad_guinea_bissau","public_opinion",2
"advision_lesotho","public_opinion",2
"cdg_liberia","public_opinion",2
"coef_resources","public_opinion",2
"csr_malawi","public_opinion",2
"great_mali","public_opinion",2
"sista_consult","public_opinion",2
"straconsult_mus","public_opinion",2
"gsc_morocco","public_opinion",2
"cs_research_moz","public_opinion",2
"survey_warehouse","public_opinion",2
"lasdel_niger","public_opinion",2
"cres_senegal","public_opinion",2
"igr_sierra_leone","public_opinion",2
"sudan_polling_center","public_opinion",2
"repoa_tanzania","public_opinion",2
"crpd_gambia","public_opinion",2
"crop_togo","public_opinion",2
"hatchile_uganda","public_opinion",2
"cesor_zambia","public_opinion",2
"smile_identity","public_opinion",0
"zindi","public_opinion",0
"kartoza","public_opinion",0
"geoterraimage","public_opinion",0
"spatial_collective","public_opinion",0
"ramani_huria","public_opinion",0
"farmerline","public_opinion",0
"esoko","public_opinion",0
"sunculture","public_opinion",0
"thriveagric","public_opinion",0
"mono_nigeria","public_opinion",0
"stitch_za","public_opinion",0
"metropol_kenya","public_opinion",0
"crc_credit_bureau","public_opinion",0
"africa_check","public_opinion",2
"dubawa","public_opinion",1
"ilara_health","public_opinion",0
"jacaranda_health","public_opinion",0
"reelforge","public_opinion",0
"prembly","public_opinion",0
"youverify","public_opinion",0
"data_science_nigeria","public_opinion",0
"icog_labs","public_opinion",0
"lesan_ai","public_opinion",0
"kobo360","public_opinion",0
"lori_systems","public_opinion",0
"irsm_algeria","public_opinion",1
"cread_algeria","public_opinion",2
"optimar","public_opinion",2
"orc_arastirma","public_opinion",2
"avrasya_arastirma","public_opinion",2
"genar","public_opinion",2
"yoneylem","public_opinion",2
"sonar_arastirma","public_opinion",2
"gezici_arastirma","public_opinion",2
"mak_danismanlik","public_opinion",2
"piar_arastirma","public_opinion",2
"insider_tr","public_opinion",0
"acrps_doha","public_opinion",2
"sesri_qatar","public_opinion",2
"qcri","public_opinion",0
"sdaia","public_opinion",0
"elm_saudi","public_opinion",0
"saudi_space_agency","public_opinion",0
"simah","public_opinion",0
"derasat","public_opinion",2
"cri_lebanon","public_opinion",2
"infopro_lebanon","public_opinion",0
"albayan_iraq","public_opinion",2
"mas_palestine","public_opinion",2
"altibbi","public_opinion",0
"maqsam","public_opinion",0
"el_zanaty","public_opinion",2
"i_score_egypt","public_opinion",0
"intella_ai","public_opinion",0
"marocmetrie","public_opinion",0
"aarc_international","public_opinion",2
"chifco","public_opinion",0
"m42","public_opinion",0
"aecb","public_opinion",0
"derq","public_opinion",0
"israel_democracy_institute","public_opinion",2
"zencity","public_opinion",2
"cognyte","public_opinion",0
"ahri_south_africa","public_opinion",0
"agincourt_wits","public_opinion",0
"saprin","public_opinion",0
"aphrc","public_opinion",0
"kemri_wellcome","public_opinion",0
"ifakara_health","public_opinion",0
"manhica_cisim","public_opinion",0
"mrc_gambia","public_opinion",0
"navrongo_hrc","public_opinion",0
"rakai_health","public_opinion",0
"malawi_liverpool_wellcome","public_opinion",0
"cidrz","public_opinion",0
"kersa_hdss","public_opinion",0
"nouna_crsn","public_opinion",0
"apcc","public_opinion",0
"h3africa","public_opinion",0
"hsrc","public_opinion",2
"saldru","public_opinion",0
"datafirst","public_opinion",2
"isser_ghana","public_opinion",0
"eprc_uganda","public_opinion",1
"esrf_tanzania","public_opinion",2
"csea_nigeria","public_opinion",0
"pesacheck","public_opinion",2
"freshly_ground_insights","public_opinion",2
"columinate","public_opinion",2
"persian_cohort","public_opinion",0
"golestan_cohort","public_opinion",0
"qatar_biobank","public_opinion",0
"moroccan_genome","public_opinion",0
"afristat","public_opinion",0
"statafric","public_opinion",0
"afdb_statistics","public_opinion",0
"sanbi","public_opinion",0
"africas_talking","public_opinion",0
"onafriq","public_opinion",0
"cellulant","public_opinion",0
"codesria","public_opinion",2
"aerc","public_opinion",0
"pasgr","public_opinion",2
"iss_africa","public_opinion",2
"nextier_spd","public_opinion",1
"heritage_institute","public_opinion",2
"zeparu","public_opinion",1
"bidpa","public_opinion",2
"ippr_namibia","public_opinion",2
"nkafu","public_opinion",2
"cires_ivoire","public_opinion",0
"iese_mozambique","public_opinion",2
"zipar","public_opinion",1
"riwi","public_opinion",2
"pricestats","public_opinion",0
"soundthinking","public_opinion",0
"alphonso","public_opinion",0
"opensignal","public_opinion",0
"nexar","public_opinion",0
"geodnet","public_opinion",0
"wingbits","public_opinion",0
"flightradar24","public_opinion",0
"karya","public_opinion",0
"airwars","public_opinion",0
"mnemonic","public_opinion",0
"forensic_architecture","public_opinion",0
"atlas_ai","public_opinion",0
"fraym","public_opinion",2
"rs_metrics","public_opinion",0
"yodlee","public_opinion",0
"empatica","public_opinion",0
"sonde_health","public_opinion",0
"origin_wireless","public_opinion",0
"vayyar","public_opinion",0
"bidgely","public_opinion",0
"wildlife_insights","public_opinion",0
"atlan_space","public_opinion",0
"cellebrite","public_opinion",0
"nso_group","public_opinion",0
"candiru","public_opinion",0
"paragon_solutions","public_opinion",0
"kando","public_opinion",0
"beehero","public_opinion",0
"seetree","public_opinion",0
"lean_technologies","public_opinion",0
"ushahidi","public_opinion",2
"sunbird_ai","public_opinion",0
"terragon","public_opinion",0
"zenvus","public_opinion",0
"dataphyte","public_opinion",2
"berci","public_opinion",2
"iford","public_opinion",1
"iki_malawi","public_opinion",0
"jumo","public_opinion",0
"kifiya","public_opinion",0
"omnisient","public_opinion",0
"humangle","public_opinion",0
"timbuktu_institute","public_opinion",2
"ayin_network","public_opinion",0
"sudan_transparency","public_opinion",0
"ipsos","health_clinical",1
"kantar","health_clinical",0
"niq","health_clinical",0
"circana","health_clinical",0
"gallup","health_clinical",1
"yougov","health_clinical",0
"morning_consult","health_clinical",0
"pew_research","health_clinical",0
"verian","health_clinical",2
"ipsos_mori_uk","health_clinical",1
"savanta","health_clinical",0
"system1_group","health_clinical",0
"euromonitor","health_clinical",0
"mintel","health_clinical",0
"statista","health_clinical",0
"m3_global_research","health_clinical",2
"escalent","health_clinical",0
"material_plus","health_clinical",0
"c_space","health_clinical",0
"hall_and_partners","health_clinical",0
"appinio","health_clinical",0
"attest","health_clinical",0
"zappi","health_clinical",0
"suzy","health_clinical",0
"glimpse_ai","health_clinical",0
"listen_labs","health_clinical",0
"strella","health_clinical",0
"outset_ai","health_clinical",0
"cint","health_clinical",0
"dynata","health_clinical",0
"toluna","health_clinical",0
"bilendi","health_clinical",0
"norstat","health_clinical",0
"prolific","health_clinical",0
"cloudresearch","health_clinical",0
"purespectrum","health_clinical",0
"innovate_mr","health_clinical",0
"prodege","health_clinical",0
"disqo","health_clinical",0
"rakuten_insight","health_clinical",0
"borderless_access","health_clinical",2
"milieu_insight","health_clinical",0
"respondent_io","health_clinical",0
"qualtrics","health_clinical",0
"surveymonkey","health_clinical",0
"alchemer","health_clinical",0
"forsta","health_clinical",2
"sawtooth_software","health_clinical",0
"surveycto","health_clinical",2
"kobotoolbox","health_clinical",2
"odk","health_clinical",2
"commcare_dimagi","health_clinical",2
"ona","health_clinical",2
"mwater","health_clinical",2
"redcap","health_clinical",2
"gorilla_sc","health_clinical",0
"credamo","health_clinical",0
"wenjuanxing","health_clinical",0
"one_to_one_tunisia","health_clinical",0
"sigma_conseil","health_clinical",0
"emrhod_consulting","health_clinical",0
"elka_consulting","health_clinical",0
"bjka_consulting","health_clinical",0
"lms_csa_maroc","health_clinical",0
"baseera_egypt","health_clinical",1
"pcpsr","health_clinical",0
"awrad","health_clinical",0
"nama_strategic","health_clinical",0
"css_jordan","health_clinical",0
"iiacss","health_clinical",0
"parc_dubai","health_clinical",0
"ispa_iran","health_clinical",0
"gamaan","health_clinical",0
"konda","health_clinical",0
"metropoll","health_clinical",0
"areda_survey","health_clinical",0
"midgam_israel","health_clinical",0
"ipanel_israel","health_clinical",0
"arab_barometer","health_clinical",0
"afrobarometer","health_clinical",1
"cdd_ghana","health_clinical",0
"ijr_south_africa","health_clinical",0
"ids_nairobi","health_clinical",0
"ireg_benin","health_clinical",0
"infotrak","health_clinical",0
"tifa_research","health_clinical",0
"consumer_insight_africa","health_clinical",0
"geopoll","health_clinical",1
"sagaci_research","health_clinical",0
"noipolls","health_clinical",2
"sbm_intelligence","health_clinical",0
"practical_sampling","health_clinical",0
"ask_afrika","health_clinical",0
"plus94_research","health_clinical",0
"citizen_surveys","health_clinical",0
"busara_center","health_clinical",1
"ipa_research","health_clinical",1
"jpal","health_clinical",1
"laterite","health_clinical",1
"sixty_decibels","health_clinical",2
"lokniti_csds","health_clinical",0
"cvoter","health_clinical",0
"axis_my_india","health_clinical",0
"hansa_research","health_clinical",0
"q_and_q_research","health_clinical",2
"outline_india","health_clinical",2
"gallup_pakistan","health_clinical",0
"lsi_indonesia","health_clinical",0
"smrc_indonesia","health_clinical",0
"indikator_politik","health_clinical",0
"sws_philippines","health_clinical",1
"pulse_asia","health_clinical",0
"cimigo","health_clinical",0
"q_and_me","health_clinical",0
"indochina_research","health_clinical",0
"deka_research","health_clinical",0
"macromill","health_clinical",0
"intage","health_clinical",1
"nikkei_research","health_clinical",0
"cross_marketing","health_clinical",0
"embrain","health_clinical",0
"hankook_research","health_clinical",0
"realmeter","health_clinical",0
"gallup_korea","health_clinical",0
"horizon_china","health_clinical",0
"ctr_china","health_clinical",0
"csm_media","health_clinical",0
"datafolha","health_clinical",0
"ipec_brasil","health_clinical",0
"quaest","health_clinical",0
"atlasintel","health_clinical",0
"consulta_mitofsky","health_clinical",0
"enkoll","health_clinical",0
"buendia_marquez","health_clinical",0
"cadem","health_clinical",0
"invamer","health_clinical",0
"datexco","health_clinical",0
"cid_gallup","health_clinical",0
"poliarquia","health_clinical",0
"latinobarometro","health_clinical",0
"lapop","health_clinical",0
"levada_center","health_clinical",0
"vciom","health_clinical",0
"fom_russia","health_clinical",0
"russian_field","health_clinical",0
"kiis","health_clinical",0
"rating_group","health_clinical",0
"razumkov_centre","health_clinical",0
"info_sapiens","health_clinical",0
"gradus_research","health_clinical",0
"crrc","health_clinical",0
"act_georgia","health_clinical",0
"central_asia_barometer","health_clinical",0
"m_vector","health_clinical",0
"siar_research","health_clinical",0
"ipm_belarus","health_clinical",0
"roy_morgan","health_clinical",0
"essential_research","health_clinical",0
"oztam","health_clinical",0
"barb_uk","health_clinical",0
"mediametrie","health_clinical",0
"barc_india","health_clinical",0
"video_research_jp","health_clinical",0
"numeris","health_clinical",0
"scale_ai","health_clinical",0
"surge_ai","health_clinical",0
"mercor","health_clinical",0
"handshake_ai","health_clinical",0
"micro1","health_clinical",0
"turing_com","health_clinical",0
"invisible_tech","health_clinical",0
"appen","health_clinical",0
"toloka","health_clinical",0
"telus_digital_ai","health_clinical",0
"imerit","health_clinical",2
"sama","health_clinical",0
"cloudfactory","health_clinical",0
"superannotate","health_clinical",0
"labelbox","health_clinical",0
"snorkel_ai","health_clinical",0
"encord","health_clinical",2
"v7_labs","health_clinical",2
"kili_technology","health_clinical",0
"dataloop","health_clinical",0
"roboflow","health_clinical",0
"defined_ai","health_clinical",0
"shaip","health_clinical",2
"innodata","health_clinical",0
"transperfect_dataforce","health_clinical",0
"speechocean","health_clinical",0
"datatang","health_clinical",0
"magic_data_tech","health_clinical",0
"dataannotation_tech","health_clinical",0
"pareto_ai","health_clinical",0
"mturk","health_clinical",0
"clickworker","health_clinical",0
"premise_data","health_clinical",0
"streetbees","health_clinical",1
"roamler","health_clinical",0
"field_agent","health_clinical",0
"gigwalk","health_clinical",0
"glg","health_clinical",1
"third_bridge","health_clinical",0
"guidepoint","health_clinical",2
"alphasense","health_clinical",0
"dialectica","health_clinical",0
"bright_data","health_clinical",0
"oxylabs","health_clinical",0
"decodo","health_clinical",0
"zyte","health_clinical",0
"apify","health_clinical",0
"firecrawl","health_clinical",0
"tavily","health_clinical",0
"diffbot","health_clinical",0
"common_crawl","health_clinical",0
"promptcloud","health_clinical",0
"grepsr","health_clinical",0
"nimble_data","health_clinical",0
"coresignal","health_clinical",0
"acxiom","health_clinical",0
"experian","health_clinical",0
"equifax","health_clinical",0
"transunion","health_clinical",0
"liveramp","health_clinical",0
"epsilon","health_clinical",0
"lexisnexis_risk","health_clinical",0
"dun_bradstreet","health_clinical",0
"cotality","health_clinical",0
"verisk","health_clinical",0
"crif","health_clinical",0
"serasa_experian","health_clinical",0
"spokeo","health_clinical",0
"safegraph","health_clinical",0
"placer_ai","health_clinical",0
"veraset","health_clinical",0
"unacast","health_clinical",0
"foursquare","health_clinical",0
"kochava_collective","health_clinical",0
"azira","health_clinical",0
"advan_research","health_clinical",0
"huq_industries","health_clinical",0
"predicio","health_clinical",0
"positium","health_clinical",0
"teralytics","health_clinical",0
"orange_flux_vision","health_clinical",0
"flowminder","health_clinical",1
"planet_labs","health_clinical",0
"vantor","health_clinical",0
"blacksky","health_clinical",0
"iceye","health_clinical",0
"satellogic","health_clinical",0
"capella_space","health_clinical",0
"umbra_space","health_clinical",0
"airbus_ds_geo","health_clinical",0
"spire_global","health_clinical",0
"ursa_space","health_clinical",0
"pixxel","health_clinical",0
"skyfi","health_clinical",0
"earthdaily","health_clinical",0
"satvu","health_clinical",0
"ghgsat","health_clinical",0
"kayrros","health_clinical",0
"descartes_labs","health_clinical",0
"spaceknow","health_clinical",0
"synspective","health_clinical",0
"axelspace","health_clinical",0
"changguang","health_clinical",0
"twentyone_at","health_clinical",0
"tomorrow_io","health_clinical",0
"windborne","health_clinical",0
"saildrone","health_clinical",0
"sofar_ocean","health_clinical",0
"jupiter_intelligence","health_clinical",0
"first_street","health_clinical",0
"fathom_global","health_clinical",0
"jba_risk","health_clinical",0
"moodys_rms","health_clinical",0
"mitiga_solutions","health_clinical",0
"climateai","health_clinical",0
"descartes_underwriting","health_clinical",0
"sylvera","health_clinical",0
"bezero_carbon","health_clinical",0
"carbon_mapper","health_clinical",0
"chloris_geospatial","health_clinical",0
"nielsen","health_clinical",0
"comscore","health_clinical",0
"samba_tv","health_clinical",0
"ispot_tv","health_clinical",0
"videoamp","health_clinical",0
"similarweb","health_clinical",0
"sensor_tower","health_clinical",0
"yipitdata","health_clinical",0
"m_science","health_clinical",0
"consumer_edge","health_clinical",0
"earnest_analytics","health_clinical",2
"facteus","health_clinical",0
"measurable_ai","health_clinical",0
"plaid","health_clinical",0
"tink","health_clinical",0
"kpler","health_clinical",0
"vortexa","health_clinical",0
"windward_ai","health_clinical",0
"panjiva","health_clinical",0
"importgenius","health_clinical",0
"iqvia","health_clinical",2
"komodo_health","health_clinical",2
"truveta","health_clinical",2
"healthverity","health_clinical",2
"tempus_ai","health_clinical",2
"datavant","health_clinical",2
"flatiron_health","health_clinical",2
"trinetx","health_clinical",2
"picnichealth","health_clinical",2
"evidation_health","health_clinical",2
"medidata","health_clinical",2
"veeva_crossix","health_clinical",2
"definitive_healthcare","health_clinical",2
"uk_biobank","health_clinical",2
"bgi_genomics","health_clinical",2
"samsara","health_clinical",0
"geotab","health_clinical",0
"inrix","health_clinical",0
"tomtom","health_clinical",0
"here_technologies","health_clinical",0
"cambridge_mobile","health_clinical",0
"arity","health_clinical",0
"smartcar","health_clinical",0
"high_mobility","health_clinical",0
"dataminr","health_clinical",0
"recorded_future","health_clinical",0
"meltwater","health_clinical",0
"brandwatch","health_clinical",0
"talkwalker","health_clinical",0
"sprinklr","health_clinical",0
"graphika","health_clinical",0
"babel_street","health_clinical",0
"sayari","health_clinical",0
"kharon","health_clinical",0
"janes","health_clinical",0
"acled","health_clinical",0
"gdelt","health_clinical",0
"bellingcat","health_clinical",0
"newsguard","health_clinical",0
"zoominfo","health_clinical",0
"apollo_io","health_clinical",0
"cognism","health_clinical",0
"lusha","health_clinical",0
"people_data_labs","health_clinical",0
"opencorporates","health_clinical",0
"moodys_bvd","health_clinical",0
"pitchbook","health_clinical",0
"crunchbase","health_clinical",0
"tracxn","health_clinical",0
"dealroom","health_clinical",0
"numerator","health_clinical",0
"profitero","health_clinical",0
"dataweave","health_clinical",0
"intelligence_node","health_clinical",0
"trax_retail","health_clinical",0
"dunnhumby","health_clinical",0
"eightyfour_51","health_clinical",0
"clearview_ai","health_clinical",0
"pimeyes","health_clinical",0
"tools_for_humanity","health_clinical",0
"yoti","health_clinical",0
"idemia","health_clinical",0
"sensetime","health_clinical",0
"megvii","health_clinical",0
"hikvision","health_clinical",0
"arab_advisors","health_clinical",0
"asdaa_bcw","health_clinical",0
"insight_discovery","health_clinical",0
"ventures_middle_east","health_clinical",0
"space42","health_clinical",0
"presight_ai","health_clinical",0
"lucidya","health_clinical",0
"mozn","health_clinical",0
"crowd_analyzer","health_clinical",0
"tarjama","health_clinical",0
"idsc_egypt","health_clinical",0
"rada_research","health_clinical",0
"statistics_lebanon","health_clinical",0
"information_international","health_clinical",0
"scpr_syria","health_clinical",0
"yemen_polling_center","health_clinical",0
"diwan_research","health_clinical",0
"immar_rc","health_clinical",0
"sunergia","health_clinical",0
"iranpoll","health_clinical",0
"turkiye_raporu","health_clinical",0
"geocartography","health_clinical",0
"near_east_consulting","health_clinical",0
"jmcc","health_clinical",0
"zogby_research","health_clinical",0
"reach_initiative","health_clinical",1
"acaps","health_clinical",1
"afriksurvey","health_clinical",0
"sagapoll","health_clinical",0
"dalberg_research","health_clinical",2
"stears","health_clinical",0
"datalens_africa","health_clinical",0
"creditregistry","health_clinical",0
"indicina","health_clinical",0
"africa_polling_institute","health_clinical",0
"global_infoanalytics","health_clinical",0
"amini","health_clinical",0
"research_solutions_africa","health_clinical",2
"msurvey","health_clinical",0
"echo_mobile","health_clinical",2
"viamo","health_clinical",2
"twaweza","health_clinical",1
"research_world_intl","health_clinical",0
"charis_uas","health_clinical",1
"digital_umuganda","health_clinical",0
"somali_public_agenda","health_clinical",0
"mpoi_zimbabwe","health_clinical",0
"social_research_foundation","health_clinical",0
"eighty20","health_clinical",0
"lightstone","health_clinical",0
"lelapa_ai","health_clinical",0
"masakhane","health_clinical",0
"awarri","health_clinical",0
"romir","health_clinical",0
"mediascope","health_clinical",0
"ipsos_comcon","health_clinical",0
"tiburon_research","health_clinical",0
"anketolog","health_clinical",0
"sberindex","health_clinical",0
"yandex_data","health_clinical",0
"baw_belarus","health_clinical",0
"bisam","health_clinical",0
"demoscope_kz","health_clinical",0
"ijtimoiy_fikr","health_clinical",0
"questmobile","health_clinical",0
"analysys_yiguan","health_clinical",0
"iimedia","health_clinical",0
"talkingdata","health_clinical",0
"aurora_mobile","health_clinical",0
"miaozhen_admaster","health_clinical",0
"qichacha","health_clinical",0
"tianyancha","health_clinical",0
"wind_information","health_clinical",0
"intron_health","health_clinical",2
"african_languages_lab","health_clinical",0
"aflabox","health_clinical",1
"tolbi","health_clinical",0
"soko_aerial","health_clinical",0
"geoinfotech","health_clinical",0
"helium_health","health_clinical",2
"pula","health_clinical",0
"apollo_agriculture","health_clinical",0
"hello_tractor","health_clinical",0
"mpharma","health_clinical",2
"ehealth_africa","health_clinical",2
"lacuna_fund","health_clinical",1
"makerere_ai","health_clinical",2
"cntxt_ai","health_clinical",0
"arabic_ai","health_clinical",0
"aydi","health_clinical",0
"widebot","health_clinical",0
"mawdoo3","health_clinical",0
"aaru","health_clinical",0
"simile","health_clinical",0
"conveo","health_clinical",0
"perspective_ai","health_clinical",0
"theysaid","health_clinical",0
"versive","health_clinical",0
"hivemapper","health_clinical",0
"dimo","health_clinical",0
"weatherxm","health_clinical",0
"nova_labs_helium","health_clinical",0
"safecast","health_clinical",1
"biobot","health_clinical",2
"verily","health_clinical",2
"wastewaterscan","health_clinical",2
"hawkeye_360","health_clinical",0
"unseenlabs","health_clinical",0
"kleos_space","health_clinical",0
"naturemetrics","health_clinical",0
"rainforest_connection","health_clinical",0
"fugro","health_clinical",0
"clarity_movement","health_clinical",2
"aclima","health_clinical",2
"nuview","health_clinical",0
"orbital_sidekick","health_clinical",0
"wyvern","health_clinical",0
"hydrosat","health_clinical",0
"muon_space","health_clinical",0
"myriota","health_clinical",0
"astrocast","health_clinical",0
"nearmap","health_clinical",0
"vexcel_imaging","health_clinical",0
"airqo","health_clinical",2
"code_for_africa","health_clinical",1
"aerobotics","health_clinical",0
"ujuzikilimo","health_clinical",0
"robocare","health_clinical",0
"astral_aerial","health_clinical",0
"earthranger","health_clinical",0
"falcon_eye_drones","health_clinical",0
"falcon_3d","health_clinical",0
"digital_earth_africa","health_clinical",0
"sansa","health_clinical",0
"nasrda","health_clinical",0
"egsa","health_clinical",0
"kenya_space_agency","health_clinical",0
"essti","health_clinical",0
"mbrsc","health_clinical",0
"tubitak_uzay","health_clinical",0
"imagesat","health_clinical",0
"taranis","health_clinical",0
"agritask","health_clinical",0
"asterra","health_clinical",0
"norc","health_clinical",2
"westat","health_clinical",2
"rti_international","health_clinical",2
"mathematica","health_clinical",1
"abt_global","health_clinical",2
"ssrs","health_clinical",2
"icf_international","health_clinical",2
"quinnipiac_poll","health_clinical",0
"marist_poll","health_clinical",0
"monmouth_poll","health_clinical",0
"siena_research","health_clinical",0
"emerson_polling","health_clinical",0
"surveyusa","health_clinical",0
"prri","health_clinical",0
"ap_norc","health_clinical",0
"civiqs","health_clinical",0
"echelon_insights","health_clinical",0
"data_for_progress","health_clinical",0
"cygnal","health_clinical",0
"leger","health_clinical",0
"angus_reid_institute","health_clinical",0
"nanos_research","health_clinical",0
"ekos_research","health_clinical",0
"abacus_data","health_clinical",0
"environics_research","health_clinical",0
"skywatch","health_clinical",0
"mda_space","health_clinical",0
"ecopia_ai","health_clinical",0
"farmers_edge","health_clinical",0
"deveron","health_clinical",0
"semios","health_clinical",0
"bluedot","health_clinical",2
"local_logic","health_clinical",0
"riskthinking_ai","health_clinical",0
"triton_digital","health_clinical",0
"descartes_datamyne","health_clinical",0
"browse_ai","health_clinical",0
"internet_archive","health_clinical",0
"exa_ai","health_clinical",0
"altana","health_clinical",0
"project44","health_clinical",0
"fourkites","health_clinical",0
"clear_secure","health_clinical",0
"id_me","health_clinical",0
"socure","health_clinical",0
"observa","health_clinical",0
"ookla","health_clinical",0
"purpleair","health_clinical",0
"motive","health_clinical",0
"lytx","health_clinical",0
"catalina_marketing","health_clinical",0
"inmar_intelligence","health_clinical",0
"data_axle","health_clinical",0
"bombora","health_clinical",0
"thinknum","health_clinical",0
"om1","health_clinical",2
"verana_health","health_clinical",2
"atropos_health","health_clinical",2
"aetion","health_clinical",2
"edison_research","health_clinical",0
"luminate_data","health_clinical",0
"flashpoint","health_clinical",0
"zignal_labs","health_clinical",0
"albedo","health_clinical",0
"centaur_labs","health_clinical",2
"fulcrum_app","health_clinical",0
"rep_data","health_clinical",0
"understanding_america","health_clinical",2
"forsa","health_clinical",0
"infratest_dimap","health_clinical",0
"allensbach","health_clinical",0
"civey","health_clinical",0
"insa_consulere","health_clinical",0
"infas","health_clinical",0
"gesis","health_clinical",0
"soep_diw","health_clinical",1
"ororatech","health_clinical",0
"liveeo","health_clinical",0
"constellr","health_clinical",0
"limesurvey","health_clinical",0
"agf_videoforschung","health_clinical",0
"ifop","health_clinical",0
"opinionway","health_clinical",0
"bva_xsight","health_clinical",0
"elabe","health_clinical",0
"odoxa","health_clinical",1
"csa_research","health_clinical",0
"credoc","health_clinical",0
"scrapingbee","health_clinical",0
"shippeo","health_clinical",0
"owkin","health_clinical",2
"doxa","health_clinical",0
"swg_italia","health_clinical",0
"cerved","health_clinical",0
"auditel_italia","health_clinical",0
"e_geos","health_clinical",0
"planetek_italia","health_clinical",0
"sigma_dos","health_clinical",0
"gad3","health_clinical",0
"metroscopia","health_clinical",0
"cuarenta_db","health_clinical",0
"kido_dynamics","health_clinical",0
"deimos_imaging","health_clinical",0
"marktest","health_clinical",0
"intercampus","health_clinical",0
"metron_analysis","health_clinical",0
"kapa_research","health_clinical",0
"marinetraffic","health_clinical",0
"kieskompas","health_clinical",0
"io_research","health_clinical",0
"motivaction","health_clinical",0
"nipo_nfield","health_clinical",0
"lifelines","health_clinical",2
"ivox","health_clinical",0
"sora_institute","health_clinical",0
"gfs_bern","health_clinical",0
"sotomo","health_clinical",0
"link_institut","health_clinical",0
"red_c","health_clinical",0
"epinion","health_clinical",0
"voxmeter","health_clinical",0
"novus","health_clinical",0
"taloustutkimus","health_clinical",0
"finngen","health_clinical",2
"decode_genetics","health_clinical",2
"signicat","health_clinical",0
"natcen","health_clinical",2
"understanding_society","health_clinical",2
"uk_data_service","health_clinical",1
"opinium","health_clinical",0
"survation","health_clinical",0
"deltapoll","health_clinical",0
"focaldata","health_clinical",0
"jl_partners","health_clinical",0
"more_in_common","health_clinical",0
"bmg_research","health_clinical",0
"signal_ai","health_clinical",0
"rezatec","health_clinical",0
"open_cosmos","health_clinical",0
"iproov","health_clinical",0
"truelayer","health_clinical",0
"yapily","health_clinical",0
"our_future_health","health_clinical",2
"lifebit","health_clinical",2
"ovilongwa","health_clinical",0
"star_awards_bwa","health_clinical",0
"igd_burkina","health_clinical",0
"gradis_burundi","health_clinical",0
"afrosondagem","health_clinical",0
"cible_cameroun","health_clinical",0
"laereag_tchad","health_clinical",0
"avenir_nepad_congo","health_clinical",0
"cofinco_comores","health_clinical",0
"zechlab","health_clinical",0
"qa_strategic_swz","health_clinical",0
"abcon_ethiopia","health_clinical",0
"cergep_gabon","health_clinical",0
"stat_view_guinea","health_clinical",0
"igpad_guinea_bissau","health_clinical",0
"advision_lesotho","health_clinical",0
"cdg_liberia","health_clinical",0
"coef_resources","health_clinical",0
"csr_malawi","health_clinical",0
"great_mali","health_clinical",0
"sista_consult","health_clinical",0
"straconsult_mus","health_clinical",0
"gsc_morocco","health_clinical",0
"cs_research_moz","health_clinical",0
"survey_warehouse","health_clinical",0
"lasdel_niger","health_clinical",0
"cres_senegal","health_clinical",0
"igr_sierra_leone","health_clinical",0
"sudan_polling_center","health_clinical",0
"repoa_tanzania","health_clinical",0
"crpd_gambia","health_clinical",0
"crop_togo","health_clinical",0
"hatchile_uganda","health_clinical",0
"cesor_zambia","health_clinical",0
"smile_identity","health_clinical",0
"zindi","health_clinical",1
"kartoza","health_clinical",0
"geoterraimage","health_clinical",0
"spatial_collective","health_clinical",0
"ramani_huria","health_clinical",0
"farmerline","health_clinical",0
"esoko","health_clinical",0
"sunculture","health_clinical",0
"thriveagric","health_clinical",0
"mono_nigeria","health_clinical",0
"stitch_za","health_clinical",0
"metropol_kenya","health_clinical",0
"crc_credit_bureau","health_clinical",0
"africa_check","health_clinical",0
"dubawa","health_clinical",0
"ilara_health","health_clinical",2
"jacaranda_health","health_clinical",2
"reelforge","health_clinical",0
"prembly","health_clinical",0
"youverify","health_clinical",0
"data_science_nigeria","health_clinical",0
"icog_labs","health_clinical",0
"lesan_ai","health_clinical",0
"kobo360","health_clinical",0
"lori_systems","health_clinical",0
"irsm_algeria","health_clinical",0
"cread_algeria","health_clinical",0
"optimar","health_clinical",0
"orc_arastirma","health_clinical",0
"avrasya_arastirma","health_clinical",0
"genar","health_clinical",0
"yoneylem","health_clinical",0
"sonar_arastirma","health_clinical",0
"gezici_arastirma","health_clinical",0
"mak_danismanlik","health_clinical",0
"piar_arastirma","health_clinical",0
"insider_tr","health_clinical",0
"acrps_doha","health_clinical",0
"sesri_qatar","health_clinical",1
"qcri","health_clinical",0
"sdaia","health_clinical",1
"elm_saudi","health_clinical",0
"saudi_space_agency","health_clinical",0
"simah","health_clinical",0
"derasat","health_clinical",0
"cri_lebanon","health_clinical",0
"infopro_lebanon","health_clinical",0
"albayan_iraq","health_clinical",0
"mas_palestine","health_clinical",0
"altibbi","health_clinical",2
"maqsam","health_clinical",0
"el_zanaty","health_clinical",2
"i_score_egypt","health_clinical",0
"intella_ai","health_clinical",0
"marocmetrie","health_clinical",0
"aarc_international","health_clinical",0
"chifco","health_clinical",0
"m42","health_clinical",2
"aecb","health_clinical",0
"derq","health_clinical",0
"israel_democracy_institute","health_clinical",0
"zencity","health_clinical",0
"cognyte","health_clinical",0
"ahri_south_africa","health_clinical",2
"agincourt_wits","health_clinical",2
"saprin","health_clinical",2
"aphrc","health_clinical",2
"kemri_wellcome","health_clinical",2
"ifakara_health","health_clinical",2
"manhica_cisim","health_clinical",2
"mrc_gambia","health_clinical",2
"navrongo_hrc","health_clinical",2
"rakai_health","health_clinical",2
"malawi_liverpool_wellcome","health_clinical",2
"cidrz","health_clinical",2
"kersa_hdss","health_clinical",2
"nouna_crsn","health_clinical",2
"apcc","health_clinical",2
"h3africa","health_clinical",2
"hsrc","health_clinical",2
"saldru","health_clinical",1
"datafirst","health_clinical",1
"isser_ghana","health_clinical",1
"eprc_uganda","health_clinical",0
"esrf_tanzania","health_clinical",0
"csea_nigeria","health_clinical",0
"pesacheck","health_clinical",0
"freshly_ground_insights","health_clinical",0
"columinate","health_clinical",0
"persian_cohort","health_clinical",2
"golestan_cohort","health_clinical",2
"qatar_biobank","health_clinical",2
"moroccan_genome","health_clinical",2
"afristat","health_clinical",0
"statafric","health_clinical",1
"afdb_statistics","health_clinical",0
"sanbi","health_clinical",0
"africas_talking","health_clinical",0
"onafriq","health_clinical",0
"cellulant","health_clinical",0
"codesria","health_clinical",0
"aerc","health_clinical",0
"pasgr","health_clinical",0
"iss_africa","health_clinical",0
"nextier_spd","health_clinical",0
"heritage_institute","health_clinical",0
"zeparu","health_clinical",0
"bidpa","health_clinical",0
"ippr_namibia","health_clinical",0
"nkafu","health_clinical",1
"cires_ivoire","health_clinical",0
"iese_mozambique","health_clinical",0
"zipar","health_clinical",0
"riwi","health_clinical",1
"pricestats","health_clinical",0
"soundthinking","health_clinical",0
"alphonso","health_clinical",0
"opensignal","health_clinical",0
"nexar","health_clinical",0
"geodnet","health_clinical",0
"wingbits","health_clinical",0
"flightradar24","health_clinical",0
"karya","health_clinical",0
"airwars","health_clinical",0
"mnemonic","health_clinical",0
"forensic_architecture","health_clinical",0
"atlas_ai","health_clinical",0
"fraym","health_clinical",0
"rs_metrics","health_clinical",0
"yodlee","health_clinical",0
"empatica","health_clinical",2
"sonde_health","health_clinical",2
"origin_wireless","health_clinical",1
"vayyar","health_clinical",2
"bidgely","health_clinical",0
"wildlife_insights","health_clinical",0
"atlan_space","health_clinical",0
"cellebrite","health_clinical",0
"nso_group","health_clinical",0
"candiru","health_clinical",0
"paragon_solutions","health_clinical",0
"kando","health_clinical",1
"beehero","health_clinical",0
"seetree","health_clinical",0
"lean_technologies","health_clinical",0
"ushahidi","health_clinical",0
"sunbird_ai","health_clinical",0
"terragon","health_clinical",0
"zenvus","health_clinical",0
"dataphyte","health_clinical",0
"berci","health_clinical",1
"iford","health_clinical",2
"iki_malawi","health_clinical",2
"jumo","health_clinical",0
"kifiya","health_clinical",0
"omnisient","health_clinical",0
"humangle","health_clinical",0
"timbuktu_institute","health_clinical",0
"ayin_network","health_clinical",0
"sudan_transparency","health_clinical",0
"ipsos","financial_transactions",0
"kantar","financial_transactions",0
"niq","financial_transactions",0
"circana","financial_transactions",0
"gallup","financial_transactions",0
"yougov","financial_transactions",0
"morning_consult","financial_transactions",0
"pew_research","financial_transactions",0
"verian","financial_transactions",0
"ipsos_mori_uk","financial_transactions",0
"savanta","financial_transactions",0
"system1_group","financial_transactions",0
"euromonitor","financial_transactions",0
"mintel","financial_transactions",0
"statista","financial_transactions",0
"m3_global_research","financial_transactions",0
"escalent","financial_transactions",0
"material_plus","financial_transactions",0
"c_space","financial_transactions",0
"hall_and_partners","financial_transactions",0
"appinio","financial_transactions",0
"attest","financial_transactions",0
"zappi","financial_transactions",0
"suzy","financial_transactions",0
"glimpse_ai","financial_transactions",0
"listen_labs","financial_transactions",0
"strella","financial_transactions",0
"outset_ai","financial_transactions",0
"cint","financial_transactions",0
"dynata","financial_transactions",0
"toluna","financial_transactions",0
"bilendi","financial_transactions",0
"norstat","financial_transactions",0
"prolific","financial_transactions",0
"cloudresearch","financial_transactions",0
"purespectrum","financial_transactions",0
"innovate_mr","financial_transactions",0
"prodege","financial_transactions",0
"disqo","financial_transactions",0
"rakuten_insight","financial_transactions",0
"borderless_access","financial_transactions",0
"milieu_insight","financial_transactions",0
"respondent_io","financial_transactions",0
"qualtrics","financial_transactions",0
"surveymonkey","financial_transactions",0
"alchemer","financial_transactions",0
"forsta","financial_transactions",0
"sawtooth_software","financial_transactions",0
"surveycto","financial_transactions",0
"kobotoolbox","financial_transactions",0
"odk","financial_transactions",0
"commcare_dimagi","financial_transactions",0
"ona","financial_transactions",0
"mwater","financial_transactions",0
"redcap","financial_transactions",0
"gorilla_sc","financial_transactions",0
"credamo","financial_transactions",0
"wenjuanxing","financial_transactions",0
"one_to_one_tunisia","financial_transactions",0
"sigma_conseil","financial_transactions",0
"emrhod_consulting","financial_transactions",0
"elka_consulting","financial_transactions",0
"bjka_consulting","financial_transactions",0
"lms_csa_maroc","financial_transactions",0
"baseera_egypt","financial_transactions",0
"pcpsr","financial_transactions",0
"awrad","financial_transactions",0
"nama_strategic","financial_transactions",0
"css_jordan","financial_transactions",0
"iiacss","financial_transactions",0
"parc_dubai","financial_transactions",0
"ispa_iran","financial_transactions",0
"gamaan","financial_transactions",0
"konda","financial_transactions",0
"metropoll","financial_transactions",0
"areda_survey","financial_transactions",0
"midgam_israel","financial_transactions",0
"ipanel_israel","financial_transactions",0
"arab_barometer","financial_transactions",0
"afrobarometer","financial_transactions",0
"cdd_ghana","financial_transactions",0
"ijr_south_africa","financial_transactions",0
"ids_nairobi","financial_transactions",0
"ireg_benin","financial_transactions",0
"infotrak","financial_transactions",0
"tifa_research","financial_transactions",0
"consumer_insight_africa","financial_transactions",0
"geopoll","financial_transactions",0
"sagaci_research","financial_transactions",0
"noipolls","financial_transactions",0
"sbm_intelligence","financial_transactions",0
"practical_sampling","financial_transactions",0
"ask_afrika","financial_transactions",0
"plus94_research","financial_transactions",0
"citizen_surveys","financial_transactions",0
"busara_center","financial_transactions",0
"ipa_research","financial_transactions",0
"jpal","financial_transactions",0
"laterite","financial_transactions",0
"sixty_decibels","financial_transactions",0
"lokniti_csds","financial_transactions",0
"cvoter","financial_transactions",0
"axis_my_india","financial_transactions",0
"hansa_research","financial_transactions",0
"q_and_q_research","financial_transactions",0
"outline_india","financial_transactions",0
"gallup_pakistan","financial_transactions",0
"lsi_indonesia","financial_transactions",0
"smrc_indonesia","financial_transactions",0
"indikator_politik","financial_transactions",0
"sws_philippines","financial_transactions",0
"pulse_asia","financial_transactions",0
"cimigo","financial_transactions",0
"q_and_me","financial_transactions",0
"indochina_research","financial_transactions",0
"deka_research","financial_transactions",0
"macromill","financial_transactions",0
"intage","financial_transactions",0
"nikkei_research","financial_transactions",0
"cross_marketing","financial_transactions",0
"embrain","financial_transactions",0
"hankook_research","financial_transactions",0
"realmeter","financial_transactions",0
"gallup_korea","financial_transactions",0
"horizon_china","financial_transactions",0
"ctr_china","financial_transactions",0
"csm_media","financial_transactions",0
"datafolha","financial_transactions",0
"ipec_brasil","financial_transactions",0
"quaest","financial_transactions",0
"atlasintel","financial_transactions",0
"consulta_mitofsky","financial_transactions",0
"enkoll","financial_transactions",0
"buendia_marquez","financial_transactions",0
"cadem","financial_transactions",0
"invamer","financial_transactions",0
"datexco","financial_transactions",0
"cid_gallup","financial_transactions",0
"poliarquia","financial_transactions",0
"latinobarometro","financial_transactions",0
"lapop","financial_transactions",0
"levada_center","financial_transactions",0
"vciom","financial_transactions",0
"fom_russia","financial_transactions",0
"russian_field","financial_transactions",0
"kiis","financial_transactions",0
"rating_group","financial_transactions",0
"razumkov_centre","financial_transactions",0
"info_sapiens","financial_transactions",0
"gradus_research","financial_transactions",0
"crrc","financial_transactions",0
"act_georgia","financial_transactions",0
"central_asia_barometer","financial_transactions",0
"m_vector","financial_transactions",0
"siar_research","financial_transactions",0
"ipm_belarus","financial_transactions",0
"roy_morgan","financial_transactions",0
"essential_research","financial_transactions",0
"oztam","financial_transactions",0
"barb_uk","financial_transactions",0
"mediametrie","financial_transactions",0
"barc_india","financial_transactions",0
"video_research_jp","financial_transactions",0
"numeris","financial_transactions",0
"scale_ai","financial_transactions",0
"surge_ai","financial_transactions",0
"mercor","financial_transactions",0
"handshake_ai","financial_transactions",0
"micro1","financial_transactions",0
"turing_com","financial_transactions",0
"invisible_tech","financial_transactions",0
"appen","financial_transactions",0
"toloka","financial_transactions",0
"telus_digital_ai","financial_transactions",0
"imerit","financial_transactions",0
"sama","financial_transactions",0
"cloudfactory","financial_transactions",0
"superannotate","financial_transactions",0
"labelbox","financial_transactions",0
"snorkel_ai","financial_transactions",0
"encord","financial_transactions",0
"v7_labs","financial_transactions",0
"kili_technology","financial_transactions",0
"dataloop","financial_transactions",0
"roboflow","financial_transactions",0
"defined_ai","financial_transactions",0
"shaip","financial_transactions",0
"innodata","financial_transactions",0
"transperfect_dataforce","financial_transactions",0
"speechocean","financial_transactions",0
"datatang","financial_transactions",0
"magic_data_tech","financial_transactions",0
"dataannotation_tech","financial_transactions",0
"pareto_ai","financial_transactions",0
"mturk","financial_transactions",0
"clickworker","financial_transactions",0
"premise_data","financial_transactions",0
"streetbees","financial_transactions",0
"roamler","financial_transactions",0
"field_agent","financial_transactions",0
"gigwalk","financial_transactions",0
"glg","financial_transactions",0
"third_bridge","financial_transactions",0
"guidepoint","financial_transactions",0
"alphasense","financial_transactions",0
"dialectica","financial_transactions",0
"bright_data","financial_transactions",0
"oxylabs","financial_transactions",0
"decodo","financial_transactions",0
"zyte","financial_transactions",0
"apify","financial_transactions",0
"firecrawl","financial_transactions",0
"tavily","financial_transactions",0
"diffbot","financial_transactions",0
"common_crawl","financial_transactions",0
"promptcloud","financial_transactions",0
"grepsr","financial_transactions",0
"nimble_data","financial_transactions",0
"coresignal","financial_transactions",0
"acxiom","financial_transactions",0
"experian","financial_transactions",0
"equifax","financial_transactions",0
"transunion","financial_transactions",0
"liveramp","financial_transactions",0
"epsilon","financial_transactions",2
"lexisnexis_risk","financial_transactions",0
"dun_bradstreet","financial_transactions",0
"cotality","financial_transactions",0
"verisk","financial_transactions",0
"crif","financial_transactions",0
"serasa_experian","financial_transactions",0
"spokeo","financial_transactions",0
"safegraph","financial_transactions",0
"placer_ai","financial_transactions",0
"veraset","financial_transactions",0
"unacast","financial_transactions",0
"foursquare","financial_transactions",0
"kochava_collective","financial_transactions",0
"azira","financial_transactions",0
"advan_research","financial_transactions",0
"huq_industries","financial_transactions",0
"predicio","financial_transactions",0
"positium","financial_transactions",0
"teralytics","financial_transactions",0
"orange_flux_vision","financial_transactions",0
"flowminder","financial_transactions",0
"planet_labs","financial_transactions",0
"vantor","financial_transactions",0
"blacksky","financial_transactions",0
"iceye","financial_transactions",0
"satellogic","financial_transactions",0
"capella_space","financial_transactions",0
"umbra_space","financial_transactions",0
"airbus_ds_geo","financial_transactions",0
"spire_global","financial_transactions",0
"ursa_space","financial_transactions",0
"pixxel","financial_transactions",0
"skyfi","financial_transactions",0
"earthdaily","financial_transactions",0
"satvu","financial_transactions",0
"ghgsat","financial_transactions",0
"kayrros","financial_transactions",0
"descartes_labs","financial_transactions",0
"spaceknow","financial_transactions",0
"synspective","financial_transactions",0
"axelspace","financial_transactions",0
"changguang","financial_transactions",0
"twentyone_at","financial_transactions",0
"tomorrow_io","financial_transactions",0
"windborne","financial_transactions",0
"saildrone","financial_transactions",0
"sofar_ocean","financial_transactions",0
"jupiter_intelligence","financial_transactions",0
"first_street","financial_transactions",0
"fathom_global","financial_transactions",0
"jba_risk","financial_transactions",0
"moodys_rms","financial_transactions",0
"mitiga_solutions","financial_transactions",0
"climateai","financial_transactions",0
"descartes_underwriting","financial_transactions",0
"sylvera","financial_transactions",0
"bezero_carbon","financial_transactions",0
"carbon_mapper","financial_transactions",0
"chloris_geospatial","financial_transactions",0
"nielsen","financial_transactions",0
"comscore","financial_transactions",0
"samba_tv","financial_transactions",0
"ispot_tv","financial_transactions",0
"videoamp","financial_transactions",0
"similarweb","financial_transactions",0
"sensor_tower","financial_transactions",0
"yipitdata","financial_transactions",2
"m_science","financial_transactions",2
"consumer_edge","financial_transactions",2
"earnest_analytics","financial_transactions",2
"facteus","financial_transactions",2
"measurable_ai","financial_transactions",2
"plaid","financial_transactions",2
"tink","financial_transactions",2
"kpler","financial_transactions",0
"vortexa","financial_transactions",0
"windward_ai","financial_transactions",0
"panjiva","financial_transactions",0
"importgenius","financial_transactions",0
"iqvia","financial_transactions",0
"komodo_health","financial_transactions",0
"truveta","financial_transactions",0
"healthverity","financial_transactions",0
"tempus_ai","financial_transactions",0
"datavant","financial_transactions",0
"flatiron_health","financial_transactions",0
"trinetx","financial_transactions",0
"picnichealth","financial_transactions",0
"evidation_health","financial_transactions",0
"medidata","financial_transactions",0
"veeva_crossix","financial_transactions",0
"definitive_healthcare","financial_transactions",0
"uk_biobank","financial_transactions",0
"bgi_genomics","financial_transactions",0
"samsara","financial_transactions",0
"geotab","financial_transactions",0
"inrix","financial_transactions",0
"tomtom","financial_transactions",0
"here_technologies","financial_transactions",0
"cambridge_mobile","financial_transactions",0
"arity","financial_transactions",0
"smartcar","financial_transactions",0
"high_mobility","financial_transactions",0
"dataminr","financial_transactions",0
"recorded_future","financial_transactions",0
"meltwater","financial_transactions",0
"brandwatch","financial_transactions",0
"talkwalker","financial_transactions",0
"sprinklr","financial_transactions",0
"graphika","financial_transactions",0
"babel_street","financial_transactions",0
"sayari","financial_transactions",0
"kharon","financial_transactions",0
"janes","financial_transactions",0
"acled","financial_transactions",0
"gdelt","financial_transactions",0
"bellingcat","financial_transactions",0
"newsguard","financial_transactions",0
"zoominfo","financial_transactions",0
"apollo_io","financial_transactions",0
"cognism","financial_transactions",0
"lusha","financial_transactions",0
"people_data_labs","financial_transactions",0
"opencorporates","financial_transactions",0
"moodys_bvd","financial_transactions",0
"pitchbook","financial_transactions",0
"crunchbase","financial_transactions",0
"tracxn","financial_transactions",0
"dealroom","financial_transactions",0
"numerator","financial_transactions",0
"profitero","financial_transactions",0
"dataweave","financial_transactions",0
"intelligence_node","financial_transactions",0
"trax_retail","financial_transactions",0
"dunnhumby","financial_transactions",0
"eightyfour_51","financial_transactions",0
"clearview_ai","financial_transactions",0
"pimeyes","financial_transactions",0
"tools_for_humanity","financial_transactions",0
"yoti","financial_transactions",0
"idemia","financial_transactions",0
"sensetime","financial_transactions",0
"megvii","financial_transactions",0
"hikvision","financial_transactions",0
"arab_advisors","financial_transactions",0
"asdaa_bcw","financial_transactions",0
"insight_discovery","financial_transactions",0
"ventures_middle_east","financial_transactions",0
"space42","financial_transactions",0
"presight_ai","financial_transactions",0
"lucidya","financial_transactions",0
"mozn","financial_transactions",0
"crowd_analyzer","financial_transactions",0
"tarjama","financial_transactions",0
"idsc_egypt","financial_transactions",0
"rada_research","financial_transactions",0
"statistics_lebanon","financial_transactions",0
"information_international","financial_transactions",0
"scpr_syria","financial_transactions",0
"yemen_polling_center","financial_transactions",0
"diwan_research","financial_transactions",0
"immar_rc","financial_transactions",0
"sunergia","financial_transactions",0
"iranpoll","financial_transactions",0
"turkiye_raporu","financial_transactions",0
"geocartography","financial_transactions",0
"near_east_consulting","financial_transactions",0
"jmcc","financial_transactions",0
"zogby_research","financial_transactions",0
"reach_initiative","financial_transactions",0
"acaps","financial_transactions",0
"afriksurvey","financial_transactions",0
"sagapoll","financial_transactions",0
"dalberg_research","financial_transactions",0
"stears","financial_transactions",0
"datalens_africa","financial_transactions",0
"creditregistry","financial_transactions",0
"indicina","financial_transactions",2
"africa_polling_institute","financial_transactions",0
"global_infoanalytics","financial_transactions",0
"amini","financial_transactions",0
"research_solutions_africa","financial_transactions",0
"msurvey","financial_transactions",0
"echo_mobile","financial_transactions",0
"viamo","financial_transactions",0
"twaweza","financial_transactions",0
"research_world_intl","financial_transactions",0
"charis_uas","financial_transactions",0
"digital_umuganda","financial_transactions",0
"somali_public_agenda","financial_transactions",0
"mpoi_zimbabwe","financial_transactions",0
"social_research_foundation","financial_transactions",0
"eighty20","financial_transactions",0
"lightstone","financial_transactions",0
"lelapa_ai","financial_transactions",0
"masakhane","financial_transactions",0
"awarri","financial_transactions",0
"romir","financial_transactions",0
"mediascope","financial_transactions",0
"ipsos_comcon","financial_transactions",0
"tiburon_research","financial_transactions",0
"anketolog","financial_transactions",0
"sberindex","financial_transactions",2
"yandex_data","financial_transactions",0
"baw_belarus","financial_transactions",0
"bisam","financial_transactions",0
"demoscope_kz","financial_transactions",0
"ijtimoiy_fikr","financial_transactions",0
"questmobile","financial_transactions",0
"analysys_yiguan","financial_transactions",0
"iimedia","financial_transactions",0
"talkingdata","financial_transactions",0
"aurora_mobile","financial_transactions",0
"miaozhen_admaster","financial_transactions",0
"qichacha","financial_transactions",0
"tianyancha","financial_transactions",0
"wind_information","financial_transactions",2
"intron_health","financial_transactions",0
"african_languages_lab","financial_transactions",0
"aflabox","financial_transactions",0
"tolbi","financial_transactions",0
"soko_aerial","financial_transactions",0
"geoinfotech","financial_transactions",0
"helium_health","financial_transactions",0
"pula","financial_transactions",0
"apollo_agriculture","financial_transactions",0
"hello_tractor","financial_transactions",0
"mpharma","financial_transactions",0
"ehealth_africa","financial_transactions",0
"lacuna_fund","financial_transactions",0
"makerere_ai","financial_transactions",0
"cntxt_ai","financial_transactions",0
"arabic_ai","financial_transactions",0
"aydi","financial_transactions",0
"widebot","financial_transactions",0
"mawdoo3","financial_transactions",0
"aaru","financial_transactions",0
"simile","financial_transactions",0
"conveo","financial_transactions",0
"perspective_ai","financial_transactions",0
"theysaid","financial_transactions",0
"versive","financial_transactions",0
"hivemapper","financial_transactions",0
"dimo","financial_transactions",0
"weatherxm","financial_transactions",0
"nova_labs_helium","financial_transactions",0
"safecast","financial_transactions",0
"biobot","financial_transactions",0
"verily","financial_transactions",0
"wastewaterscan","financial_transactions",0
"hawkeye_360","financial_transactions",0
"unseenlabs","financial_transactions",0
"kleos_space","financial_transactions",0
"naturemetrics","financial_transactions",0
"rainforest_connection","financial_transactions",0
"fugro","financial_transactions",0
"clarity_movement","financial_transactions",0
"aclima","financial_transactions",0
"nuview","financial_transactions",0
"orbital_sidekick","financial_transactions",0
"wyvern","financial_transactions",0
"hydrosat","financial_transactions",0
"muon_space","financial_transactions",0
"myriota","financial_transactions",0
"astrocast","financial_transactions",0
"nearmap","financial_transactions",0
"vexcel_imaging","financial_transactions",0
"airqo","financial_transactions",0
"code_for_africa","financial_transactions",0
"aerobotics","financial_transactions",0
"ujuzikilimo","financial_transactions",0
"robocare","financial_transactions",0
"astral_aerial","financial_transactions",0
"earthranger","financial_transactions",0
"falcon_eye_drones","financial_transactions",0
"falcon_3d","financial_transactions",0
"digital_earth_africa","financial_transactions",0
"sansa","financial_transactions",0
"nasrda","financial_transactions",0
"egsa","financial_transactions",0
"kenya_space_agency","financial_transactions",0
"essti","financial_transactions",0
"mbrsc","financial_transactions",0
"tubitak_uzay","financial_transactions",0
"imagesat","financial_transactions",0
"taranis","financial_transactions",0
"agritask","financial_transactions",0
"asterra","financial_transactions",0
"norc","financial_transactions",0
"westat","financial_transactions",0
"rti_international","financial_transactions",0
"mathematica","financial_transactions",0
"abt_global","financial_transactions",0
"ssrs","financial_transactions",0
"icf_international","financial_transactions",0
"quinnipiac_poll","financial_transactions",0
"marist_poll","financial_transactions",0
"monmouth_poll","financial_transactions",0
"siena_research","financial_transactions",0
"emerson_polling","financial_transactions",0
"surveyusa","financial_transactions",0
"prri","financial_transactions",0
"ap_norc","financial_transactions",0
"civiqs","financial_transactions",0
"echelon_insights","financial_transactions",0
"data_for_progress","financial_transactions",0
"cygnal","financial_transactions",0
"leger","financial_transactions",0
"angus_reid_institute","financial_transactions",0
"nanos_research","financial_transactions",0
"ekos_research","financial_transactions",0
"abacus_data","financial_transactions",0
"environics_research","financial_transactions",0
"skywatch","financial_transactions",0
"mda_space","financial_transactions",0
"ecopia_ai","financial_transactions",0
"farmers_edge","financial_transactions",0
"deveron","financial_transactions",0
"semios","financial_transactions",0
"bluedot","financial_transactions",0
"local_logic","financial_transactions",0
"riskthinking_ai","financial_transactions",1
"triton_digital","financial_transactions",0
"descartes_datamyne","financial_transactions",0
"browse_ai","financial_transactions",0
"internet_archive","financial_transactions",0
"exa_ai","financial_transactions",0
"altana","financial_transactions",0
"project44","financial_transactions",0
"fourkites","financial_transactions",0
"clear_secure","financial_transactions",0
"id_me","financial_transactions",0
"socure","financial_transactions",0
"observa","financial_transactions",0
"ookla","financial_transactions",0
"purpleair","financial_transactions",0
"motive","financial_transactions",0
"lytx","financial_transactions",0
"catalina_marketing","financial_transactions",0
"inmar_intelligence","financial_transactions",0
"data_axle","financial_transactions",0
"bombora","financial_transactions",0
"thinknum","financial_transactions",0
"om1","financial_transactions",0
"verana_health","financial_transactions",0
"atropos_health","financial_transactions",0
"aetion","financial_transactions",0
"edison_research","financial_transactions",0
"luminate_data","financial_transactions",0
"flashpoint","financial_transactions",0
"zignal_labs","financial_transactions",0
"albedo","financial_transactions",0
"centaur_labs","financial_transactions",0
"fulcrum_app","financial_transactions",0
"rep_data","financial_transactions",0
"understanding_america","financial_transactions",0
"forsa","financial_transactions",0
"infratest_dimap","financial_transactions",0
"allensbach","financial_transactions",0
"civey","financial_transactions",0
"insa_consulere","financial_transactions",0
"infas","financial_transactions",0
"gesis","financial_transactions",0
"soep_diw","financial_transactions",0
"ororatech","financial_transactions",0
"liveeo","financial_transactions",0
"constellr","financial_transactions",0
"limesurvey","financial_transactions",0
"agf_videoforschung","financial_transactions",0
"ifop","financial_transactions",0
"opinionway","financial_transactions",0
"bva_xsight","financial_transactions",0
"elabe","financial_transactions",0
"odoxa","financial_transactions",0
"csa_research","financial_transactions",0
"credoc","financial_transactions",0
"scrapingbee","financial_transactions",0
"shippeo","financial_transactions",0
"owkin","financial_transactions",0
"doxa","financial_transactions",0
"swg_italia","financial_transactions",0
"cerved","financial_transactions",0
"auditel_italia","financial_transactions",0
"e_geos","financial_transactions",0
"planetek_italia","financial_transactions",0
"sigma_dos","financial_transactions",0
"gad3","financial_transactions",0
"metroscopia","financial_transactions",0
"cuarenta_db","financial_transactions",0
"kido_dynamics","financial_transactions",0
"deimos_imaging","financial_transactions",0
"marktest","financial_transactions",0
"intercampus","financial_transactions",0
"metron_analysis","financial_transactions",0
"kapa_research","financial_transactions",0
"marinetraffic","financial_transactions",0
"kieskompas","financial_transactions",0
"io_research","financial_transactions",0
"motivaction","financial_transactions",0
"nipo_nfield","financial_transactions",0
"lifelines","financial_transactions",0
"ivox","financial_transactions",0
"sora_institute","financial_transactions",0
"gfs_bern","financial_transactions",0
"sotomo","financial_transactions",0
"link_institut","financial_transactions",0
"red_c","financial_transactions",0
"epinion","financial_transactions",0
"voxmeter","financial_transactions",0
"novus","financial_transactions",0
"taloustutkimus","financial_transactions",0
"finngen","financial_transactions",0
"decode_genetics","financial_transactions",0
"signicat","financial_transactions",0
"natcen","financial_transactions",0
"understanding_society","financial_transactions",0
"uk_data_service","financial_transactions",0
"opinium","financial_transactions",0
"survation","financial_transactions",0
"deltapoll","financial_transactions",0
"focaldata","financial_transactions",0
"jl_partners","financial_transactions",0
"more_in_common","financial_transactions",0
"bmg_research","financial_transactions",0
"signal_ai","financial_transactions",0
"rezatec","financial_transactions",0
"open_cosmos","financial_transactions",0
"iproov","financial_transactions",0
"truelayer","financial_transactions",2
"yapily","financial_transactions",2
"our_future_health","financial_transactions",0
"lifebit","financial_transactions",0
"ovilongwa","financial_transactions",0
"star_awards_bwa","financial_transactions",0
"igd_burkina","financial_transactions",0
"gradis_burundi","financial_transactions",0
"afrosondagem","financial_transactions",0
"cible_cameroun","financial_transactions",0
"laereag_tchad","financial_transactions",0
"avenir_nepad_congo","financial_transactions",0
"cofinco_comores","financial_transactions",0
"zechlab","financial_transactions",0
"qa_strategic_swz","financial_transactions",0
"abcon_ethiopia","financial_transactions",0
"cergep_gabon","financial_transactions",0
"stat_view_guinea","financial_transactions",0
"igpad_guinea_bissau","financial_transactions",0
"advision_lesotho","financial_transactions",0
"cdg_liberia","financial_transactions",0
"coef_resources","financial_transactions",0
"csr_malawi","financial_transactions",0
"great_mali","financial_transactions",0
"sista_consult","financial_transactions",0
"straconsult_mus","financial_transactions",0
"gsc_morocco","financial_transactions",0
"cs_research_moz","financial_transactions",0
"survey_warehouse","financial_transactions",0
"lasdel_niger","financial_transactions",0
"cres_senegal","financial_transactions",0
"igr_sierra_leone","financial_transactions",0
"sudan_polling_center","financial_transactions",0
"repoa_tanzania","financial_transactions",0
"crpd_gambia","financial_transactions",0
"crop_togo","financial_transactions",0
"hatchile_uganda","financial_transactions",0
"cesor_zambia","financial_transactions",0
"smile_identity","financial_transactions",0
"zindi","financial_transactions",0
"kartoza","financial_transactions",0
"geoterraimage","financial_transactions",0
"spatial_collective","financial_transactions",0
"ramani_huria","financial_transactions",0
"farmerline","financial_transactions",0
"esoko","financial_transactions",0
"sunculture","financial_transactions",0
"thriveagric","financial_transactions",0
"mono_nigeria","financial_transactions",2
"stitch_za","financial_transactions",2
"metropol_kenya","financial_transactions",0
"crc_credit_bureau","financial_transactions",0
"africa_check","financial_transactions",0
"dubawa","financial_transactions",0
"ilara_health","financial_transactions",0
"jacaranda_health","financial_transactions",0
"reelforge","financial_transactions",0
"prembly","financial_transactions",0
"youverify","financial_transactions",0
"data_science_nigeria","financial_transactions",0
"icog_labs","financial_transactions",0
"lesan_ai","financial_transactions",0
"kobo360","financial_transactions",0
"lori_systems","financial_transactions",0
"irsm_algeria","financial_transactions",0
"cread_algeria","financial_transactions",0
"optimar","financial_transactions",0
"orc_arastirma","financial_transactions",0
"avrasya_arastirma","financial_transactions",0
"genar","financial_transactions",0
"yoneylem","financial_transactions",0
"sonar_arastirma","financial_transactions",0
"gezici_arastirma","financial_transactions",0
"mak_danismanlik","financial_transactions",0
"piar_arastirma","financial_transactions",0
"insider_tr","financial_transactions",0
"acrps_doha","financial_transactions",0
"sesri_qatar","financial_transactions",0
"qcri","financial_transactions",0
"sdaia","financial_transactions",0
"elm_saudi","financial_transactions",0
"saudi_space_agency","financial_transactions",0
"simah","financial_transactions",0
"derasat","financial_transactions",0
"cri_lebanon","financial_transactions",0
"infopro_lebanon","financial_transactions",0
"albayan_iraq","financial_transactions",0
"mas_palestine","financial_transactions",0
"altibbi","financial_transactions",0
"maqsam","financial_transactions",0
"el_zanaty","financial_transactions",0
"i_score_egypt","financial_transactions",0
"intella_ai","financial_transactions",0
"marocmetrie","financial_transactions",0
"aarc_international","financial_transactions",0
"chifco","financial_transactions",0
"m42","financial_transactions",0
"aecb","financial_transactions",0
"derq","financial_transactions",0
"israel_democracy_institute","financial_transactions",0
"zencity","financial_transactions",0
"cognyte","financial_transactions",0
"ahri_south_africa","financial_transactions",0
"agincourt_wits","financial_transactions",0
"saprin","financial_transactions",0
"aphrc","financial_transactions",0
"kemri_wellcome","financial_transactions",0
"ifakara_health","financial_transactions",0
"manhica_cisim","financial_transactions",0
"mrc_gambia","financial_transactions",0
"navrongo_hrc","financial_transactions",0
"rakai_health","financial_transactions",0
"malawi_liverpool_wellcome","financial_transactions",0
"cidrz","financial_transactions",0
"kersa_hdss","financial_transactions",0
"nouna_crsn","financial_transactions",0
"apcc","financial_transactions",0
"h3africa","financial_transactions",0
"hsrc","financial_transactions",0
"saldru","financial_transactions",0
"datafirst","financial_transactions",0
"isser_ghana","financial_transactions",0
"eprc_uganda","financial_transactions",0
"esrf_tanzania","financial_transactions",0
"csea_nigeria","financial_transactions",0
"pesacheck","financial_transactions",0
"freshly_ground_insights","financial_transactions",0
"columinate","financial_transactions",0
"persian_cohort","financial_transactions",0
"golestan_cohort","financial_transactions",0
"qatar_biobank","financial_transactions",0
"moroccan_genome","financial_transactions",0
"afristat","financial_transactions",0
"statafric","financial_transactions",0
"afdb_statistics","financial_transactions",0
"sanbi","financial_transactions",0
"africas_talking","financial_transactions",2
"onafriq","financial_transactions",2
"cellulant","financial_transactions",2
"codesria","financial_transactions",0
"aerc","financial_transactions",0
"pasgr","financial_transactions",0
"iss_africa","financial_transactions",0
"nextier_spd","financial_transactions",0
"heritage_institute","financial_transactions",0
"zeparu","financial_transactions",0
"bidpa","financial_transactions",0
"ippr_namibia","financial_transactions",0
"nkafu","financial_transactions",0
"cires_ivoire","financial_transactions",0
"iese_mozambique","financial_transactions",0
"zipar","financial_transactions",0
"riwi","financial_transactions",0
"pricestats","financial_transactions",2
"soundthinking","financial_transactions",0
"alphonso","financial_transactions",0
"opensignal","financial_transactions",0
"nexar","financial_transactions",0
"geodnet","financial_transactions",0
"wingbits","financial_transactions",0
"flightradar24","financial_transactions",0
"karya","financial_transactions",0
"airwars","financial_transactions",0
"mnemonic","financial_transactions",0
"forensic_architecture","financial_transactions",0
"atlas_ai","financial_transactions",0
"fraym","financial_transactions",0
"rs_metrics","financial_transactions",0
"yodlee","financial_transactions",2
"empatica","financial_transactions",0
"sonde_health","financial_transactions",0
"origin_wireless","financial_transactions",0
"vayyar","financial_transactions",0
"bidgely","financial_transactions",0
"wildlife_insights","financial_transactions",0
"atlan_space","financial_transactions",0
"cellebrite","financial_transactions",0
"nso_group","financial_transactions",0
"candiru","financial_transactions",0
"paragon_solutions","financial_transactions",0
"kando","financial_transactions",0
"beehero","financial_transactions",0
"seetree","financial_transactions",0
"lean_technologies","financial_transactions",2
"ushahidi","financial_transactions",0
"sunbird_ai","financial_transactions",0
"terragon","financial_transactions",0
"zenvus","financial_transactions",0
"dataphyte","financial_transactions",0
"berci","financial_transactions",0
"iford","financial_transactions",0
"iki_malawi","financial_transactions",0
"jumo","financial_transactions",2
"kifiya","financial_transactions",2
"omnisient","financial_transactions",0
"humangle","financial_transactions",0
"timbuktu_institute","financial_transactions",0
"ayin_network","financial_transactions",0
"sudan_transparency","financial_transactions",0
"ipsos","credit_risk",0
"kantar","credit_risk",0
"niq","credit_risk",0
"circana","credit_risk",0
"gallup","credit_risk",0
"yougov","credit_risk",0
"morning_consult","credit_risk",0
"pew_research","credit_risk",0
"verian","credit_risk",0
"ipsos_mori_uk","credit_risk",0
"savanta","credit_risk",0
"system1_group","credit_risk",0
"euromonitor","credit_risk",0
"mintel","credit_risk",0
"statista","credit_risk",0
"m3_global_research","credit_risk",0
"escalent","credit_risk",0
"material_plus","credit_risk",0
"c_space","credit_risk",0
"hall_and_partners","credit_risk",0
"appinio","credit_risk",0
"attest","credit_risk",0
"zappi","credit_risk",0
"suzy","credit_risk",0
"glimpse_ai","credit_risk",0
"listen_labs","credit_risk",0
"strella","credit_risk",0
"outset_ai","credit_risk",0
"cint","credit_risk",0
"dynata","credit_risk",0
"toluna","credit_risk",0
"bilendi","credit_risk",0
"norstat","credit_risk",0
"prolific","credit_risk",0
"cloudresearch","credit_risk",0
"purespectrum","credit_risk",0
"innovate_mr","credit_risk",0
"prodege","credit_risk",0
"disqo","credit_risk",0
"rakuten_insight","credit_risk",0
"borderless_access","credit_risk",0
"milieu_insight","credit_risk",0
"respondent_io","credit_risk",0
"qualtrics","credit_risk",0
"surveymonkey","credit_risk",0
"alchemer","credit_risk",0
"forsta","credit_risk",0
"sawtooth_software","credit_risk",0
"surveycto","credit_risk",0
"kobotoolbox","credit_risk",0
"odk","credit_risk",0
"commcare_dimagi","credit_risk",0
"ona","credit_risk",0
"mwater","credit_risk",0
"redcap","credit_risk",0
"gorilla_sc","credit_risk",0
"credamo","credit_risk",0
"wenjuanxing","credit_risk",0
"one_to_one_tunisia","credit_risk",0
"sigma_conseil","credit_risk",0
"emrhod_consulting","credit_risk",0
"elka_consulting","credit_risk",0
"bjka_consulting","credit_risk",0
"lms_csa_maroc","credit_risk",0
"baseera_egypt","credit_risk",0
"pcpsr","credit_risk",0
"awrad","credit_risk",0
"nama_strategic","credit_risk",0
"css_jordan","credit_risk",0
"iiacss","credit_risk",0
"parc_dubai","credit_risk",0
"ispa_iran","credit_risk",0
"gamaan","credit_risk",0
"konda","credit_risk",0
"metropoll","credit_risk",0
"areda_survey","credit_risk",0
"midgam_israel","credit_risk",0
"ipanel_israel","credit_risk",0
"arab_barometer","credit_risk",0
"afrobarometer","credit_risk",0
"cdd_ghana","credit_risk",0
"ijr_south_africa","credit_risk",0
"ids_nairobi","credit_risk",0
"ireg_benin","credit_risk",0
"infotrak","credit_risk",0
"tifa_research","credit_risk",0
"consumer_insight_africa","credit_risk",0
"geopoll","credit_risk",0
"sagaci_research","credit_risk",0
"noipolls","credit_risk",0
"sbm_intelligence","credit_risk",0
"practical_sampling","credit_risk",0
"ask_afrika","credit_risk",0
"plus94_research","credit_risk",0
"citizen_surveys","credit_risk",0
"busara_center","credit_risk",0
"ipa_research","credit_risk",0
"jpal","credit_risk",0
"laterite","credit_risk",0
"sixty_decibels","credit_risk",0
"lokniti_csds","credit_risk",0
"cvoter","credit_risk",0
"axis_my_india","credit_risk",0
"hansa_research","credit_risk",0
"q_and_q_research","credit_risk",0
"outline_india","credit_risk",0
"gallup_pakistan","credit_risk",0
"lsi_indonesia","credit_risk",0
"smrc_indonesia","credit_risk",0
"indikator_politik","credit_risk",0
"sws_philippines","credit_risk",0
"pulse_asia","credit_risk",0
"cimigo","credit_risk",0
"q_and_me","credit_risk",0
"indochina_research","credit_risk",0
"deka_research","credit_risk",0
"macromill","credit_risk",0
"intage","credit_risk",0
"nikkei_research","credit_risk",0
"cross_marketing","credit_risk",0
"embrain","credit_risk",0
"hankook_research","credit_risk",0
"realmeter","credit_risk",0
"gallup_korea","credit_risk",0
"horizon_china","credit_risk",0
"ctr_china","credit_risk",0
"csm_media","credit_risk",0
"datafolha","credit_risk",0
"ipec_brasil","credit_risk",0
"quaest","credit_risk",0
"atlasintel","credit_risk",0
"consulta_mitofsky","credit_risk",0
"enkoll","credit_risk",0
"buendia_marquez","credit_risk",0
"cadem","credit_risk",0
"invamer","credit_risk",0
"datexco","credit_risk",0
"cid_gallup","credit_risk",0
"poliarquia","credit_risk",0
"latinobarometro","credit_risk",0
"lapop","credit_risk",0
"levada_center","credit_risk",0
"vciom","credit_risk",0
"fom_russia","credit_risk",0
"russian_field","credit_risk",0
"kiis","credit_risk",0
"rating_group","credit_risk",0
"razumkov_centre","credit_risk",0
"info_sapiens","credit_risk",0
"gradus_research","credit_risk",0
"crrc","credit_risk",0
"act_georgia","credit_risk",0
"central_asia_barometer","credit_risk",0
"m_vector","credit_risk",0
"siar_research","credit_risk",0
"ipm_belarus","credit_risk",0
"roy_morgan","credit_risk",0
"essential_research","credit_risk",0
"oztam","credit_risk",0
"barb_uk","credit_risk",0
"mediametrie","credit_risk",0
"barc_india","credit_risk",0
"video_research_jp","credit_risk",0
"numeris","credit_risk",0
"scale_ai","credit_risk",0
"surge_ai","credit_risk",0
"mercor","credit_risk",0
"handshake_ai","credit_risk",0
"micro1","credit_risk",0
"turing_com","credit_risk",0
"invisible_tech","credit_risk",0
"appen","credit_risk",0
"toloka","credit_risk",0
"telus_digital_ai","credit_risk",0
"imerit","credit_risk",0
"sama","credit_risk",0
"cloudfactory","credit_risk",0
"superannotate","credit_risk",0
"labelbox","credit_risk",0
"snorkel_ai","credit_risk",0
"encord","credit_risk",0
"v7_labs","credit_risk",0
"kili_technology","credit_risk",0
"dataloop","credit_risk",0
"roboflow","credit_risk",0
"defined_ai","credit_risk",0
"shaip","credit_risk",0
"innodata","credit_risk",0
"transperfect_dataforce","credit_risk",0
"speechocean","credit_risk",0
"datatang","credit_risk",0
"magic_data_tech","credit_risk",0
"dataannotation_tech","credit_risk",0
"pareto_ai","credit_risk",0
"mturk","credit_risk",0
"clickworker","credit_risk",0
"premise_data","credit_risk",0
"streetbees","credit_risk",0
"roamler","credit_risk",0
"field_agent","credit_risk",0
"gigwalk","credit_risk",0
"glg","credit_risk",0
"third_bridge","credit_risk",0
"guidepoint","credit_risk",0
"alphasense","credit_risk",0
"dialectica","credit_risk",0
"bright_data","credit_risk",0
"oxylabs","credit_risk",0
"decodo","credit_risk",0
"zyte","credit_risk",0
"apify","credit_risk",0
"firecrawl","credit_risk",0
"tavily","credit_risk",0
"diffbot","credit_risk",0
"common_crawl","credit_risk",0
"promptcloud","credit_risk",0
"grepsr","credit_risk",0
"nimble_data","credit_risk",0
"coresignal","credit_risk",0
"acxiom","credit_risk",1
"experian","credit_risk",2
"equifax","credit_risk",2
"transunion","credit_risk",2
"liveramp","credit_risk",0
"epsilon","credit_risk",0
"lexisnexis_risk","credit_risk",1
"dun_bradstreet","credit_risk",1
"cotality","credit_risk",1
"verisk","credit_risk",1
"crif","credit_risk",2
"serasa_experian","credit_risk",2
"spokeo","credit_risk",0
"safegraph","credit_risk",0
"placer_ai","credit_risk",0
"veraset","credit_risk",0
"unacast","credit_risk",0
"foursquare","credit_risk",0
"kochava_collective","credit_risk",0
"azira","credit_risk",0
"advan_research","credit_risk",0
"huq_industries","credit_risk",0
"predicio","credit_risk",0
"positium","credit_risk",0
"teralytics","credit_risk",0
"orange_flux_vision","credit_risk",0
"flowminder","credit_risk",0
"planet_labs","credit_risk",0
"vantor","credit_risk",0
"blacksky","credit_risk",0
"iceye","credit_risk",0
"satellogic","credit_risk",0
"capella_space","credit_risk",0
"umbra_space","credit_risk",0
"airbus_ds_geo","credit_risk",0
"spire_global","credit_risk",0
"ursa_space","credit_risk",0
"pixxel","credit_risk",0
"skyfi","credit_risk",0
"earthdaily","credit_risk",0
"satvu","credit_risk",0
"ghgsat","credit_risk",0
"kayrros","credit_risk",0
"descartes_labs","credit_risk",0
"spaceknow","credit_risk",0
"synspective","credit_risk",0
"axelspace","credit_risk",0
"changguang","credit_risk",0
"twentyone_at","credit_risk",0
"tomorrow_io","credit_risk",0
"windborne","credit_risk",0
"saildrone","credit_risk",0
"sofar_ocean","credit_risk",0
"jupiter_intelligence","credit_risk",0
"first_street","credit_risk",0
"fathom_global","credit_risk",0
"jba_risk","credit_risk",0
"moodys_rms","credit_risk",0
"mitiga_solutions","credit_risk",0
"climateai","credit_risk",0
"descartes_underwriting","credit_risk",0
"sylvera","credit_risk",0
"bezero_carbon","credit_risk",0
"carbon_mapper","credit_risk",0
"chloris_geospatial","credit_risk",0
"nielsen","credit_risk",0
"comscore","credit_risk",0
"samba_tv","credit_risk",0
"ispot_tv","credit_risk",0
"videoamp","credit_risk",0
"similarweb","credit_risk",0
"sensor_tower","credit_risk",0
"yipitdata","credit_risk",0
"m_science","credit_risk",0
"consumer_edge","credit_risk",0
"earnest_analytics","credit_risk",0
"facteus","credit_risk",0
"measurable_ai","credit_risk",0
"plaid","credit_risk",2
"tink","credit_risk",2
"kpler","credit_risk",0
"vortexa","credit_risk",0
"windward_ai","credit_risk",0
"panjiva","credit_risk",0
"importgenius","credit_risk",0
"iqvia","credit_risk",0
"komodo_health","credit_risk",0
"truveta","credit_risk",0
"healthverity","credit_risk",0
"tempus_ai","credit_risk",0
"datavant","credit_risk",0
"flatiron_health","credit_risk",0
"trinetx","credit_risk",0
"picnichealth","credit_risk",0
"evidation_health","credit_risk",0
"medidata","credit_risk",0
"veeva_crossix","credit_risk",0
"definitive_healthcare","credit_risk",0
"uk_biobank","credit_risk",0
"bgi_genomics","credit_risk",0
"samsara","credit_risk",0
"geotab","credit_risk",0
"inrix","credit_risk",0
"tomtom","credit_risk",0
"here_technologies","credit_risk",0
"cambridge_mobile","credit_risk",0
"arity","credit_risk",0
"smartcar","credit_risk",0
"high_mobility","credit_risk",0
"dataminr","credit_risk",0
"recorded_future","credit_risk",0
"meltwater","credit_risk",0
"brandwatch","credit_risk",0
"talkwalker","credit_risk",0
"sprinklr","credit_risk",0
"graphika","credit_risk",0
"babel_street","credit_risk",0
"sayari","credit_risk",0
"kharon","credit_risk",0
"janes","credit_risk",0
"acled","credit_risk",0
"gdelt","credit_risk",0
"bellingcat","credit_risk",0
"newsguard","credit_risk",0
"zoominfo","credit_risk",0
"apollo_io","credit_risk",0
"cognism","credit_risk",0
"lusha","credit_risk",0
"people_data_labs","credit_risk",0
"opencorporates","credit_risk",0
"moodys_bvd","credit_risk",1
"pitchbook","credit_risk",0
"crunchbase","credit_risk",0
"tracxn","credit_risk",0
"dealroom","credit_risk",0
"numerator","credit_risk",0
"profitero","credit_risk",0
"dataweave","credit_risk",0
"intelligence_node","credit_risk",0
"trax_retail","credit_risk",0
"dunnhumby","credit_risk",0
"eightyfour_51","credit_risk",0
"clearview_ai","credit_risk",0
"pimeyes","credit_risk",0
"tools_for_humanity","credit_risk",0
"yoti","credit_risk",0
"idemia","credit_risk",0
"sensetime","credit_risk",0
"megvii","credit_risk",0
"hikvision","credit_risk",0
"arab_advisors","credit_risk",0
"asdaa_bcw","credit_risk",0
"insight_discovery","credit_risk",0
"ventures_middle_east","credit_risk",0
"space42","credit_risk",0
"presight_ai","credit_risk",0
"lucidya","credit_risk",0
"mozn","credit_risk",1
"crowd_analyzer","credit_risk",0
"tarjama","credit_risk",0
"idsc_egypt","credit_risk",0
"rada_research","credit_risk",0
"statistics_lebanon","credit_risk",0
"information_international","credit_risk",0
"scpr_syria","credit_risk",0
"yemen_polling_center","credit_risk",0
"diwan_research","credit_risk",0
"immar_rc","credit_risk",0
"sunergia","credit_risk",0
"iranpoll","credit_risk",0
"turkiye_raporu","credit_risk",0
"geocartography","credit_risk",0
"near_east_consulting","credit_risk",0
"jmcc","credit_risk",0
"zogby_research","credit_risk",0
"reach_initiative","credit_risk",0
"acaps","credit_risk",0
"afriksurvey","credit_risk",0
"sagapoll","credit_risk",0
"dalberg_research","credit_risk",0
"stears","credit_risk",0
"datalens_africa","credit_risk",0
"creditregistry","credit_risk",2
"indicina","credit_risk",2
"africa_polling_institute","credit_risk",0
"global_infoanalytics","credit_risk",0
"amini","credit_risk",0
"research_solutions_africa","credit_risk",0
"msurvey","credit_risk",0
"echo_mobile","credit_risk",0
"viamo","credit_risk",0
"twaweza","credit_risk",0
"research_world_intl","credit_risk",0
"charis_uas","credit_risk",0
"digital_umuganda","credit_risk",0
"somali_public_agenda","credit_risk",0
"mpoi_zimbabwe","credit_risk",0
"social_research_foundation","credit_risk",0
"eighty20","credit_risk",2
"lightstone","credit_risk",2
"lelapa_ai","credit_risk",0
"masakhane","credit_risk",0
"awarri","credit_risk",0
"romir","credit_risk",0
"mediascope","credit_risk",0
"ipsos_comcon","credit_risk",0
"tiburon_research","credit_risk",0
"anketolog","credit_risk",0
"sberindex","credit_risk",0
"yandex_data","credit_risk",0
"baw_belarus","credit_risk",0
"bisam","credit_risk",0
"demoscope_kz","credit_risk",0
"ijtimoiy_fikr","credit_risk",0
"questmobile","credit_risk",0
"analysys_yiguan","credit_risk",0
"iimedia","credit_risk",0
"talkingdata","credit_risk",0
"aurora_mobile","credit_risk",0
"miaozhen_admaster","credit_risk",0
"qichacha","credit_risk",1
"tianyancha","credit_risk",1
"wind_information","credit_risk",0
"intron_health","credit_risk",0
"african_languages_lab","credit_risk",0
"aflabox","credit_risk",0
"tolbi","credit_risk",0
"soko_aerial","credit_risk",0
"geoinfotech","credit_risk",0
"helium_health","credit_risk",0
"pula","credit_risk",0
"apollo_agriculture","credit_risk",2
"hello_tractor","credit_risk",0
"mpharma","credit_risk",0
"ehealth_africa","credit_risk",0
"lacuna_fund","credit_risk",0
"makerere_ai","credit_risk",0
"cntxt_ai","credit_risk",0
"arabic_ai","credit_risk",0
"aydi","credit_risk",0
"widebot","credit_risk",0
"mawdoo3","credit_risk",0
"aaru","credit_risk",0
"simile","credit_risk",0
"conveo","credit_risk",0
"perspective_ai","credit_risk",0
"theysaid","credit_risk",0
"versive","credit_risk",0
"hivemapper","credit_risk",0
"dimo","credit_risk",0
"weatherxm","credit_risk",0
"nova_labs_helium","credit_risk",0
"safecast","credit_risk",0
"biobot","credit_risk",0
"verily","credit_risk",0
"wastewaterscan","credit_risk",0
"hawkeye_360","credit_risk",0
"unseenlabs","credit_risk",0
"kleos_space","credit_risk",0
"naturemetrics","credit_risk",0
"rainforest_connection","credit_risk",0
"fugro","credit_risk",0
"clarity_movement","credit_risk",0
"aclima","credit_risk",0
"nuview","credit_risk",0
"orbital_sidekick","credit_risk",0
"wyvern","credit_risk",0
"hydrosat","credit_risk",0
"muon_space","credit_risk",0
"myriota","credit_risk",0
"astrocast","credit_risk",0
"nearmap","credit_risk",0
"vexcel_imaging","credit_risk",0
"airqo","credit_risk",0
"code_for_africa","credit_risk",0
"aerobotics","credit_risk",0
"ujuzikilimo","credit_risk",0
"robocare","credit_risk",0
"astral_aerial","credit_risk",0
"earthranger","credit_risk",0
"falcon_eye_drones","credit_risk",0
"falcon_3d","credit_risk",0
"digital_earth_africa","credit_risk",0
"sansa","credit_risk",0
"nasrda","credit_risk",0
"egsa","credit_risk",0
"kenya_space_agency","credit_risk",0
"essti","credit_risk",0
"mbrsc","credit_risk",0
"tubitak_uzay","credit_risk",0
"imagesat","credit_risk",0
"taranis","credit_risk",0
"agritask","credit_risk",0
"asterra","credit_risk",0
"norc","credit_risk",0
"westat","credit_risk",0
"rti_international","credit_risk",0
"mathematica","credit_risk",0
"abt_global","credit_risk",0
"ssrs","credit_risk",0
"icf_international","credit_risk",0
"quinnipiac_poll","credit_risk",0
"marist_poll","credit_risk",0
"monmouth_poll","credit_risk",0
"siena_research","credit_risk",0
"emerson_polling","credit_risk",0
"surveyusa","credit_risk",0
"prri","credit_risk",0
"ap_norc","credit_risk",0
"civiqs","credit_risk",0
"echelon_insights","credit_risk",0
"data_for_progress","credit_risk",0
"cygnal","credit_risk",0
"leger","credit_risk",0
"angus_reid_institute","credit_risk",0
"nanos_research","credit_risk",0
"ekos_research","credit_risk",0
"abacus_data","credit_risk",0
"environics_research","credit_risk",0
"skywatch","credit_risk",0
"mda_space","credit_risk",0
"ecopia_ai","credit_risk",0
"farmers_edge","credit_risk",0
"deveron","credit_risk",0
"semios","credit_risk",0
"bluedot","credit_risk",0
"local_logic","credit_risk",0
"riskthinking_ai","credit_risk",0
"triton_digital","credit_risk",0
"descartes_datamyne","credit_risk",0
"browse_ai","credit_risk",0
"internet_archive","credit_risk",0
"exa_ai","credit_risk",0
"altana","credit_risk",0
"project44","credit_risk",0
"fourkites","credit_risk",0
"clear_secure","credit_risk",0
"id_me","credit_risk",0
"socure","credit_risk",2
"observa","credit_risk",0
"ookla","credit_risk",0
"purpleair","credit_risk",0
"motive","credit_risk",0
"lytx","credit_risk",0
"catalina_marketing","credit_risk",0
"inmar_intelligence","credit_risk",0
"data_axle","credit_risk",0
"bombora","credit_risk",0
"thinknum","credit_risk",0
"om1","credit_risk",0
"verana_health","credit_risk",0
"atropos_health","credit_risk",0
"aetion","credit_risk",0
"edison_research","credit_risk",0
"luminate_data","credit_risk",0
"flashpoint","credit_risk",0
"zignal_labs","credit_risk",0
"albedo","credit_risk",0
"centaur_labs","credit_risk",0
"fulcrum_app","credit_risk",0
"rep_data","credit_risk",0
"understanding_america","credit_risk",0
"forsa","credit_risk",0
"infratest_dimap","credit_risk",0
"allensbach","credit_risk",0
"civey","credit_risk",0
"insa_consulere","credit_risk",0
"infas","credit_risk",0
"gesis","credit_risk",0
"soep_diw","credit_risk",0
"ororatech","credit_risk",0
"liveeo","credit_risk",0
"constellr","credit_risk",0
"limesurvey","credit_risk",0
"agf_videoforschung","credit_risk",0
"ifop","credit_risk",0
"opinionway","credit_risk",0
"bva_xsight","credit_risk",0
"elabe","credit_risk",0
"odoxa","credit_risk",0
"csa_research","credit_risk",0
"credoc","credit_risk",0
"scrapingbee","credit_risk",0
"shippeo","credit_risk",0
"owkin","credit_risk",0
"doxa","credit_risk",0
"swg_italia","credit_risk",0
"cerved","credit_risk",2
"auditel_italia","credit_risk",0
"e_geos","credit_risk",0
"planetek_italia","credit_risk",0
"sigma_dos","credit_risk",0
"gad3","credit_risk",0
"metroscopia","credit_risk",0
"cuarenta_db","credit_risk",0
"kido_dynamics","credit_risk",0
"deimos_imaging","credit_risk",0
"marktest","credit_risk",0
"intercampus","credit_risk",0
"metron_analysis","credit_risk",0
"kapa_research","credit_risk",0
"marinetraffic","credit_risk",0
"kieskompas","credit_risk",0
"io_research","credit_risk",0
"motivaction","credit_risk",0
"nipo_nfield","credit_risk",0
"lifelines","credit_risk",0
"ivox","credit_risk",0
"sora_institute","credit_risk",0
"gfs_bern","credit_risk",0
"sotomo","credit_risk",0
"link_institut","credit_risk",0
"red_c","credit_risk",0
"epinion","credit_risk",0
"voxmeter","credit_risk",0
"novus","credit_risk",0
"taloustutkimus","credit_risk",0
"finngen","credit_risk",0
"decode_genetics","credit_risk",0
"signicat","credit_risk",0
"natcen","credit_risk",0
"understanding_society","credit_risk",0
"uk_data_service","credit_risk",0
"opinium","credit_risk",0
"survation","credit_risk",0
"deltapoll","credit_risk",0
"focaldata","credit_risk",0
"jl_partners","credit_risk",0
"more_in_common","credit_risk",0
"bmg_research","credit_risk",0
"signal_ai","credit_risk",0
"rezatec","credit_risk",0
"open_cosmos","credit_risk",0
"iproov","credit_risk",0
"truelayer","credit_risk",1
"yapily","credit_risk",1
"our_future_health","credit_risk",0
"lifebit","credit_risk",0
"ovilongwa","credit_risk",0
"star_awards_bwa","credit_risk",0
"igd_burkina","credit_risk",0
"gradis_burundi","credit_risk",0
"afrosondagem","credit_risk",0
"cible_cameroun","credit_risk",0
"laereag_tchad","credit_risk",0
"avenir_nepad_congo","credit_risk",0
"cofinco_comores","credit_risk",0
"zechlab","credit_risk",0
"qa_strategic_swz","credit_risk",0
"abcon_ethiopia","credit_risk",0
"cergep_gabon","credit_risk",0
"stat_view_guinea","credit_risk",0
"igpad_guinea_bissau","credit_risk",0
"advision_lesotho","credit_risk",0
"cdg_liberia","credit_risk",0
"coef_resources","credit_risk",0
"csr_malawi","credit_risk",0
"great_mali","credit_risk",0
"sista_consult","credit_risk",0
"straconsult_mus","credit_risk",0
"gsc_morocco","credit_risk",0
"cs_research_moz","credit_risk",0
"survey_warehouse","credit_risk",0
"lasdel_niger","credit_risk",0
"cres_senegal","credit_risk",0
"igr_sierra_leone","credit_risk",0
"sudan_polling_center","credit_risk",0
"repoa_tanzania","credit_risk",0
"crpd_gambia","credit_risk",0
"crop_togo","credit_risk",0
"hatchile_uganda","credit_risk",0
"cesor_zambia","credit_risk",0
"smile_identity","credit_risk",1
"zindi","credit_risk",0
"kartoza","credit_risk",0
"geoterraimage","credit_risk",0
"spatial_collective","credit_risk",0
"ramani_huria","credit_risk",0
"farmerline","credit_risk",0
"esoko","credit_risk",0
"sunculture","credit_risk",0
"thriveagric","credit_risk",2
"mono_nigeria","credit_risk",1
"stitch_za","credit_risk",0
"metropol_kenya","credit_risk",2
"crc_credit_bureau","credit_risk",2
"africa_check","credit_risk",0
"dubawa","credit_risk",0
"ilara_health","credit_risk",0
"jacaranda_health","credit_risk",0
"reelforge","credit_risk",0
"prembly","credit_risk",0
"youverify","credit_risk",0
"data_science_nigeria","credit_risk",0
"icog_labs","credit_risk",0
"lesan_ai","credit_risk",0
"kobo360","credit_risk",0
"lori_systems","credit_risk",0
"irsm_algeria","credit_risk",0
"cread_algeria","credit_risk",0
"optimar","credit_risk",0
"orc_arastirma","credit_risk",0
"avrasya_arastirma","credit_risk",0
"genar","credit_risk",0
"yoneylem","credit_risk",0
"sonar_arastirma","credit_risk",0
"gezici_arastirma","credit_risk",0
"mak_danismanlik","credit_risk",0
"piar_arastirma","credit_risk",0
"insider_tr","credit_risk",0
"acrps_doha","credit_risk",0
"sesri_qatar","credit_risk",0
"qcri","credit_risk",0
"sdaia","credit_risk",0
"elm_saudi","credit_risk",0
"saudi_space_agency","credit_risk",0
"simah","credit_risk",2
"derasat","credit_risk",0
"cri_lebanon","credit_risk",0
"infopro_lebanon","credit_risk",0
"albayan_iraq","credit_risk",0
"mas_palestine","credit_risk",0
"altibbi","credit_risk",0
"maqsam","credit_risk",0
"el_zanaty","credit_risk",0
"i_score_egypt","credit_risk",2
"intella_ai","credit_risk",0
"marocmetrie","credit_risk",0
"aarc_international","credit_risk",0
"chifco","credit_risk",0
"m42","credit_risk",0
"aecb","credit_risk",2
"derq","credit_risk",0
"israel_democracy_institute","credit_risk",0
"zencity","credit_risk",0
"cognyte","credit_risk",0
"ahri_south_africa","credit_risk",0
"agincourt_wits","credit_risk",0
"saprin","credit_risk",0
"aphrc","credit_risk",0
"kemri_wellcome","credit_risk",0
"ifakara_health","credit_risk",0
"manhica_cisim","credit_risk",0
"mrc_gambia","credit_risk",0
"navrongo_hrc","credit_risk",0
"rakai_health","credit_risk",0
"malawi_liverpool_wellcome","credit_risk",0
"cidrz","credit_risk",0
"kersa_hdss","credit_risk",0
"nouna_crsn","credit_risk",0
"apcc","credit_risk",0
"h3africa","credit_risk",0
"hsrc","credit_risk",0
"saldru","credit_risk",0
"datafirst","credit_risk",0
"isser_ghana","credit_risk",0
"eprc_uganda","credit_risk",0
"esrf_tanzania","credit_risk",0
"csea_nigeria","credit_risk",0
"pesacheck","credit_risk",0
"freshly_ground_insights","credit_risk",0
"columinate","credit_risk",0
"persian_cohort","credit_risk",0
"golestan_cohort","credit_risk",0
"qatar_biobank","credit_risk",0
"moroccan_genome","credit_risk",0
"afristat","credit_risk",0
"statafric","credit_risk",0
"afdb_statistics","credit_risk",0
"sanbi","credit_risk",0
"africas_talking","credit_risk",0
"onafriq","credit_risk",0
"cellulant","credit_risk",0
"codesria","credit_risk",0
"aerc","credit_risk",0
"pasgr","credit_risk",0
"iss_africa","credit_risk",0
"nextier_spd","credit_risk",0
"heritage_institute","credit_risk",0
"zeparu","credit_risk",0
"bidpa","credit_risk",0
"ippr_namibia","credit_risk",0
"nkafu","credit_risk",0
"cires_ivoire","credit_risk",0
"iese_mozambique","credit_risk",0
"zipar","credit_risk",0
"riwi","credit_risk",0
"pricestats","credit_risk",0
"soundthinking","credit_risk",0
"alphonso","credit_risk",0
"opensignal","credit_risk",0
"nexar","credit_risk",0
"geodnet","credit_risk",0
"wingbits","credit_risk",0
"flightradar24","credit_risk",0
"karya","credit_risk",0
"airwars","credit_risk",0
"mnemonic","credit_risk",0
"forensic_architecture","credit_risk",0
"atlas_ai","credit_risk",0
"fraym","credit_risk",0
"rs_metrics","credit_risk",0
"yodlee","credit_risk",2
"empatica","credit_risk",0
"sonde_health","credit_risk",0
"origin_wireless","credit_risk",0
"vayyar","credit_risk",0
"bidgely","credit_risk",0
"wildlife_insights","credit_risk",0
"atlan_space","credit_risk",0
"cellebrite","credit_risk",0
"nso_group","credit_risk",0
"candiru","credit_risk",0
"paragon_solutions","credit_risk",0
"kando","credit_risk",0
"beehero","credit_risk",0
"seetree","credit_risk",0
"lean_technologies","credit_risk",2
"ushahidi","credit_risk",0
"sunbird_ai","credit_risk",0
"terragon","credit_risk",0
"zenvus","credit_risk",0
"dataphyte","credit_risk",0
"berci","credit_risk",0
"iford","credit_risk",0
"iki_malawi","credit_risk",0
"jumo","credit_risk",2
"kifiya","credit_risk",2
"omnisient","credit_risk",2
"humangle","credit_risk",0
"timbuktu_institute","credit_risk",0
"ayin_network","credit_risk",0
"sudan_transparency","credit_risk",0
"ipsos","labor_employment",0
"kantar","labor_employment",0
"niq","labor_employment",0
"circana","labor_employment",0
"gallup","labor_employment",2
"yougov","labor_employment",0
"morning_consult","labor_employment",0
"pew_research","labor_employment",0
"verian","labor_employment",0
"ipsos_mori_uk","labor_employment",0
"savanta","labor_employment",0
"system1_group","labor_employment",0
"euromonitor","labor_employment",0
"mintel","labor_employment",0
"statista","labor_employment",1
"m3_global_research","labor_employment",0
"escalent","labor_employment",0
"material_plus","labor_employment",0
"c_space","labor_employment",0
"hall_and_partners","labor_employment",0
"appinio","labor_employment",0
"attest","labor_employment",0
"zappi","labor_employment",0
"suzy","labor_employment",0
"glimpse_ai","labor_employment",0
"listen_labs","labor_employment",0
"strella","labor_employment",0
"outset_ai","labor_employment",0
"cint","labor_employment",0
"dynata","labor_employment",0
"toluna","labor_employment",0
"bilendi","labor_employment",0
"norstat","labor_employment",0
"prolific","labor_employment",0
"cloudresearch","labor_employment",0
"purespectrum","labor_employment",0
"innovate_mr","labor_employment",0
"prodege","labor_employment",0
"disqo","labor_employment",0
"rakuten_insight","labor_employment",0
"borderless_access","labor_employment",0
"milieu_insight","labor_employment",0
"respondent_io","labor_employment",2
"qualtrics","labor_employment",2
"surveymonkey","labor_employment",0
"alchemer","labor_employment",1
"forsta","labor_employment",0
"sawtooth_software","labor_employment",0
"surveycto","labor_employment",0
"kobotoolbox","labor_employment",0
"odk","labor_employment",0
"commcare_dimagi","labor_employment",0
"ona","labor_employment",0
"mwater","labor_employment",0
"redcap","labor_employment",0
"gorilla_sc","labor_employment",0
"credamo","labor_employment",0
"wenjuanxing","labor_employment",0
"one_to_one_tunisia","labor_employment",0
"sigma_conseil","labor_employment",0
"emrhod_consulting","labor_employment",0
"elka_consulting","labor_employment",0
"bjka_consulting","labor_employment",0
"lms_csa_maroc","labor_employment",0
"baseera_egypt","labor_employment",0
"pcpsr","labor_employment",0
"awrad","labor_employment",0
"nama_strategic","labor_employment",0
"css_jordan","labor_employment",0
"iiacss","labor_employment",0
"parc_dubai","labor_employment",0
"ispa_iran","labor_employment",0
"gamaan","labor_employment",0
"konda","labor_employment",0
"metropoll","labor_employment",0
"areda_survey","labor_employment",0
"midgam_israel","labor_employment",0
"ipanel_israel","labor_employment",0
"arab_barometer","labor_employment",0
"afrobarometer","labor_employment",0
"cdd_ghana","labor_employment",0
"ijr_south_africa","labor_employment",0
"ids_nairobi","labor_employment",2
"ireg_benin","labor_employment",0
"infotrak","labor_employment",0
"tifa_research","labor_employment",0
"consumer_insight_africa","labor_employment",0
"geopoll","labor_employment",0
"sagaci_research","labor_employment",0
"noipolls","labor_employment",0
"sbm_intelligence","labor_employment",0
"practical_sampling","labor_employment",0
"ask_afrika","labor_employment",0
"plus94_research","labor_employment",0
"citizen_surveys","labor_employment",0
"busara_center","labor_employment",2
"ipa_research","labor_employment",2
"jpal","labor_employment",2
"laterite","labor_employment",2
"sixty_decibels","labor_employment",2
"lokniti_csds","labor_employment",0
"cvoter","labor_employment",0
"axis_my_india","labor_employment",0
"hansa_research","labor_employment",0
"q_and_q_research","labor_employment",0
"outline_india","labor_employment",1
"gallup_pakistan","labor_employment",0
"lsi_indonesia","labor_employment",0
"smrc_indonesia","labor_employment",0
"indikator_politik","labor_employment",0
"sws_philippines","labor_employment",2
"pulse_asia","labor_employment",0
"cimigo","labor_employment",0
"q_and_me","labor_employment",0
"indochina_research","labor_employment",0
"deka_research","labor_employment",0
"macromill","labor_employment",0
"intage","labor_employment",0
"nikkei_research","labor_employment",0
"cross_marketing","labor_employment",0
"embrain","labor_employment",0
"hankook_research","labor_employment",0
"realmeter","labor_employment",0
"gallup_korea","labor_employment",0
"horizon_china","labor_employment",0
"ctr_china","labor_employment",0
"csm_media","labor_employment",0
"datafolha","labor_employment",0
"ipec_brasil","labor_employment",0
"quaest","labor_employment",0
"atlasintel","labor_employment",0
"consulta_mitofsky","labor_employment",0
"enkoll","labor_employment",0
"buendia_marquez","labor_employment",0
"cadem","labor_employment",0
"invamer","labor_employment",0
"datexco","labor_employment",0
"cid_gallup","labor_employment",0
"poliarquia","labor_employment",0
"latinobarometro","labor_employment",0
"lapop","labor_employment",0
"levada_center","labor_employment",0
"vciom","labor_employment",0
"fom_russia","labor_employment",0
"russian_field","labor_employment",0
"kiis","labor_employment",0
"rating_group","labor_employment",0
"razumkov_centre","labor_employment",0
"info_sapiens","labor_employment",0
"gradus_research","labor_employment",0
"crrc","labor_employment",0
"act_georgia","labor_employment",0
"central_asia_barometer","labor_employment",0
"m_vector","labor_employment",0
"siar_research","labor_employment",0
"ipm_belarus","labor_employment",2
"roy_morgan","labor_employment",0
"essential_research","labor_employment",0
"oztam","labor_employment",0
"barb_uk","labor_employment",0
"mediametrie","labor_employment",0
"barc_india","labor_employment",0
"video_research_jp","labor_employment",0
"numeris","labor_employment",0
"scale_ai","labor_employment",0
"surge_ai","labor_employment",0
"mercor","labor_employment",2
"handshake_ai","labor_employment",1
"micro1","labor_employment",1
"turing_com","labor_employment",2
"invisible_tech","labor_employment",0
"appen","labor_employment",0
"toloka","labor_employment",0
"telus_digital_ai","labor_employment",0
"imerit","labor_employment",0
"sama","labor_employment",0
"cloudfactory","labor_employment",0
"superannotate","labor_employment",0
"labelbox","labor_employment",0
"snorkel_ai","labor_employment",0
"encord","labor_employment",0
"v7_labs","labor_employment",0
"kili_technology","labor_employment",0
"dataloop","labor_employment",0
"roboflow","labor_employment",0
"defined_ai","labor_employment",0
"shaip","labor_employment",0
"innodata","labor_employment",0
"transperfect_dataforce","labor_employment",0
"speechocean","labor_employment",0
"datatang","labor_employment",0
"magic_data_tech","labor_employment",0
"dataannotation_tech","labor_employment",0
"pareto_ai","labor_employment",0
"mturk","labor_employment",0
"clickworker","labor_employment",0
"premise_data","labor_employment",0
"streetbees","labor_employment",0
"roamler","labor_employment",0
"field_agent","labor_employment",0
"gigwalk","labor_employment",0
"glg","labor_employment",2
"third_bridge","labor_employment",0
"guidepoint","labor_employment",0
"alphasense","labor_employment",0
"dialectica","labor_employment",0
"bright_data","labor_employment",0
"oxylabs","labor_employment",0
"decodo","labor_employment",0
"zyte","labor_employment",0
"apify","labor_employment",0
"firecrawl","labor_employment",0
"tavily","labor_employment",0
"diffbot","labor_employment",0
"common_crawl","labor_employment",0
"promptcloud","labor_employment",1
"grepsr","labor_employment",0
"nimble_data","labor_employment",0
"coresignal","labor_employment",2
"acxiom","labor_employment",0
"experian","labor_employment",0
"equifax","labor_employment",2
"transunion","labor_employment",0
"liveramp","labor_employment",0
"epsilon","labor_employment",0
"lexisnexis_risk","labor_employment",0
"dun_bradstreet","labor_employment",0
"cotality","labor_employment",0
"verisk","labor_employment",0
"crif","labor_employment",0
"serasa_experian","labor_employment",0
"spokeo","labor_employment",0
"safegraph","labor_employment",0
"placer_ai","labor_employment",0
"veraset","labor_employment",0
"unacast","labor_employment",0
"foursquare","labor_employment",0
"kochava_collective","labor_employment",0
"azira","labor_employment",0
"advan_research","labor_employment",0
"huq_industries","labor_employment",0
"predicio","labor_employment",0
"positium","labor_employment",0
"teralytics","labor_employment",0
"orange_flux_vision","labor_employment",0
"flowminder","labor_employment",0
"planet_labs","labor_employment",0
"vantor","labor_employment",0
"blacksky","labor_employment",0
"iceye","labor_employment",0
"satellogic","labor_employment",0
"capella_space","labor_employment",0
"umbra_space","labor_employment",0
"airbus_ds_geo","labor_employment",0
"spire_global","labor_employment",0
"ursa_space","labor_employment",0
"pixxel","labor_employment",0
"skyfi","labor_employment",0
"earthdaily","labor_employment",0
"satvu","labor_employment",0
"ghgsat","labor_employment",0
"kayrros","labor_employment",0
"descartes_labs","labor_employment",0
"spaceknow","labor_employment",0
"synspective","labor_employment",0
"axelspace","labor_employment",0
"changguang","labor_employment",0
"twentyone_at","labor_employment",0
"tomorrow_io","labor_employment",0
"windborne","labor_employment",0
"saildrone","labor_employment",0
"sofar_ocean","labor_employment",0
"jupiter_intelligence","labor_employment",0
"first_street","labor_employment",0
"fathom_global","labor_employment",0
"jba_risk","labor_employment",0
"moodys_rms","labor_employment",0
"mitiga_solutions","labor_employment",0
"climateai","labor_employment",0
"descartes_underwriting","labor_employment",0
"sylvera","labor_employment",0
"bezero_carbon","labor_employment",0
"carbon_mapper","labor_employment",0
"chloris_geospatial","labor_employment",0
"nielsen","labor_employment",0
"comscore","labor_employment",0
"samba_tv","labor_employment",0
"ispot_tv","labor_employment",0
"videoamp","labor_employment",0
"similarweb","labor_employment",0
"sensor_tower","labor_employment",0
"yipitdata","labor_employment",0
"m_science","labor_employment",0
"consumer_edge","labor_employment",0
"earnest_analytics","labor_employment",0
"facteus","labor_employment",0
"measurable_ai","labor_employment",0
"plaid","labor_employment",0
"tink","labor_employment",0
"kpler","labor_employment",0
"vortexa","labor_employment",0
"windward_ai","labor_employment",0
"panjiva","labor_employment",0
"importgenius","labor_employment",0
"iqvia","labor_employment",0
"komodo_health","labor_employment",0
"truveta","labor_employment",0
"healthverity","labor_employment",0
"tempus_ai","labor_employment",0
"datavant","labor_employment",0
"flatiron_health","labor_employment",0
"trinetx","labor_employment",0
"picnichealth","labor_employment",0
"evidation_health","labor_employment",0
"medidata","labor_employment",0
"veeva_crossix","labor_employment",0
"definitive_healthcare","labor_employment",0
"uk_biobank","labor_employment",0
"bgi_genomics","labor_employment",0
"samsara","labor_employment",0
"geotab","labor_employment",0
"inrix","labor_employment",0
"tomtom","labor_employment",0
"here_technologies","labor_employment",0
"cambridge_mobile","labor_employment",0
"arity","labor_employment",0
"smartcar","labor_employment",0
"high_mobility","labor_employment",0
"dataminr","labor_employment",0
"recorded_future","labor_employment",0
"meltwater","labor_employment",0
"brandwatch","labor_employment",0
"talkwalker","labor_employment",0
"sprinklr","labor_employment",0
"graphika","labor_employment",0
"babel_street","labor_employment",0
"sayari","labor_employment",0
"kharon","labor_employment",0
"janes","labor_employment",0
"acled","labor_employment",0
"gdelt","labor_employment",0
"bellingcat","labor_employment",0
"newsguard","labor_employment",0
"zoominfo","labor_employment",2
"apollo_io","labor_employment",2
"cognism","labor_employment",2
"lusha","labor_employment",2
"people_data_labs","labor_employment",2
"opencorporates","labor_employment",0
"moodys_bvd","labor_employment",0
"pitchbook","labor_employment",0
"crunchbase","labor_employment",0
"tracxn","labor_employment",0
"dealroom","labor_employment",0
"numerator","labor_employment",0
"profitero","labor_employment",0
"dataweave","labor_employment",0
"intelligence_node","labor_employment",0
"trax_retail","labor_employment",0
"dunnhumby","labor_employment",0
"eightyfour_51","labor_employment",0
"clearview_ai","labor_employment",0
"pimeyes","labor_employment",0
"tools_for_humanity","labor_employment",0
"yoti","labor_employment",0
"idemia","labor_employment",0
"sensetime","labor_employment",0
"megvii","labor_employment",0
"hikvision","labor_employment",0
"arab_advisors","labor_employment",0
"asdaa_bcw","labor_employment",0
"insight_discovery","labor_employment",0
"ventures_middle_east","labor_employment",0
"space42","labor_employment",0
"presight_ai","labor_employment",0
"lucidya","labor_employment",0
"mozn","labor_employment",0
"crowd_analyzer","labor_employment",0
"tarjama","labor_employment",0
"idsc_egypt","labor_employment",0
"rada_research","labor_employment",0
"statistics_lebanon","labor_employment",0
"information_international","labor_employment",0
"scpr_syria","labor_employment",2
"yemen_polling_center","labor_employment",0
"diwan_research","labor_employment",0
"immar_rc","labor_employment",0
"sunergia","labor_employment",0
"iranpoll","labor_employment",0
"turkiye_raporu","labor_employment",0
"geocartography","labor_employment",0
"near_east_consulting","labor_employment",0
"jmcc","labor_employment",0
"zogby_research","labor_employment",0
"reach_initiative","labor_employment",0
"acaps","labor_employment",0
"afriksurvey","labor_employment",0
"sagapoll","labor_employment",0
"dalberg_research","labor_employment",2
"stears","labor_employment",0
"datalens_africa","labor_employment",0
"creditregistry","labor_employment",0
"indicina","labor_employment",0
"africa_polling_institute","labor_employment",0
"global_infoanalytics","labor_employment",0
"amini","labor_employment",0
"research_solutions_africa","labor_employment",0
"msurvey","labor_employment",0
"echo_mobile","labor_employment",0
"viamo","labor_employment",0
"twaweza","labor_employment",0
"research_world_intl","labor_employment",0
"charis_uas","labor_employment",0
"digital_umuganda","labor_employment",0
"somali_public_agenda","labor_employment",0
"mpoi_zimbabwe","labor_employment",0
"social_research_foundation","labor_employment",0
"eighty20","labor_employment",0
"lightstone","labor_employment",0
"lelapa_ai","labor_employment",0
"masakhane","labor_employment",0
"awarri","labor_employment",0
"romir","labor_employment",0
"mediascope","labor_employment",0
"ipsos_comcon","labor_employment",0
"tiburon_research","labor_employment",0
"anketolog","labor_employment",0
"sberindex","labor_employment",1
"yandex_data","labor_employment",0
"baw_belarus","labor_employment",0
"bisam","labor_employment",0
"demoscope_kz","labor_employment",0
"ijtimoiy_fikr","labor_employment",0
"questmobile","labor_employment",0
"analysys_yiguan","labor_employment",0
"iimedia","labor_employment",0
"talkingdata","labor_employment",0
"aurora_mobile","labor_employment",0
"miaozhen_admaster","labor_employment",0
"qichacha","labor_employment",0
"tianyancha","labor_employment",0
"wind_information","labor_employment",0
"intron_health","labor_employment",0
"african_languages_lab","labor_employment",0
"aflabox","labor_employment",0
"tolbi","labor_employment",0
"soko_aerial","labor_employment",0
"geoinfotech","labor_employment",0
"helium_health","labor_employment",0
"pula","labor_employment",1
"apollo_agriculture","labor_employment",0
"hello_tractor","labor_employment",0
"mpharma","labor_employment",0
"ehealth_africa","labor_employment",0
"lacuna_fund","labor_employment",0
"makerere_ai","labor_employment",0
"cntxt_ai","labor_employment",0
"arabic_ai","labor_employment",0
"aydi","labor_employment",0
"widebot","labor_employment",0
"mawdoo3","labor_employment",0
"aaru","labor_employment",0
"simile","labor_employment",0
"conveo","labor_employment",0
"perspective_ai","labor_employment",0
"theysaid","labor_employment",2
"versive","labor_employment",0
"hivemapper","labor_employment",0
"dimo","labor_employment",0
"weatherxm","labor_employment",0
"nova_labs_helium","labor_employment",0
"safecast","labor_employment",0
"biobot","labor_employment",0
"verily","labor_employment",0
"wastewaterscan","labor_employment",0
"hawkeye_360","labor_employment",0
"unseenlabs","labor_employment",0
"kleos_space","labor_employment",0
"naturemetrics","labor_employment",0
"rainforest_connection","labor_employment",0
"fugro","labor_employment",0
"clarity_movement","labor_employment",0
"aclima","labor_employment",0
"nuview","labor_employment",0
"orbital_sidekick","labor_employment",0
"wyvern","labor_employment",0
"hydrosat","labor_employment",0
"muon_space","labor_employment",0
"myriota","labor_employment",0
"astrocast","labor_employment",0
"nearmap","labor_employment",0
"vexcel_imaging","labor_employment",0
"airqo","labor_employment",0
"code_for_africa","labor_employment",0
"aerobotics","labor_employment",0
"ujuzikilimo","labor_employment",0
"robocare","labor_employment",0
"astral_aerial","labor_employment",0
"earthranger","labor_employment",0
"falcon_eye_drones","labor_employment",0
"falcon_3d","labor_employment",0
"digital_earth_africa","labor_employment",0
"sansa","labor_employment",0
"nasrda","labor_employment",0
"egsa","labor_employment",0
"kenya_space_agency","labor_employment",0
"essti","labor_employment",0
"mbrsc","labor_employment",0
"tubitak_uzay","labor_employment",0
"imagesat","labor_employment",0
"taranis","labor_employment",0
"agritask","labor_employment",0
"asterra","labor_employment",0
"norc","labor_employment",1
"westat","labor_employment",1
"rti_international","labor_employment",0
"mathematica","labor_employment",2
"abt_global","labor_employment",0
"ssrs","labor_employment",0
"icf_international","labor_employment",0
"quinnipiac_poll","labor_employment",0
"marist_poll","labor_employment",0
"monmouth_poll","labor_employment",0
"siena_research","labor_employment",0
"emerson_polling","labor_employment",0
"surveyusa","labor_employment",0
"prri","labor_employment",0
"ap_norc","labor_employment",0
"civiqs","labor_employment",0
"echelon_insights","labor_employment",0
"data_for_progress","labor_employment",0
"cygnal","labor_employment",0
"leger","labor_employment",0
"angus_reid_institute","labor_employment",0
"nanos_research","labor_employment",0
"ekos_research","labor_employment",0
"abacus_data","labor_employment",0
"environics_research","labor_employment",0
"skywatch","labor_employment",0
"mda_space","labor_employment",0
"ecopia_ai","labor_employment",0
"farmers_edge","labor_employment",0
"deveron","labor_employment",0
"semios","labor_employment",0
"bluedot","labor_employment",0
"local_logic","labor_employment",0
"riskthinking_ai","labor_employment",0
"triton_digital","labor_employment",0
"descartes_datamyne","labor_employment",0
"browse_ai","labor_employment",0
"internet_archive","labor_employment",0
"exa_ai","labor_employment",0
"altana","labor_employment",0
"project44","labor_employment",0
"fourkites","labor_employment",0
"clear_secure","labor_employment",0
"id_me","labor_employment",0
"socure","labor_employment",0
"observa","labor_employment",0
"ookla","labor_employment",0
"purpleair","labor_employment",0
"motive","labor_employment",0
"lytx","labor_employment",0
"catalina_marketing","labor_employment",0
"inmar_intelligence","labor_employment",0
"data_axle","labor_employment",0
"bombora","labor_employment",0
"thinknum","labor_employment",1
"om1","labor_employment",0
"verana_health","labor_employment",0
"atropos_health","labor_employment",0
"aetion","labor_employment",0
"edison_research","labor_employment",0
"luminate_data","labor_employment",0
"flashpoint","labor_employment",0
"zignal_labs","labor_employment",0
"albedo","labor_employment",0
"centaur_labs","labor_employment",0
"fulcrum_app","labor_employment",0
"rep_data","labor_employment",0
"understanding_america","labor_employment",1
"forsa","labor_employment",0
"infratest_dimap","labor_employment",0
"allensbach","labor_employment",0
"civey","labor_employment",0
"insa_consulere","labor_employment",0
"infas","labor_employment",1
"gesis","labor_employment",0
"soep_diw","labor_employment",2
"ororatech","labor_employment",0
"liveeo","labor_employment",0
"constellr","labor_employment",0
"limesurvey","labor_employment",0
"agf_videoforschung","labor_employment",0
"ifop","labor_employment",0
"opinionway","labor_employment",0
"bva_xsight","labor_employment",0
"elabe","labor_employment",0
"odoxa","labor_employment",0
"csa_research","labor_employment",0
"credoc","labor_employment",1
"scrapingbee","labor_employment",0
"shippeo","labor_employment",0
"owkin","labor_employment",0
"doxa","labor_employment",0
"swg_italia","labor_employment",0
"cerved","labor_employment",0
"auditel_italia","labor_employment",0
"e_geos","labor_employment",0
"planetek_italia","labor_employment",0
"sigma_dos","labor_employment",0
"gad3","labor_employment",0
"metroscopia","labor_employment",0
"cuarenta_db","labor_employment",0
"kido_dynamics","labor_employment",0
"deimos_imaging","labor_employment",0
"marktest","labor_employment",0
"intercampus","labor_employment",0
"metron_analysis","labor_employment",0
"kapa_research","labor_employment",0
"marinetraffic","labor_employment",0
"kieskompas","labor_employment",0
"io_research","labor_employment",0
"motivaction","labor_employment",0
"nipo_nfield","labor_employment",0
"lifelines","labor_employment",0
"ivox","labor_employment",0
"sora_institute","labor_employment",0
"gfs_bern","labor_employment",0
"sotomo","labor_employment",0
"link_institut","labor_employment",0
"red_c","labor_employment",0
"epinion","labor_employment",0
"voxmeter","labor_employment",0
"novus","labor_employment",0
"taloustutkimus","labor_employment",0
"finngen","labor_employment",0
"decode_genetics","labor_employment",0
"signicat","labor_employment",0
"natcen","labor_employment",1
"understanding_society","labor_employment",2
"uk_data_service","labor_employment",2
"opinium","labor_employment",0
"survation","labor_employment",0
"deltapoll","labor_employment",0
"focaldata","labor_employment",0
"jl_partners","labor_employment",0
"more_in_common","labor_employment",0
"bmg_research","labor_employment",2
"signal_ai","labor_employment",0
"rezatec","labor_employment",0
"open_cosmos","labor_employment",0
"iproov","labor_employment",0
"truelayer","labor_employment",0
"yapily","labor_employment",0
"our_future_health","labor_employment",0
"lifebit","labor_employment",0
"ovilongwa","labor_employment",1
"star_awards_bwa","labor_employment",1
"igd_burkina","labor_employment",1
"gradis_burundi","labor_employment",1
"afrosondagem","labor_employment",1
"cible_cameroun","labor_employment",1
"laereag_tchad","labor_employment",1
"avenir_nepad_congo","labor_employment",1
"cofinco_comores","labor_employment",1
"zechlab","labor_employment",1
"qa_strategic_swz","labor_employment",1
"abcon_ethiopia","labor_employment",1
"cergep_gabon","labor_employment",1
"stat_view_guinea","labor_employment",1
"igpad_guinea_bissau","labor_employment",1
"advision_lesotho","labor_employment",1
"cdg_liberia","labor_employment",1
"coef_resources","labor_employment",1
"csr_malawi","labor_employment",1
"great_mali","labor_employment",1
"sista_consult","labor_employment",1
"straconsult_mus","labor_employment",1
"gsc_morocco","labor_employment",1
"cs_research_moz","labor_employment",1
"survey_warehouse","labor_employment",1
"lasdel_niger","labor_employment",1
"cres_senegal","labor_employment",1
"igr_sierra_leone","labor_employment",1
"sudan_polling_center","labor_employment",1
"repoa_tanzania","labor_employment",1
"crpd_gambia","labor_employment",1
"crop_togo","labor_employment",1
"hatchile_uganda","labor_employment",1
"cesor_zambia","labor_employment",1
"smile_identity","labor_employment",0
"zindi","labor_employment",0
"kartoza","labor_employment",0
"geoterraimage","labor_employment",0
"spatial_collective","labor_employment",0
"ramani_huria","labor_employment",0
"farmerline","labor_employment",0
"esoko","labor_employment",0
"sunculture","labor_employment",0
"thriveagric","labor_employment",0
"mono_nigeria","labor_employment",0
"stitch_za","labor_employment",0
"metropol_kenya","labor_employment",0
"crc_credit_bureau","labor_employment",0
"africa_check","labor_employment",0
"dubawa","labor_employment",0
"ilara_health","labor_employment",0
"jacaranda_health","labor_employment",0
"reelforge","labor_employment",0
"prembly","labor_employment",0
"youverify","labor_employment",0
"data_science_nigeria","labor_employment",0
"icog_labs","labor_employment",0
"lesan_ai","labor_employment",0
"kobo360","labor_employment",0
"lori_systems","labor_employment",0
"irsm_algeria","labor_employment",0
"cread_algeria","labor_employment",2
"optimar","labor_employment",0
"orc_arastirma","labor_employment",0
"avrasya_arastirma","labor_employment",0
"genar","labor_employment",0
"yoneylem","labor_employment",0
"sonar_arastirma","labor_employment",0
"gezici_arastirma","labor_employment",0
"mak_danismanlik","labor_employment",0
"piar_arastirma","labor_employment",0
"insider_tr","labor_employment",0
"acrps_doha","labor_employment",0
"sesri_qatar","labor_employment",2
"qcri","labor_employment",0
"sdaia","labor_employment",0
"elm_saudi","labor_employment",0
"saudi_space_agency","labor_employment",0
"simah","labor_employment",0
"derasat","labor_employment",0
"cri_lebanon","labor_employment",2
"infopro_lebanon","labor_employment",0
"albayan_iraq","labor_employment",0
"mas_palestine","labor_employment",2
"altibbi","labor_employment",0
"maqsam","labor_employment",0
"el_zanaty","labor_employment",1
"i_score_egypt","labor_employment",0
"intella_ai","labor_employment",0
"marocmetrie","labor_employment",0
"aarc_international","labor_employment",0
"chifco","labor_employment",0
"m42","labor_employment",0
"aecb","labor_employment",0
"derq","labor_employment",0
"israel_democracy_institute","labor_employment",0
"zencity","labor_employment",0
"cognyte","labor_employment",0
"ahri_south_africa","labor_employment",1
"agincourt_wits","labor_employment",1
"saprin","labor_employment",1
"aphrc","labor_employment",1
"kemri_wellcome","labor_employment",0
"ifakara_health","labor_employment",0
"manhica_cisim","labor_employment",0
"mrc_gambia","labor_employment",0
"navrongo_hrc","labor_employment",0
"rakai_health","labor_employment",0
"malawi_liverpool_wellcome","labor_employment",0
"cidrz","labor_employment",0
"kersa_hdss","labor_employment",0
"nouna_crsn","labor_employment",0
"apcc","labor_employment",0
"h3africa","labor_employment",0
"hsrc","labor_employment",1
"saldru","labor_employment",2
"datafirst","labor_employment",2
"isser_ghana","labor_employment",2
"eprc_uganda","labor_employment",2
"esrf_tanzania","labor_employment",2
"csea_nigeria","labor_employment",2
"pesacheck","labor_employment",0
"freshly_ground_insights","labor_employment",0
"columinate","labor_employment",0
"persian_cohort","labor_employment",0
"golestan_cohort","labor_employment",0
"qatar_biobank","labor_employment",0
"moroccan_genome","labor_employment",0
"afristat","labor_employment",2
"statafric","labor_employment",2
"afdb_statistics","labor_employment",2
"sanbi","labor_employment",0
"africas_talking","labor_employment",0
"onafriq","labor_employment",0
"cellulant","labor_employment",0
"codesria","labor_employment",1
"aerc","labor_employment",2
"pasgr","labor_employment",2
"iss_africa","labor_employment",0
"nextier_spd","labor_employment",0
"heritage_institute","labor_employment",0
"zeparu","labor_employment",2
"bidpa","labor_employment",2
"ippr_namibia","labor_employment",1
"nkafu","labor_employment",2
"cires_ivoire","labor_employment",2
"iese_mozambique","labor_employment",2
"zipar","labor_employment",2
"riwi","labor_employment",0
"pricestats","labor_employment",0
"soundthinking","labor_employment",0
"alphonso","labor_employment",0
"opensignal","labor_employment",0
"nexar","labor_employment",0
"geodnet","labor_employment",0
"wingbits","labor_employment",0
"flightradar24","labor_employment",0
"karya","labor_employment",2
"airwars","labor_employment",0
"mnemonic","labor_employment",0
"forensic_architecture","labor_employment",0
"atlas_ai","labor_employment",0
"fraym","labor_employment",0
"rs_metrics","labor_employment",0
"yodlee","labor_employment",0
"empatica","labor_employment",0
"sonde_health","labor_employment",0
"origin_wireless","labor_employment",0
"vayyar","labor_employment",0
"bidgely","labor_employment",0
"wildlife_insights","labor_employment",0
"atlan_space","labor_employment",0
"cellebrite","labor_employment",0
"nso_group","labor_employment",0
"candiru","labor_employment",0
"paragon_solutions","labor_employment",0
"kando","labor_employment",0
"beehero","labor_employment",0
"seetree","labor_employment",0
"lean_technologies","labor_employment",0
"ushahidi","labor_employment",0
"sunbird_ai","labor_employment",0
"terragon","labor_employment",0
"zenvus","labor_employment",0
"dataphyte","labor_employment",0
"berci","labor_employment",0
"iford","labor_employment",0
"iki_malawi","labor_employment",1
"jumo","labor_employment",0
"kifiya","labor_employment",0
"omnisient","labor_employment",0
"humangle","labor_employment",0
"timbuktu_institute","labor_employment",0
"ayin_network","labor_employment",0
"sudan_transparency","labor_employment",0
"ipsos","earth_observation",0
"kantar","earth_observation",0
"niq","earth_observation",0
"circana","earth_observation",0
"gallup","earth_observation",0
"yougov","earth_observation",0
"morning_consult","earth_observation",0
"pew_research","earth_observation",0
"verian","earth_observation",0
"ipsos_mori_uk","earth_observation",0
"savanta","earth_observation",0
"system1_group","earth_observation",0
"euromonitor","earth_observation",0
"mintel","earth_observation",0
"statista","earth_observation",0
"m3_global_research","earth_observation",0
"escalent","earth_observation",0
"material_plus","earth_observation",0
"c_space","earth_observation",0
"hall_and_partners","earth_observation",0
"appinio","earth_observation",0
"attest","earth_observation",0
"zappi","earth_observation",0
"suzy","earth_observation",0
"glimpse_ai","earth_observation",0
"listen_labs","earth_observation",0
"strella","earth_observation",0
"outset_ai","earth_observation",0
"cint","earth_observation",0
"dynata","earth_observation",0
"toluna","earth_observation",0
"bilendi","earth_observation",0
"norstat","earth_observation",0
"prolific","earth_observation",0
"cloudresearch","earth_observation",0
"purespectrum","earth_observation",0
"innovate_mr","earth_observation",0
"prodege","earth_observation",0
"disqo","earth_observation",0
"rakuten_insight","earth_observation",0
"borderless_access","earth_observation",0
"milieu_insight","earth_observation",0
"respondent_io","earth_observation",0
"qualtrics","earth_observation",0
"surveymonkey","earth_observation",0
"alchemer","earth_observation",0
"forsta","earth_observation",0
"sawtooth_software","earth_observation",0
"surveycto","earth_observation",0
"kobotoolbox","earth_observation",0
"odk","earth_observation",0
"commcare_dimagi","earth_observation",0
"ona","earth_observation",0
"mwater","earth_observation",0
"redcap","earth_observation",0
"gorilla_sc","earth_observation",0
"credamo","earth_observation",0
"wenjuanxing","earth_observation",0
"one_to_one_tunisia","earth_observation",0
"sigma_conseil","earth_observation",0
"emrhod_consulting","earth_observation",0
"elka_consulting","earth_observation",0
"bjka_consulting","earth_observation",0
"lms_csa_maroc","earth_observation",0
"baseera_egypt","earth_observation",0
"pcpsr","earth_observation",0
"awrad","earth_observation",0
"nama_strategic","earth_observation",0
"css_jordan","earth_observation",0
"iiacss","earth_observation",0
"parc_dubai","earth_observation",0
"ispa_iran","earth_observation",0
"gamaan","earth_observation",0
"konda","earth_observation",0
"metropoll","earth_observation",0
"areda_survey","earth_observation",0
"midgam_israel","earth_observation",0
"ipanel_israel","earth_observation",0
"arab_barometer","earth_observation",0
"afrobarometer","earth_observation",0
"cdd_ghana","earth_observation",0
"ijr_south_africa","earth_observation",0
"ids_nairobi","earth_observation",0
"ireg_benin","earth_observation",0
"infotrak","earth_observation",0
"tifa_research","earth_observation",0
"consumer_insight_africa","earth_observation",0
"geopoll","earth_observation",0
"sagaci_research","earth_observation",0
"noipolls","earth_observation",0
"sbm_intelligence","earth_observation",0
"practical_sampling","earth_observation",0
"ask_afrika","earth_observation",0
"plus94_research","earth_observation",0
"citizen_surveys","earth_observation",0
"busara_center","earth_observation",0
"ipa_research","earth_observation",0
"jpal","earth_observation",0
"laterite","earth_observation",0
"sixty_decibels","earth_observation",0
"lokniti_csds","earth_observation",0
"cvoter","earth_observation",0
"axis_my_india","earth_observation",0
"hansa_research","earth_observation",0
"q_and_q_research","earth_observation",0
"outline_india","earth_observation",0
"gallup_pakistan","earth_observation",0
"lsi_indonesia","earth_observation",0
"smrc_indonesia","earth_observation",0
"indikator_politik","earth_observation",0
"sws_philippines","earth_observation",0
"pulse_asia","earth_observation",0
"cimigo","earth_observation",0
"q_and_me","earth_observation",0
"indochina_research","earth_observation",0
"deka_research","earth_observation",0
"macromill","earth_observation",0
"intage","earth_observation",0
"nikkei_research","earth_observation",0
"cross_marketing","earth_observation",0
"embrain","earth_observation",0
"hankook_research","earth_observation",0
"realmeter","earth_observation",0
"gallup_korea","earth_observation",0
"horizon_china","earth_observation",0
"ctr_china","earth_observation",0
"csm_media","earth_observation",0
"datafolha","earth_observation",0
"ipec_brasil","earth_observation",0
"quaest","earth_observation",0
"atlasintel","earth_observation",0
"consulta_mitofsky","earth_observation",0
"enkoll","earth_observation",0
"buendia_marquez","earth_observation",0
"cadem","earth_observation",0
"invamer","earth_observation",0
"datexco","earth_observation",0
"cid_gallup","earth_observation",0
"poliarquia","earth_observation",0
"latinobarometro","earth_observation",0
"lapop","earth_observation",0
"levada_center","earth_observation",0
"vciom","earth_observation",0
"fom_russia","earth_observation",0
"russian_field","earth_observation",0
"kiis","earth_observation",0
"rating_group","earth_observation",0
"razumkov_centre","earth_observation",0
"info_sapiens","earth_observation",0
"gradus_research","earth_observation",0
"crrc","earth_observation",0
"act_georgia","earth_observation",0
"central_asia_barometer","earth_observation",0
"m_vector","earth_observation",0
"siar_research","earth_observation",0
"ipm_belarus","earth_observation",0
"roy_morgan","earth_observation",0
"essential_research","earth_observation",0
"oztam","earth_observation",0
"barb_uk","earth_observation",0
"mediametrie","earth_observation",0
"barc_india","earth_observation",0
"video_research_jp","earth_observation",0
"numeris","earth_observation",0
"scale_ai","earth_observation",0
"surge_ai","earth_observation",0
"mercor","earth_observation",0
"handshake_ai","earth_observation",0
"micro1","earth_observation",0
"turing_com","earth_observation",0
"invisible_tech","earth_observation",0
"appen","earth_observation",0
"toloka","earth_observation",0
"telus_digital_ai","earth_observation",0
"imerit","earth_observation",1
"sama","earth_observation",2
"cloudfactory","earth_observation",0
"superannotate","earth_observation",0
"labelbox","earth_observation",0
"snorkel_ai","earth_observation",0
"encord","earth_observation",0
"v7_labs","earth_observation",0
"kili_technology","earth_observation",0
"dataloop","earth_observation",0
"roboflow","earth_observation",0
"defined_ai","earth_observation",0
"shaip","earth_observation",0
"innodata","earth_observation",0
"transperfect_dataforce","earth_observation",0
"speechocean","earth_observation",0
"datatang","earth_observation",0
"magic_data_tech","earth_observation",0
"dataannotation_tech","earth_observation",0
"pareto_ai","earth_observation",0
"mturk","earth_observation",0
"clickworker","earth_observation",0
"premise_data","earth_observation",0
"streetbees","earth_observation",0
"roamler","earth_observation",0
"field_agent","earth_observation",0
"gigwalk","earth_observation",0
"glg","earth_observation",0
"third_bridge","earth_observation",0
"guidepoint","earth_observation",0
"alphasense","earth_observation",0
"dialectica","earth_observation",0
"bright_data","earth_observation",0
"oxylabs","earth_observation",0
"decodo","earth_observation",0
"zyte","earth_observation",0
"apify","earth_observation",0
"firecrawl","earth_observation",0
"tavily","earth_observation",0
"diffbot","earth_observation",0
"common_crawl","earth_observation",0
"promptcloud","earth_observation",0
"grepsr","earth_observation",0
"nimble_data","earth_observation",0
"coresignal","earth_observation",0
"acxiom","earth_observation",0
"experian","earth_observation",0
"equifax","earth_observation",0
"transunion","earth_observation",0
"liveramp","earth_observation",0
"epsilon","earth_observation",0
"lexisnexis_risk","earth_observation",0
"dun_bradstreet","earth_observation",0
"cotality","earth_observation",0
"verisk","earth_observation",0
"crif","earth_observation",0
"serasa_experian","earth_observation",0
"spokeo","earth_observation",0
"safegraph","earth_observation",0
"placer_ai","earth_observation",0
"veraset","earth_observation",0
"unacast","earth_observation",0
"foursquare","earth_observation",0
"kochava_collective","earth_observation",0
"azira","earth_observation",0
"advan_research","earth_observation",0
"huq_industries","earth_observation",0
"predicio","earth_observation",0
"positium","earth_observation",0
"teralytics","earth_observation",0
"orange_flux_vision","earth_observation",0
"flowminder","earth_observation",0
"planet_labs","earth_observation",2
"vantor","earth_observation",2
"blacksky","earth_observation",2
"iceye","earth_observation",2
"satellogic","earth_observation",2
"capella_space","earth_observation",2
"umbra_space","earth_observation",2
"airbus_ds_geo","earth_observation",2
"spire_global","earth_observation",1
"ursa_space","earth_observation",2
"pixxel","earth_observation",2
"skyfi","earth_observation",2
"earthdaily","earth_observation",2
"satvu","earth_observation",0
"ghgsat","earth_observation",0
"kayrros","earth_observation",0
"descartes_labs","earth_observation",2
"spaceknow","earth_observation",2
"synspective","earth_observation",2
"axelspace","earth_observation",2
"changguang","earth_observation",2
"twentyone_at","earth_observation",2
"tomorrow_io","earth_observation",0
"windborne","earth_observation",0
"saildrone","earth_observation",0
"sofar_ocean","earth_observation",0
"jupiter_intelligence","earth_observation",0
"first_street","earth_observation",0
"fathom_global","earth_observation",0
"jba_risk","earth_observation",0
"moodys_rms","earth_observation",0
"mitiga_solutions","earth_observation",0
"climateai","earth_observation",0
"descartes_underwriting","earth_observation",0
"sylvera","earth_observation",0
"bezero_carbon","earth_observation",0
"carbon_mapper","earth_observation",0
"chloris_geospatial","earth_observation",0
"nielsen","earth_observation",0
"comscore","earth_observation",0
"samba_tv","earth_observation",0
"ispot_tv","earth_observation",0
"videoamp","earth_observation",0
"similarweb","earth_observation",0
"sensor_tower","earth_observation",0
"yipitdata","earth_observation",0
"m_science","earth_observation",0
"consumer_edge","earth_observation",0
"earnest_analytics","earth_observation",0
"facteus","earth_observation",0
"measurable_ai","earth_observation",0
"plaid","earth_observation",0
"tink","earth_observation",0
"kpler","earth_observation",1
"vortexa","earth_observation",0
"windward_ai","earth_observation",0
"panjiva","earth_observation",0
"importgenius","earth_observation",0
"iqvia","earth_observation",0
"komodo_health","earth_observation",0
"truveta","earth_observation",0
"healthverity","earth_observation",0
"tempus_ai","earth_observation",0
"datavant","earth_observation",0
"flatiron_health","earth_observation",0
"trinetx","earth_observation",0
"picnichealth","earth_observation",0
"evidation_health","earth_observation",0
"medidata","earth_observation",0
"veeva_crossix","earth_observation",0
"definitive_healthcare","earth_observation",0
"uk_biobank","earth_observation",0
"bgi_genomics","earth_observation",0
"samsara","earth_observation",0
"geotab","earth_observation",0
"inrix","earth_observation",0
"tomtom","earth_observation",0
"here_technologies","earth_observation",0
"cambridge_mobile","earth_observation",0
"arity","earth_observation",0
"smartcar","earth_observation",0
"high_mobility","earth_observation",0
"dataminr","earth_observation",0
"recorded_future","earth_observation",0
"meltwater","earth_observation",0
"brandwatch","earth_observation",0
"talkwalker","earth_observation",0
"sprinklr","earth_observation",0
"graphika","earth_observation",0
"babel_street","earth_observation",0
"sayari","earth_observation",0
"kharon","earth_observation",0
"janes","earth_observation",0
"acled","earth_observation",0
"gdelt","earth_observation",0
"bellingcat","earth_observation",0
"newsguard","earth_observation",0
"zoominfo","earth_observation",0
"apollo_io","earth_observation",0
"cognism","earth_observation",0
"lusha","earth_observation",0
"people_data_labs","earth_observation",0
"opencorporates","earth_observation",0
"moodys_bvd","earth_observation",0
"pitchbook","earth_observation",0
"crunchbase","earth_observation",0
"tracxn","earth_observation",0
"dealroom","earth_observation",0
"numerator","earth_observation",0
"profitero","earth_observation",0
"dataweave","earth_observation",0
"intelligence_node","earth_observation",0
"trax_retail","earth_observation",0
"dunnhumby","earth_observation",0
"eightyfour_51","earth_observation",0
"clearview_ai","earth_observation",0
"pimeyes","earth_observation",0
"tools_for_humanity","earth_observation",0
"yoti","earth_observation",0
"idemia","earth_observation",0
"sensetime","earth_observation",0
"megvii","earth_observation",0
"hikvision","earth_observation",0
"arab_advisors","earth_observation",0
"asdaa_bcw","earth_observation",0
"insight_discovery","earth_observation",0
"ventures_middle_east","earth_observation",0
"space42","earth_observation",2
"presight_ai","earth_observation",0
"lucidya","earth_observation",0
"mozn","earth_observation",0
"crowd_analyzer","earth_observation",0
"tarjama","earth_observation",0
"idsc_egypt","earth_observation",0
"rada_research","earth_observation",0
"statistics_lebanon","earth_observation",0
"information_international","earth_observation",0
"scpr_syria","earth_observation",0
"yemen_polling_center","earth_observation",0
"diwan_research","earth_observation",0
"immar_rc","earth_observation",0
"sunergia","earth_observation",0
"iranpoll","earth_observation",0
"turkiye_raporu","earth_observation",0
"geocartography","earth_observation",0
"near_east_consulting","earth_observation",0
"jmcc","earth_observation",0
"zogby_research","earth_observation",0
"reach_initiative","earth_observation",0
"acaps","earth_observation",0
"afriksurvey","earth_observation",0
"sagapoll","earth_observation",0
"dalberg_research","earth_observation",0
"stears","earth_observation",0
"datalens_africa","earth_observation",0
"creditregistry","earth_observation",0
"indicina","earth_observation",0
"africa_polling_institute","earth_observation",0
"global_infoanalytics","earth_observation",0
"amini","earth_observation",1
"research_solutions_africa","earth_observation",0
"msurvey","earth_observation",0
"echo_mobile","earth_observation",0
"viamo","earth_observation",0
"twaweza","earth_observation",0
"research_world_intl","earth_observation",0
"charis_uas","earth_observation",2
"digital_umuganda","earth_observation",0
"somali_public_agenda","earth_observation",0
"mpoi_zimbabwe","earth_observation",0
"social_research_foundation","earth_observation",0
"eighty20","earth_observation",0
"lightstone","earth_observation",0
"lelapa_ai","earth_observation",0
"masakhane","earth_observation",0
"awarri","earth_observation",0
"romir","earth_observation",0
"mediascope","earth_observation",0
"ipsos_comcon","earth_observation",0
"tiburon_research","earth_observation",0
"anketolog","earth_observation",0
"sberindex","earth_observation",0
"yandex_data","earth_observation",0
"baw_belarus","earth_observation",0
"bisam","earth_observation",0
"demoscope_kz","earth_observation",0
"ijtimoiy_fikr","earth_observation",0
"questmobile","earth_observation",0
"analysys_yiguan","earth_observation",0
"iimedia","earth_observation",0
"talkingdata","earth_observation",0
"aurora_mobile","earth_observation",0
"miaozhen_admaster","earth_observation",0
"qichacha","earth_observation",0
"tianyancha","earth_observation",0
"wind_information","earth_observation",0
"intron_health","earth_observation",0
"african_languages_lab","earth_observation",0
"aflabox","earth_observation",0
"tolbi","earth_observation",1
"soko_aerial","earth_observation",2
"geoinfotech","earth_observation",2
"helium_health","earth_observation",0
"pula","earth_observation",0
"apollo_agriculture","earth_observation",1
"hello_tractor","earth_observation",0
"mpharma","earth_observation",0
"ehealth_africa","earth_observation",0
"lacuna_fund","earth_observation",0
"makerere_ai","earth_observation",0
"cntxt_ai","earth_observation",0
"arabic_ai","earth_observation",0
"aydi","earth_observation",0
"widebot","earth_observation",0
"mawdoo3","earth_observation",0
"aaru","earth_observation",0
"simile","earth_observation",0
"conveo","earth_observation",0
"perspective_ai","earth_observation",0
"theysaid","earth_observation",0
"versive","earth_observation",0
"hivemapper","earth_observation",2
"dimo","earth_observation",0
"weatherxm","earth_observation",0
"nova_labs_helium","earth_observation",0
"safecast","earth_observation",0
"biobot","earth_observation",0
"verily","earth_observation",0
"wastewaterscan","earth_observation",0
"hawkeye_360","earth_observation",0
"unseenlabs","earth_observation",0
"kleos_space","earth_observation",0
"naturemetrics","earth_observation",0
"rainforest_connection","earth_observation",0
"fugro","earth_observation",0
"clarity_movement","earth_observation",0
"aclima","earth_observation",0
"nuview","earth_observation",2
"orbital_sidekick","earth_observation",0
"wyvern","earth_observation",1
"hydrosat","earth_observation",1
"muon_space","earth_observation",2
"myriota","earth_observation",0
"astrocast","earth_observation",0
"nearmap","earth_observation",2
"vexcel_imaging","earth_observation",2
"airqo","earth_observation",0
"code_for_africa","earth_observation",0
"aerobotics","earth_observation",2
"ujuzikilimo","earth_observation",0
"robocare","earth_observation",1
"astral_aerial","earth_observation",2
"earthranger","earth_observation",0
"falcon_eye_drones","earth_observation",0
"falcon_3d","earth_observation",1
"digital_earth_africa","earth_observation",2
"sansa","earth_observation",2
"nasrda","earth_observation",2
"egsa","earth_observation",2
"kenya_space_agency","earth_observation",2
"essti","earth_observation",2
"mbrsc","earth_observation",2
"tubitak_uzay","earth_observation",2
"imagesat","earth_observation",2
"taranis","earth_observation",2
"agritask","earth_observation",0
"asterra","earth_observation",0
"norc","earth_observation",0
"westat","earth_observation",0
"rti_international","earth_observation",0
"mathematica","earth_observation",0
"abt_global","earth_observation",0
"ssrs","earth_observation",0
"icf_international","earth_observation",0
"quinnipiac_poll","earth_observation",0
"marist_poll","earth_observation",0
"monmouth_poll","earth_observation",0
"siena_research","earth_observation",0
"emerson_polling","earth_observation",0
"surveyusa","earth_observation",0
"prri","earth_observation",0
"ap_norc","earth_observation",0
"civiqs","earth_observation",0
"echelon_insights","earth_observation",0
"data_for_progress","earth_observation",0
"cygnal","earth_observation",0
"leger","earth_observation",0
"angus_reid_institute","earth_observation",0
"nanos_research","earth_observation",0
"ekos_research","earth_observation",0
"abacus_data","earth_observation",0
"environics_research","earth_observation",0
"skywatch","earth_observation",2
"mda_space","earth_observation",2
"ecopia_ai","earth_observation",2
"farmers_edge","earth_observation",2
"deveron","earth_observation",0
"semios","earth_observation",0
"bluedot","earth_observation",0
"local_logic","earth_observation",0
"riskthinking_ai","earth_observation",0
"triton_digital","earth_observation",0
"descartes_datamyne","earth_observation",0
"browse_ai","earth_observation",0
"internet_archive","earth_observation",0
"exa_ai","earth_observation",0
"altana","earth_observation",0
"project44","earth_observation",0
"fourkites","earth_observation",0
"clear_secure","earth_observation",0
"id_me","earth_observation",0
"socure","earth_observation",0
"observa","earth_observation",0
"ookla","earth_observation",0
"purpleair","earth_observation",0
"motive","earth_observation",0
"lytx","earth_observation",0
"catalina_marketing","earth_observation",0
"inmar_intelligence","earth_observation",0
"data_axle","earth_observation",0
"bombora","earth_observation",0
"thinknum","earth_observation",0
"om1","earth_observation",0
"verana_health","earth_observation",0
"atropos_health","earth_observation",0
"aetion","earth_observation",0
"edison_research","earth_observation",0
"luminate_data","earth_observation",0
"flashpoint","earth_observation",0
"zignal_labs","earth_observation",0
"albedo","earth_observation",2
"centaur_labs","earth_observation",0
"fulcrum_app","earth_observation",0
"rep_data","earth_observation",0
"understanding_america","earth_observation",0
"forsa","earth_observation",0
"infratest_dimap","earth_observation",0
"allensbach","earth_observation",0
"civey","earth_observation",0
"insa_consulere","earth_observation",0
"infas","earth_observation",0
"gesis","earth_observation",0
"soep_diw","earth_observation",0
"ororatech","earth_observation",2
"liveeo","earth_observation",2
"constellr","earth_observation",2
"limesurvey","earth_observation",0
"agf_videoforschung","earth_observation",0
"ifop","earth_observation",0
"opinionway","earth_observation",0
"bva_xsight","earth_observation",0
"elabe","earth_observation",0
"odoxa","earth_observation",0
"csa_research","earth_observation",0
"credoc","earth_observation",0
"scrapingbee","earth_observation",0
"shippeo","earth_observation",0
"owkin","earth_observation",0
"doxa","earth_observation",0
"swg_italia","earth_observation",0
"cerved","earth_observation",0
"auditel_italia","earth_observation",0
"e_geos","earth_observation",2
"planetek_italia","earth_observation",2
"sigma_dos","earth_observation",0
"gad3","earth_observation",0
"metroscopia","earth_observation",0
"cuarenta_db","earth_observation",0
"kido_dynamics","earth_observation",0
"deimos_imaging","earth_observation",2
"marktest","earth_observation",0
"intercampus","earth_observation",0
"metron_analysis","earth_observation",0
"kapa_research","earth_observation",0
"marinetraffic","earth_observation",0
"kieskompas","earth_observation",0
"io_research","earth_observation",0
"motivaction","earth_observation",0
"nipo_nfield","earth_observation",0
"lifelines","earth_observation",0
"ivox","earth_observation",0
"sora_institute","earth_observation",0
"gfs_bern","earth_observation",0
"sotomo","earth_observation",0
"link_institut","earth_observation",0
"red_c","earth_observation",0
"epinion","earth_observation",0
"voxmeter","earth_observation",0
"novus","earth_observation",0
"taloustutkimus","earth_observation",0
"finngen","earth_observation",0
"decode_genetics","earth_observation",0
"signicat","earth_observation",0
"natcen","earth_observation",0
"understanding_society","earth_observation",0
"uk_data_service","earth_observation",0
"opinium","earth_observation",0
"survation","earth_observation",0
"deltapoll","earth_observation",0
"focaldata","earth_observation",0
"jl_partners","earth_observation",0
"more_in_common","earth_observation",0
"bmg_research","earth_observation",0
"signal_ai","earth_observation",0
"rezatec","earth_observation",2
"open_cosmos","earth_observation",2
"iproov","earth_observation",0
"truelayer","earth_observation",0
"yapily","earth_observation",0
"our_future_health","earth_observation",0
"lifebit","earth_observation",0
"ovilongwa","earth_observation",0
"star_awards_bwa","earth_observation",0
"igd_burkina","earth_observation",0
"gradis_burundi","earth_observation",0
"afrosondagem","earth_observation",0
"cible_cameroun","earth_observation",0
"laereag_tchad","earth_observation",0
"avenir_nepad_congo","earth_observation",0
"cofinco_comores","earth_observation",0
"zechlab","earth_observation",0
"qa_strategic_swz","earth_observation",0
"abcon_ethiopia","earth_observation",0
"cergep_gabon","earth_observation",0
"stat_view_guinea","earth_observation",0
"igpad_guinea_bissau","earth_observation",0
"advision_lesotho","earth_observation",0
"cdg_liberia","earth_observation",0
"coef_resources","earth_observation",0
"csr_malawi","earth_observation",0
"great_mali","earth_observation",0
"sista_consult","earth_observation",0
"straconsult_mus","earth_observation",0
"gsc_morocco","earth_observation",0
"cs_research_moz","earth_observation",0
"survey_warehouse","earth_observation",0
"lasdel_niger","earth_observation",0
"cres_senegal","earth_observation",0
"igr_sierra_leone","earth_observation",0
"sudan_polling_center","earth_observation",0
"repoa_tanzania","earth_observation",0
"crpd_gambia","earth_observation",0
"crop_togo","earth_observation",0
"hatchile_uganda","earth_observation",0
"cesor_zambia","earth_observation",0
"smile_identity","earth_observation",0
"zindi","earth_observation",0
"kartoza","earth_observation",2
"geoterraimage","earth_observation",2
"spatial_collective","earth_observation",0
"ramani_huria","earth_observation",0
"farmerline","earth_observation",0
"esoko","earth_observation",0
"sunculture","earth_observation",0
"thriveagric","earth_observation",0
"mono_nigeria","earth_observation",0
"stitch_za","earth_observation",0
"metropol_kenya","earth_observation",0
"crc_credit_bureau","earth_observation",0
"africa_check","earth_observation",0
"dubawa","earth_observation",0
"ilara_health","earth_observation",0
"jacaranda_health","earth_observation",0
"reelforge","earth_observation",0
"prembly","earth_observation",0
"youverify","earth_observation",0
"data_science_nigeria","earth_observation",0
"icog_labs","earth_observation",0
"lesan_ai","earth_observation",0
"kobo360","earth_observation",0
"lori_systems","earth_observation",0
"irsm_algeria","earth_observation",0
"cread_algeria","earth_observation",0
"optimar","earth_observation",0
"orc_arastirma","earth_observation",0
"avrasya_arastirma","earth_observation",0
"genar","earth_observation",0
"yoneylem","earth_observation",0
"sonar_arastirma","earth_observation",0
"gezici_arastirma","earth_observation",0
"mak_danismanlik","earth_observation",0
"piar_arastirma","earth_observation",0
"insider_tr","earth_observation",0
"acrps_doha","earth_observation",0
"sesri_qatar","earth_observation",0
"qcri","earth_observation",0
"sdaia","earth_observation",0
"elm_saudi","earth_observation",0
"saudi_space_agency","earth_observation",2
"simah","earth_observation",0
"derasat","earth_observation",0
"cri_lebanon","earth_observation",0
"infopro_lebanon","earth_observation",0
"albayan_iraq","earth_observation",0
"mas_palestine","earth_observation",0
"altibbi","earth_observation",0
"maqsam","earth_observation",0
"el_zanaty","earth_observation",0
"i_score_egypt","earth_observation",0
"intella_ai","earth_observation",0
"marocmetrie","earth_observation",0
"aarc_international","earth_observation",0
"chifco","earth_observation",0
"m42","earth_observation",0
"aecb","earth_observation",0
"derq","earth_observation",0
"israel_democracy_institute","earth_observation",0
"zencity","earth_observation",0
"cognyte","earth_observation",0
"ahri_south_africa","earth_observation",0
"agincourt_wits","earth_observation",0
"saprin","earth_observation",0
"aphrc","earth_observation",0
"kemri_wellcome","earth_observation",0
"ifakara_health","earth_observation",0
"manhica_cisim","earth_observation",0
"mrc_gambia","earth_observation",0
"navrongo_hrc","earth_observation",0
"rakai_health","earth_observation",0
"malawi_liverpool_wellcome","earth_observation",0
"cidrz","earth_observation",0
"kersa_hdss","earth_observation",0
"nouna_crsn","earth_observation",0
"apcc","earth_observation",0
"h3africa","earth_observation",0
"hsrc","earth_observation",0
"saldru","earth_observation",0
"datafirst","earth_observation",0
"isser_ghana","earth_observation",0
"eprc_uganda","earth_observation",0
"esrf_tanzania","earth_observation",0
"csea_nigeria","earth_observation",0
"pesacheck","earth_observation",0
"freshly_ground_insights","earth_observation",0
"columinate","earth_observation",0
"persian_cohort","earth_observation",0
"golestan_cohort","earth_observation",0
"qatar_biobank","earth_observation",0
"moroccan_genome","earth_observation",0
"afristat","earth_observation",0
"statafric","earth_observation",0
"afdb_statistics","earth_observation",0
"sanbi","earth_observation",0
"africas_talking","earth_observation",0
"onafriq","earth_observation",0
"cellulant","earth_observation",0
"codesria","earth_observation",0
"aerc","earth_observation",0
"pasgr","earth_observation",0
"iss_africa","earth_observation",0
"nextier_spd","earth_observation",0
"heritage_institute","earth_observation",0
"zeparu","earth_observation",0
"bidpa","earth_observation",0
"ippr_namibia","earth_observation",0
"nkafu","earth_observation",0
"cires_ivoire","earth_observation",0
"iese_mozambique","earth_observation",0
"zipar","earth_observation",0
"riwi","earth_observation",0
"pricestats","earth_observation",0
"soundthinking","earth_observation",0
"alphonso","earth_observation",0
"opensignal","earth_observation",0
"nexar","earth_observation",1
"geodnet","earth_observation",0
"wingbits","earth_observation",0
"flightradar24","earth_observation",0
"karya","earth_observation",0
"airwars","earth_observation",0
"mnemonic","earth_observation",0
"forensic_architecture","earth_observation",0
"atlas_ai","earth_observation",2
"fraym","earth_observation",2
"rs_metrics","earth_observation",2
"yodlee","earth_observation",0
"empatica","earth_observation",0
"sonde_health","earth_observation",0
"origin_wireless","earth_observation",0
"vayyar","earth_observation",0
"bidgely","earth_observation",0
"wildlife_insights","earth_observation",0
"atlan_space","earth_observation",0
"cellebrite","earth_observation",0
"nso_group","earth_observation",0
"candiru","earth_observation",0
"paragon_solutions","earth_observation",0
"kando","earth_observation",0
"beehero","earth_observation",0
"seetree","earth_observation",0
"lean_technologies","earth_observation",0
"ushahidi","earth_observation",0
"sunbird_ai","earth_observation",0
"terragon","earth_observation",0
"zenvus","earth_observation",0
"dataphyte","earth_observation",0
"berci","earth_observation",0
"iford","earth_observation",0
"iki_malawi","earth_observation",0
"jumo","earth_observation",0
"kifiya","earth_observation",0
"omnisient","earth_observation",0
"humangle","earth_observation",0
"timbuktu_institute","earth_observation",0
"ayin_network","earth_observation",0
"sudan_transparency","earth_observation",0
"ipsos","mobility_location",0
"kantar","mobility_location",0
"niq","mobility_location",0
"circana","mobility_location",0
"gallup","mobility_location",0
"yougov","mobility_location",0
"morning_consult","mobility_location",0
"pew_research","mobility_location",0
"verian","mobility_location",0
"ipsos_mori_uk","mobility_location",0
"savanta","mobility_location",0
"system1_group","mobility_location",0
"euromonitor","mobility_location",0
"mintel","mobility_location",0
"statista","mobility_location",0
"m3_global_research","mobility_location",0
"escalent","mobility_location",0
"material_plus","mobility_location",0
"c_space","mobility_location",0
"hall_and_partners","mobility_location",0
"appinio","mobility_location",0
"attest","mobility_location",0
"zappi","mobility_location",0
"suzy","mobility_location",0
"glimpse_ai","mobility_location",0
"listen_labs","mobility_location",0
"strella","mobility_location",0
"outset_ai","mobility_location",0
"cint","mobility_location",0
"dynata","mobility_location",0
"toluna","mobility_location",0
"bilendi","mobility_location",0
"norstat","mobility_location",0
"prolific","mobility_location",0
"cloudresearch","mobility_location",0
"purespectrum","mobility_location",0
"innovate_mr","mobility_location",0
"prodege","mobility_location",0
"disqo","mobility_location",0
"rakuten_insight","mobility_location",0
"borderless_access","mobility_location",0
"milieu_insight","mobility_location",0
"respondent_io","mobility_location",0
"qualtrics","mobility_location",0
"surveymonkey","mobility_location",0
"alchemer","mobility_location",0
"forsta","mobility_location",0
"sawtooth_software","mobility_location",0
"surveycto","mobility_location",0
"kobotoolbox","mobility_location",0
"odk","mobility_location",0
"commcare_dimagi","mobility_location",0
"ona","mobility_location",0
"mwater","mobility_location",0
"redcap","mobility_location",0
"gorilla_sc","mobility_location",0
"credamo","mobility_location",0
"wenjuanxing","mobility_location",0
"one_to_one_tunisia","mobility_location",0
"sigma_conseil","mobility_location",0
"emrhod_consulting","mobility_location",0
"elka_consulting","mobility_location",0
"bjka_consulting","mobility_location",0
"lms_csa_maroc","mobility_location",0
"baseera_egypt","mobility_location",0
"pcpsr","mobility_location",0
"awrad","mobility_location",0
"nama_strategic","mobility_location",0
"css_jordan","mobility_location",0
"iiacss","mobility_location",0
"parc_dubai","mobility_location",0
"ispa_iran","mobility_location",0
"gamaan","mobility_location",0
"konda","mobility_location",0
"metropoll","mobility_location",0
"areda_survey","mobility_location",0
"midgam_israel","mobility_location",0
"ipanel_israel","mobility_location",0
"arab_barometer","mobility_location",0
"afrobarometer","mobility_location",0
"cdd_ghana","mobility_location",0
"ijr_south_africa","mobility_location",0
"ids_nairobi","mobility_location",0
"ireg_benin","mobility_location",0
"infotrak","mobility_location",0
"tifa_research","mobility_location",0
"consumer_insight_africa","mobility_location",0
"geopoll","mobility_location",0
"sagaci_research","mobility_location",0
"noipolls","mobility_location",0
"sbm_intelligence","mobility_location",0
"practical_sampling","mobility_location",0
"ask_afrika","mobility_location",0
"plus94_research","mobility_location",0
"citizen_surveys","mobility_location",0
"busara_center","mobility_location",0
"ipa_research","mobility_location",0
"jpal","mobility_location",0
"laterite","mobility_location",0
"sixty_decibels","mobility_location",0
"lokniti_csds","mobility_location",0
"cvoter","mobility_location",0
"axis_my_india","mobility_location",0
"hansa_research","mobility_location",0
"q_and_q_research","mobility_location",0
"outline_india","mobility_location",0
"gallup_pakistan","mobility_location",0
"lsi_indonesia","mobility_location",0
"smrc_indonesia","mobility_location",0
"indikator_politik","mobility_location",0
"sws_philippines","mobility_location",0
"pulse_asia","mobility_location",0
"cimigo","mobility_location",0
"q_and_me","mobility_location",0
"indochina_research","mobility_location",0
"deka_research","mobility_location",0
"macromill","mobility_location",0
"intage","mobility_location",0
"nikkei_research","mobility_location",0
"cross_marketing","mobility_location",0
"embrain","mobility_location",0
"hankook_research","mobility_location",0
"realmeter","mobility_location",0
"gallup_korea","mobility_location",0
"horizon_china","mobility_location",0
"ctr_china","mobility_location",0
"csm_media","mobility_location",0
"datafolha","mobility_location",0
"ipec_brasil","mobility_location",0
"quaest","mobility_location",0
"atlasintel","mobility_location",0
"consulta_mitofsky","mobility_location",0
"enkoll","mobility_location",0
"buendia_marquez","mobility_location",0
"cadem","mobility_location",0
"invamer","mobility_location",0
"datexco","mobility_location",0
"cid_gallup","mobility_location",0
"poliarquia","mobility_location",0
"latinobarometro","mobility_location",0
"lapop","mobility_location",0
"levada_center","mobility_location",0
"vciom","mobility_location",0
"fom_russia","mobility_location",0
"russian_field","mobility_location",0
"kiis","mobility_location",0
"rating_group","mobility_location",0
"razumkov_centre","mobility_location",0
"info_sapiens","mobility_location",0
"gradus_research","mobility_location",0
"crrc","mobility_location",0
"act_georgia","mobility_location",0
"central_asia_barometer","mobility_location",0
"m_vector","mobility_location",0
"siar_research","mobility_location",0
"ipm_belarus","mobility_location",0
"roy_morgan","mobility_location",0
"essential_research","mobility_location",0
"oztam","mobility_location",0
"barb_uk","mobility_location",0
"mediametrie","mobility_location",0
"barc_india","mobility_location",0
"video_research_jp","mobility_location",0
"numeris","mobility_location",0
"scale_ai","mobility_location",0
"surge_ai","mobility_location",0
"mercor","mobility_location",0
"handshake_ai","mobility_location",0
"micro1","mobility_location",0
"turing_com","mobility_location",0
"invisible_tech","mobility_location",0
"appen","mobility_location",0
"toloka","mobility_location",0
"telus_digital_ai","mobility_location",0
"imerit","mobility_location",0
"sama","mobility_location",0
"cloudfactory","mobility_location",0
"superannotate","mobility_location",0
"labelbox","mobility_location",0
"snorkel_ai","mobility_location",0
"encord","mobility_location",0
"v7_labs","mobility_location",0
"kili_technology","mobility_location",0
"dataloop","mobility_location",0
"roboflow","mobility_location",0
"defined_ai","mobility_location",0
"shaip","mobility_location",0
"innodata","mobility_location",0
"transperfect_dataforce","mobility_location",0
"speechocean","mobility_location",0
"datatang","mobility_location",0
"magic_data_tech","mobility_location",0
"dataannotation_tech","mobility_location",0
"pareto_ai","mobility_location",0
"mturk","mobility_location",0
"clickworker","mobility_location",0
"premise_data","mobility_location",0
"streetbees","mobility_location",0
"roamler","mobility_location",0
"field_agent","mobility_location",0
"gigwalk","mobility_location",0
"glg","mobility_location",0
"third_bridge","mobility_location",0
"guidepoint","mobility_location",0
"alphasense","mobility_location",0
"dialectica","mobility_location",0
"bright_data","mobility_location",0
"oxylabs","mobility_location",0
"decodo","mobility_location",0
"zyte","mobility_location",0
"apify","mobility_location",0
"firecrawl","mobility_location",0
"tavily","mobility_location",0
"diffbot","mobility_location",0
"common_crawl","mobility_location",0
"promptcloud","mobility_location",0
"grepsr","mobility_location",0
"nimble_data","mobility_location",0
"coresignal","mobility_location",0
"acxiom","mobility_location",0
"experian","mobility_location",0
"equifax","mobility_location",0
"transunion","mobility_location",0
"liveramp","mobility_location",0
"epsilon","mobility_location",0
"lexisnexis_risk","mobility_location",0
"dun_bradstreet","mobility_location",0
"cotality","mobility_location",0
"verisk","mobility_location",0
"crif","mobility_location",0
"serasa_experian","mobility_location",0
"spokeo","mobility_location",0
"safegraph","mobility_location",2
"placer_ai","mobility_location",2
"veraset","mobility_location",2
"unacast","mobility_location",2
"foursquare","mobility_location",2
"kochava_collective","mobility_location",2
"azira","mobility_location",2
"advan_research","mobility_location",2
"huq_industries","mobility_location",2
"predicio","mobility_location",2
"positium","mobility_location",2
"teralytics","mobility_location",2
"orange_flux_vision","mobility_location",2
"flowminder","mobility_location",2
"planet_labs","mobility_location",0
"vantor","mobility_location",0
"blacksky","mobility_location",0
"iceye","mobility_location",0
"satellogic","mobility_location",0
"capella_space","mobility_location",0
"umbra_space","mobility_location",0
"airbus_ds_geo","mobility_location",0
"spire_global","mobility_location",0
"ursa_space","mobility_location",0
"pixxel","mobility_location",0
"skyfi","mobility_location",0
"earthdaily","mobility_location",0
"satvu","mobility_location",0
"ghgsat","mobility_location",0
"kayrros","mobility_location",0
"descartes_labs","mobility_location",0
"spaceknow","mobility_location",0
"synspective","mobility_location",0
"axelspace","mobility_location",0
"changguang","mobility_location",0
"twentyone_at","mobility_location",0
"tomorrow_io","mobility_location",0
"windborne","mobility_location",0
"saildrone","mobility_location",0
"sofar_ocean","mobility_location",0
"jupiter_intelligence","mobility_location",0
"first_street","mobility_location",0
"fathom_global","mobility_location",0
"jba_risk","mobility_location",0
"moodys_rms","mobility_location",0
"mitiga_solutions","mobility_location",0
"climateai","mobility_location",0
"descartes_underwriting","mobility_location",0
"sylvera","mobility_location",0
"bezero_carbon","mobility_location",0
"carbon_mapper","mobility_location",0
"chloris_geospatial","mobility_location",0
"nielsen","mobility_location",0
"comscore","mobility_location",0
"samba_tv","mobility_location",0
"ispot_tv","mobility_location",0
"videoamp","mobility_location",0
"similarweb","mobility_location",0
"sensor_tower","mobility_location",0
"yipitdata","mobility_location",0
"m_science","mobility_location",0
"consumer_edge","mobility_location",0
"earnest_analytics","mobility_location",0
"facteus","mobility_location",0
"measurable_ai","mobility_location",0
"plaid","mobility_location",0
"tink","mobility_location",0
"kpler","mobility_location",0
"vortexa","mobility_location",0
"windward_ai","mobility_location",0
"panjiva","mobility_location",0
"importgenius","mobility_location",0
"iqvia","mobility_location",0
"komodo_health","mobility_location",0
"truveta","mobility_location",0
"healthverity","mobility_location",0
"tempus_ai","mobility_location",0
"datavant","mobility_location",0
"flatiron_health","mobility_location",0
"trinetx","mobility_location",0
"picnichealth","mobility_location",0
"evidation_health","mobility_location",0
"medidata","mobility_location",0
"veeva_crossix","mobility_location",0
"definitive_healthcare","mobility_location",0
"uk_biobank","mobility_location",0
"bgi_genomics","mobility_location",0
"samsara","mobility_location",0
"geotab","mobility_location",2
"inrix","mobility_location",2
"tomtom","mobility_location",2
"here_technologies","mobility_location",2
"cambridge_mobile","mobility_location",2
"arity","mobility_location",2
"smartcar","mobility_location",0
"high_mobility","mobility_location",0
"dataminr","mobility_location",0
"recorded_future","mobility_location",0
"meltwater","mobility_location",0
"brandwatch","mobility_location",0
"talkwalker","mobility_location",0
"sprinklr","mobility_location",0
"graphika","mobility_location",0
"babel_street","mobility_location",1
"sayari","mobility_location",0
"kharon","mobility_location",0
"janes","mobility_location",0
"acled","mobility_location",0
"gdelt","mobility_location",0
"bellingcat","mobility_location",0
"newsguard","mobility_location",0
"zoominfo","mobility_location",0
"apollo_io","mobility_location",0
"cognism","mobility_location",0
"lusha","mobility_location",0
"people_data_labs","mobility_location",0
"opencorporates","mobility_location",0
"moodys_bvd","mobility_location",0
"pitchbook","mobility_location",0
"crunchbase","mobility_location",0
"tracxn","mobility_location",0
"dealroom","mobility_location",0
"numerator","mobility_location",0
"profitero","mobility_location",0
"dataweave","mobility_location",0
"intelligence_node","mobility_location",0
"trax_retail","mobility_location",0
"dunnhumby","mobility_location",0
"eightyfour_51","mobility_location",0
"clearview_ai","mobility_location",0
"pimeyes","mobility_location",0
"tools_for_humanity","mobility_location",0
"yoti","mobility_location",0
"idemia","mobility_location",0
"sensetime","mobility_location",0
"megvii","mobility_location",0
"hikvision","mobility_location",0
"arab_advisors","mobility_location",0
"asdaa_bcw","mobility_location",0
"insight_discovery","mobility_location",0
"ventures_middle_east","mobility_location",0
"space42","mobility_location",0
"presight_ai","mobility_location",0
"lucidya","mobility_location",0
"mozn","mobility_location",0
"crowd_analyzer","mobility_location",0
"tarjama","mobility_location",0
"idsc_egypt","mobility_location",0
"rada_research","mobility_location",0
"statistics_lebanon","mobility_location",0
"information_international","mobility_location",0
"scpr_syria","mobility_location",0
"yemen_polling_center","mobility_location",0
"diwan_research","mobility_location",0
"immar_rc","mobility_location",0
"sunergia","mobility_location",0
"iranpoll","mobility_location",0
"turkiye_raporu","mobility_location",0
"geocartography","mobility_location",0
"near_east_consulting","mobility_location",0
"jmcc","mobility_location",0
"zogby_research","mobility_location",0
"reach_initiative","mobility_location",0
"acaps","mobility_location",0
"afriksurvey","mobility_location",0
"sagapoll","mobility_location",0
"dalberg_research","mobility_location",0
"stears","mobility_location",0
"datalens_africa","mobility_location",0
"creditregistry","mobility_location",0
"indicina","mobility_location",0
"africa_polling_institute","mobility_location",0
"global_infoanalytics","mobility_location",0
"amini","mobility_location",0
"research_solutions_africa","mobility_location",0
"msurvey","mobility_location",0
"echo_mobile","mobility_location",0
"viamo","mobility_location",0
"twaweza","mobility_location",0
"research_world_intl","mobility_location",0
"charis_uas","mobility_location",0
"digital_umuganda","mobility_location",0
"somali_public_agenda","mobility_location",0
"mpoi_zimbabwe","mobility_location",0
"social_research_foundation","mobility_location",0
"eighty20","mobility_location",0
"lightstone","mobility_location",0
"lelapa_ai","mobility_location",0
"masakhane","mobility_location",0
"awarri","mobility_location",0
"romir","mobility_location",0
"mediascope","mobility_location",0
"ipsos_comcon","mobility_location",0
"tiburon_research","mobility_location",0
"anketolog","mobility_location",0
"sberindex","mobility_location",0
"yandex_data","mobility_location",2
"baw_belarus","mobility_location",0
"bisam","mobility_location",0
"demoscope_kz","mobility_location",0
"ijtimoiy_fikr","mobility_location",0
"questmobile","mobility_location",0
"analysys_yiguan","mobility_location",0
"iimedia","mobility_location",0
"talkingdata","mobility_location",2
"aurora_mobile","mobility_location",2
"miaozhen_admaster","mobility_location",0
"qichacha","mobility_location",0
"tianyancha","mobility_location",0
"wind_information","mobility_location",0
"intron_health","mobility_location",0
"african_languages_lab","mobility_location",0
"aflabox","mobility_location",0
"tolbi","mobility_location",0
"soko_aerial","mobility_location",0
"geoinfotech","mobility_location",0
"helium_health","mobility_location",0
"pula","mobility_location",0
"apollo_agriculture","mobility_location",0
"hello_tractor","mobility_location",0
"mpharma","mobility_location",0
"ehealth_africa","mobility_location",0
"lacuna_fund","mobility_location",0
"makerere_ai","mobility_location",0
"cntxt_ai","mobility_location",0
"arabic_ai","mobility_location",0
"aydi","mobility_location",0
"widebot","mobility_location",0
"mawdoo3","mobility_location",0
"aaru","mobility_location",0
"simile","mobility_location",0
"conveo","mobility_location",0
"perspective_ai","mobility_location",0
"theysaid","mobility_location",0
"versive","mobility_location",0
"hivemapper","mobility_location",2
"dimo","mobility_location",2
"weatherxm","mobility_location",0
"nova_labs_helium","mobility_location",0
"safecast","mobility_location",0
"biobot","mobility_location",0
"verily","mobility_location",0
"wastewaterscan","mobility_location",0
"hawkeye_360","mobility_location",0
"unseenlabs","mobility_location",0
"kleos_space","mobility_location",0
"naturemetrics","mobility_location",0
"rainforest_connection","mobility_location",0
"fugro","mobility_location",0
"clarity_movement","mobility_location",0
"aclima","mobility_location",1
"nuview","mobility_location",0
"orbital_sidekick","mobility_location",0
"wyvern","mobility_location",0
"hydrosat","mobility_location",0
"muon_space","mobility_location",0
"myriota","mobility_location",0
"astrocast","mobility_location",0
"nearmap","mobility_location",0
"vexcel_imaging","mobility_location",0
"airqo","mobility_location",0
"code_for_africa","mobility_location",0
"aerobotics","mobility_location",0
"ujuzikilimo","mobility_location",0
"robocare","mobility_location",0
"astral_aerial","mobility_location",0
"earthranger","mobility_location",0
"falcon_eye_drones","mobility_location",0
"falcon_3d","mobility_location",0
"digital_earth_africa","mobility_location",0
"sansa","mobility_location",0
"nasrda","mobility_location",0
"egsa","mobility_location",0
"kenya_space_agency","mobility_location",0
"essti","mobility_location",0
"mbrsc","mobility_location",0
"tubitak_uzay","mobility_location",0
"imagesat","mobility_location",0
"taranis","mobility_location",0
"agritask","mobility_location",0
"asterra","mobility_location",0
"norc","mobility_location",0
"westat","mobility_location",0
"rti_international","mobility_location",0
"mathematica","mobility_location",0
"abt_global","mobility_location",0
"ssrs","mobility_location",0
"icf_international","mobility_location",0
"quinnipiac_poll","mobility_location",0
"marist_poll","mobility_location",0
"monmouth_poll","mobility_location",0
"siena_research","mobility_location",0
"emerson_polling","mobility_location",0
"surveyusa","mobility_location",0
"prri","mobility_location",0
"ap_norc","mobility_location",0
"civiqs","mobility_location",0
"echelon_insights","mobility_location",0
"data_for_progress","mobility_location",0
"cygnal","mobility_location",0
"leger","mobility_location",0
"angus_reid_institute","mobility_location",0
"nanos_research","mobility_location",0
"ekos_research","mobility_location",0
"abacus_data","mobility_location",0
"environics_research","mobility_location",0
"skywatch","mobility_location",0
"mda_space","mobility_location",0
"ecopia_ai","mobility_location",0
"farmers_edge","mobility_location",0
"deveron","mobility_location",0
"semios","mobility_location",0
"bluedot","mobility_location",0
"local_logic","mobility_location",2
"riskthinking_ai","mobility_location",0
"triton_digital","mobility_location",0
"descartes_datamyne","mobility_location",0
"browse_ai","mobility_location",0
"internet_archive","mobility_location",0
"exa_ai","mobility_location",0
"altana","mobility_location",0
"project44","mobility_location",1
"fourkites","mobility_location",2
"clear_secure","mobility_location",0
"id_me","mobility_location",0
"socure","mobility_location",0
"observa","mobility_location",0
"ookla","mobility_location",0
"purpleair","mobility_location",0
"motive","mobility_location",2
"lytx","mobility_location",1
"catalina_marketing","mobility_location",0
"inmar_intelligence","mobility_location",0
"data_axle","mobility_location",0
"bombora","mobility_location",0
"thinknum","mobility_location",0
"om1","mobility_location",0
"verana_health","mobility_location",0
"atropos_health","mobility_location",0
"aetion","mobility_location",0
"edison_research","mobility_location",0
"luminate_data","mobility_location",0
"flashpoint","mobility_location",0
"zignal_labs","mobility_location",0
"albedo","mobility_location",0
"centaur_labs","mobility_location",0
"fulcrum_app","mobility_location",0
"rep_data","mobility_location",0
"understanding_america","mobility_location",0
"forsa","mobility_location",0
"infratest_dimap","mobility_location",0
"allensbach","mobility_location",0
"civey","mobility_location",0
"insa_consulere","mobility_location",0
"infas","mobility_location",2
"gesis","mobility_location",0
"soep_diw","mobility_location",0
"ororatech","mobility_location",0
"liveeo","mobility_location",0
"constellr","mobility_location",0
"limesurvey","mobility_location",0
"agf_videoforschung","mobility_location",0
"ifop","mobility_location",0
"opinionway","mobility_location",0
"bva_xsight","mobility_location",0
"elabe","mobility_location",0
"odoxa","mobility_location",0
"csa_research","mobility_location",0
"credoc","mobility_location",0
"scrapingbee","mobility_location",0
"shippeo","mobility_location",2
"owkin","mobility_location",0
"doxa","mobility_location",0
"swg_italia","mobility_location",0
"cerved","mobility_location",0
"auditel_italia","mobility_location",0
"e_geos","mobility_location",0
"planetek_italia","mobility_location",0
"sigma_dos","mobility_location",0
"gad3","mobility_location",0
"metroscopia","mobility_location",0
"cuarenta_db","mobility_location",0
"kido_dynamics","mobility_location",2
"deimos_imaging","mobility_location",0
"marktest","mobility_location",0
"intercampus","mobility_location",0
"metron_analysis","mobility_location",0
"kapa_research","mobility_location",0
"marinetraffic","mobility_location",2
"kieskompas","mobility_location",0
"io_research","mobility_location",0
"motivaction","mobility_location",0
"nipo_nfield","mobility_location",0
"lifelines","mobility_location",0
"ivox","mobility_location",0
"sora_institute","mobility_location",0
"gfs_bern","mobility_location",0
"sotomo","mobility_location",1
"link_institut","mobility_location",0
"red_c","mobility_location",0
"epinion","mobility_location",0
"voxmeter","mobility_location",0
"novus","mobility_location",0
"taloustutkimus","mobility_location",0
"finngen","mobility_location",0
"decode_genetics","mobility_location",0
"signicat","mobility_location",0
"natcen","mobility_location",0
"understanding_society","mobility_location",0
"uk_data_service","mobility_location",0
"opinium","mobility_location",0
"survation","mobility_location",0
"deltapoll","mobility_location",0
"focaldata","mobility_location",0
"jl_partners","mobility_location",0
"more_in_common","mobility_location",0
"bmg_research","mobility_location",0
"signal_ai","mobility_location",0
"rezatec","mobility_location",0
"open_cosmos","mobility_location",0
"iproov","mobility_location",0
"truelayer","mobility_location",0
"yapily","mobility_location",0
"our_future_health","mobility_location",0
"lifebit","mobility_location",0
"ovilongwa","mobility_location",0
"star_awards_bwa","mobility_location",0
"igd_burkina","mobility_location",0
"gradis_burundi","mobility_location",0
"afrosondagem","mobility_location",0
"cible_cameroun","mobility_location",0
"laereag_tchad","mobility_location",0
"avenir_nepad_congo","mobility_location",0
"cofinco_comores","mobility_location",0
"zechlab","mobility_location",0
"qa_strategic_swz","mobility_location",0
"abcon_ethiopia","mobility_location",0
"cergep_gabon","mobility_location",0
"stat_view_guinea","mobility_location",0
"igpad_guinea_bissau","mobility_location",0
"advision_lesotho","mobility_location",0
"cdg_liberia","mobility_location",0
"coef_resources","mobility_location",0
"csr_malawi","mobility_location",0
"great_mali","mobility_location",0
"sista_consult","mobility_location",0
"straconsult_mus","mobility_location",0
"gsc_morocco","mobility_location",0
"cs_research_moz","mobility_location",0
"survey_warehouse","mobility_location",0
"lasdel_niger","mobility_location",0
"cres_senegal","mobility_location",0
"igr_sierra_leone","mobility_location",0
"sudan_polling_center","mobility_location",0
"repoa_tanzania","mobility_location",0
"crpd_gambia","mobility_location",0
"crop_togo","mobility_location",0
"hatchile_uganda","mobility_location",0
"cesor_zambia","mobility_location",0
"smile_identity","mobility_location",0
"zindi","mobility_location",0
"kartoza","mobility_location",0
"geoterraimage","mobility_location",0
"spatial_collective","mobility_location",0
"ramani_huria","mobility_location",0
"farmerline","mobility_location",0
"esoko","mobility_location",0
"sunculture","mobility_location",0
"thriveagric","mobility_location",0
"mono_nigeria","mobility_location",0
"stitch_za","mobility_location",0
"metropol_kenya","mobility_location",0
"crc_credit_bureau","mobility_location",0
"africa_check","mobility_location",0
"dubawa","mobility_location",0
"ilara_health","mobility_location",0
"jacaranda_health","mobility_location",0
"reelforge","mobility_location",0
"prembly","mobility_location",0
"youverify","mobility_location",0
"data_science_nigeria","mobility_location",0
"icog_labs","mobility_location",0
"lesan_ai","mobility_location",0
"kobo360","mobility_location",2
"lori_systems","mobility_location",2
"irsm_algeria","mobility_location",0
"cread_algeria","mobility_location",0
"optimar","mobility_location",0
"orc_arastirma","mobility_location",0
"avrasya_arastirma","mobility_location",0
"genar","mobility_location",0
"yoneylem","mobility_location",0
"sonar_arastirma","mobility_location",0
"gezici_arastirma","mobility_location",0
"mak_danismanlik","mobility_location",0
"piar_arastirma","mobility_location",0
"insider_tr","mobility_location",0
"acrps_doha","mobility_location",0
"sesri_qatar","mobility_location",0
"qcri","mobility_location",0
"sdaia","mobility_location",0
"elm_saudi","mobility_location",0
"saudi_space_agency","mobility_location",0
"simah","mobility_location",0
"derasat","mobility_location",0
"cri_lebanon","mobility_location",0
"infopro_lebanon","mobility_location",0
"albayan_iraq","mobility_location",0
"mas_palestine","mobility_location",0
"altibbi","mobility_location",0
"maqsam","mobility_location",0
"el_zanaty","mobility_location",0
"i_score_egypt","mobility_location",0
"intella_ai","mobility_location",0
"marocmetrie","mobility_location",0
"aarc_international","mobility_location",0
"chifco","mobility_location",0
"m42","mobility_location",0
"aecb","mobility_location",0
"derq","mobility_location",2
"israel_democracy_institute","mobility_location",0
"zencity","mobility_location",0
"cognyte","mobility_location",0
"ahri_south_africa","mobility_location",0
"agincourt_wits","mobility_location",0
"saprin","mobility_location",0
"aphrc","mobility_location",0
"kemri_wellcome","mobility_location",0
"ifakara_health","mobility_location",0
"manhica_cisim","mobility_location",0
"mrc_gambia","mobility_location",0
"navrongo_hrc","mobility_location",0
"rakai_health","mobility_location",0
"malawi_liverpool_wellcome","mobility_location",0
"cidrz","mobility_location",0
"kersa_hdss","mobility_location",0
"nouna_crsn","mobility_location",0
"apcc","mobility_location",0
"h3africa","mobility_location",0
"hsrc","mobility_location",0
"saldru","mobility_location",0
"datafirst","mobility_location",0
"isser_ghana","mobility_location",0
"eprc_uganda","mobility_location",0
"esrf_tanzania","mobility_location",0
"csea_nigeria","mobility_location",0
"pesacheck","mobility_location",0
"freshly_ground_insights","mobility_location",0
"columinate","mobility_location",0
"persian_cohort","mobility_location",0
"golestan_cohort","mobility_location",0
"qatar_biobank","mobility_location",0
"moroccan_genome","mobility_location",0
"afristat","mobility_location",0
"statafric","mobility_location",0
"afdb_statistics","mobility_location",0
"sanbi","mobility_location",0
"africas_talking","mobility_location",0
"onafriq","mobility_location",0
"cellulant","mobility_location",0
"codesria","mobility_location",0
"aerc","mobility_location",0
"pasgr","mobility_location",0
"iss_africa","mobility_location",0
"nextier_spd","mobility_location",0
"heritage_institute","mobility_location",0
"zeparu","mobility_location",0
"bidpa","mobility_location",0
"ippr_namibia","mobility_location",0
"nkafu","mobility_location",0
"cires_ivoire","mobility_location",0
"iese_mozambique","mobility_location",0
"zipar","mobility_location",0
"riwi","mobility_location",0
"pricestats","mobility_location",0
"soundthinking","mobility_location",0
"alphonso","mobility_location",0
"opensignal","mobility_location",0
"nexar","mobility_location",2
"geodnet","mobility_location",2
"wingbits","mobility_location",2
"flightradar24","mobility_location",2
"karya","mobility_location",0
"airwars","mobility_location",0
"mnemonic","mobility_location",0
"forensic_architecture","mobility_location",0
"atlas_ai","mobility_location",0
"fraym","mobility_location",0
"rs_metrics","mobility_location",0
"yodlee","mobility_location",0
"empatica","mobility_location",0
"sonde_health","mobility_location",0
"origin_wireless","mobility_location",0
"vayyar","mobility_location",0
"bidgely","mobility_location",0
"wildlife_insights","mobility_location",0
"atlan_space","mobility_location",0
"cellebrite","mobility_location",0
"nso_group","mobility_location",0
"candiru","mobility_location",0
"paragon_solutions","mobility_location",0
"kando","mobility_location",0
"beehero","mobility_location",0
"seetree","mobility_location",0
"lean_technologies","mobility_location",0
"ushahidi","mobility_location",0
"sunbird_ai","mobility_location",0
"terragon","mobility_location",0
"zenvus","mobility_location",0
"dataphyte","mobility_location",0
"berci","mobility_location",0
"iford","mobility_location",0
"iki_malawi","mobility_location",0
"jumo","mobility_location",0
"kifiya","mobility_location",0
"omnisient","mobility_location",0
"humangle","mobility_location",0
"timbuktu_institute","mobility_location",0
"ayin_network","mobility_location",0
"sudan_transparency","mobility_location",0
"ipsos","web_content",0
"kantar","web_content",0
"niq","web_content",0
"circana","web_content",0
"gallup","web_content",0
"yougov","web_content",0
"morning_consult","web_content",0
"pew_research","web_content",0
"verian","web_content",0
"ipsos_mori_uk","web_content",0
"savanta","web_content",0
"system1_group","web_content",0
"euromonitor","web_content",0
"mintel","web_content",0
"statista","web_content",0
"m3_global_research","web_content",0
"escalent","web_content",0
"material_plus","web_content",0
"c_space","web_content",0
"hall_and_partners","web_content",0
"appinio","web_content",0
"attest","web_content",0
"zappi","web_content",0
"suzy","web_content",0
"glimpse_ai","web_content",0
"listen_labs","web_content",0
"strella","web_content",0
"outset_ai","web_content",0
"cint","web_content",0
"dynata","web_content",0
"toluna","web_content",0
"bilendi","web_content",0
"norstat","web_content",0
"prolific","web_content",0
"cloudresearch","web_content",0
"purespectrum","web_content",0
"innovate_mr","web_content",0
"prodege","web_content",0
"disqo","web_content",1
"rakuten_insight","web_content",0
"borderless_access","web_content",0
"milieu_insight","web_content",0
"respondent_io","web_content",0
"qualtrics","web_content",0
"surveymonkey","web_content",0
"alchemer","web_content",0
"forsta","web_content",0
"sawtooth_software","web_content",0
"surveycto","web_content",0
"kobotoolbox","web_content",0
"odk","web_content",0
"commcare_dimagi","web_content",0
"ona","web_content",0
"mwater","web_content",0
"redcap","web_content",0
"gorilla_sc","web_content",0
"credamo","web_content",0
"wenjuanxing","web_content",0
"one_to_one_tunisia","web_content",0
"sigma_conseil","web_content",0
"emrhod_consulting","web_content",0
"elka_consulting","web_content",0
"bjka_consulting","web_content",0
"lms_csa_maroc","web_content",0
"baseera_egypt","web_content",0
"pcpsr","web_content",0
"awrad","web_content",0
"nama_strategic","web_content",0
"css_jordan","web_content",0
"iiacss","web_content",0
"parc_dubai","web_content",0
"ispa_iran","web_content",0
"gamaan","web_content",0
"konda","web_content",0
"metropoll","web_content",0
"areda_survey","web_content",0
"midgam_israel","web_content",0
"ipanel_israel","web_content",0
"arab_barometer","web_content",0
"afrobarometer","web_content",0
"cdd_ghana","web_content",0
"ijr_south_africa","web_content",0
"ids_nairobi","web_content",0
"ireg_benin","web_content",0
"infotrak","web_content",0
"tifa_research","web_content",0
"consumer_insight_africa","web_content",0
"geopoll","web_content",0
"sagaci_research","web_content",0
"noipolls","web_content",0
"sbm_intelligence","web_content",0
"practical_sampling","web_content",0
"ask_afrika","web_content",0
"plus94_research","web_content",0
"citizen_surveys","web_content",0
"busara_center","web_content",0
"ipa_research","web_content",0
"jpal","web_content",0
"laterite","web_content",0
"sixty_decibels","web_content",0
"lokniti_csds","web_content",0
"cvoter","web_content",0
"axis_my_india","web_content",0
"hansa_research","web_content",0
"q_and_q_research","web_content",0
"outline_india","web_content",0
"gallup_pakistan","web_content",0
"lsi_indonesia","web_content",0
"smrc_indonesia","web_content",0
"indikator_politik","web_content",0
"sws_philippines","web_content",0
"pulse_asia","web_content",0
"cimigo","web_content",0
"q_and_me","web_content",0
"indochina_research","web_content",0
"deka_research","web_content",0
"macromill","web_content",0
"intage","web_content",0
"nikkei_research","web_content",0
"cross_marketing","web_content",0
"embrain","web_content",0
"hankook_research","web_content",0
"realmeter","web_content",0
"gallup_korea","web_content",0
"horizon_china","web_content",0
"ctr_china","web_content",0
"csm_media","web_content",0
"datafolha","web_content",0
"ipec_brasil","web_content",0
"quaest","web_content",0
"atlasintel","web_content",0
"consulta_mitofsky","web_content",0
"enkoll","web_content",0
"buendia_marquez","web_content",0
"cadem","web_content",0
"invamer","web_content",0
"datexco","web_content",0
"cid_gallup","web_content",0
"poliarquia","web_content",0
"latinobarometro","web_content",0
"lapop","web_content",0
"levada_center","web_content",0
"vciom","web_content",0
"fom_russia","web_content",0
"russian_field","web_content",0
"kiis","web_content",0
"rating_group","web_content",0
"razumkov_centre","web_content",0
"info_sapiens","web_content",0
"gradus_research","web_content",0
"crrc","web_content",0
"act_georgia","web_content",0
"central_asia_barometer","web_content",0
"m_vector","web_content",0
"siar_research","web_content",0
"ipm_belarus","web_content",0
"roy_morgan","web_content",0
"essential_research","web_content",0
"oztam","web_content",0
"barb_uk","web_content",0
"mediametrie","web_content",0
"barc_india","web_content",0
"video_research_jp","web_content",0
"numeris","web_content",0
"scale_ai","web_content",1
"surge_ai","web_content",0
"mercor","web_content",0
"handshake_ai","web_content",0
"micro1","web_content",0
"turing_com","web_content",0
"invisible_tech","web_content",0
"appen","web_content",1
"toloka","web_content",1
"telus_digital_ai","web_content",0
"imerit","web_content",0
"sama","web_content",0
"cloudfactory","web_content",0
"superannotate","web_content",0
"labelbox","web_content",0
"snorkel_ai","web_content",0
"encord","web_content",0
"v7_labs","web_content",0
"kili_technology","web_content",0
"dataloop","web_content",0
"roboflow","web_content",0
"defined_ai","web_content",0
"shaip","web_content",0
"innodata","web_content",0
"transperfect_dataforce","web_content",0
"speechocean","web_content",0
"datatang","web_content",0
"magic_data_tech","web_content",0
"dataannotation_tech","web_content",0
"pareto_ai","web_content",0
"mturk","web_content",0
"clickworker","web_content",2
"premise_data","web_content",0
"streetbees","web_content",0
"roamler","web_content",0
"field_agent","web_content",0
"gigwalk","web_content",0
"glg","web_content",0
"third_bridge","web_content",0
"guidepoint","web_content",0
"alphasense","web_content",1
"dialectica","web_content",0
"bright_data","web_content",2
"oxylabs","web_content",2
"decodo","web_content",2
"zyte","web_content",2
"apify","web_content",2
"firecrawl","web_content",2
"tavily","web_content",2
"diffbot","web_content",2
"common_crawl","web_content",2
"promptcloud","web_content",2
"grepsr","web_content",2
"nimble_data","web_content",2
"coresignal","web_content",1
"acxiom","web_content",0
"experian","web_content",0
"equifax","web_content",0
"transunion","web_content",0
"liveramp","web_content",0
"epsilon","web_content",0
"lexisnexis_risk","web_content",0
"dun_bradstreet","web_content",0
"cotality","web_content",0
"verisk","web_content",0
"crif","web_content",0
"serasa_experian","web_content",0
"spokeo","web_content",0
"safegraph","web_content",0
"placer_ai","web_content",0
"veraset","web_content",0
"unacast","web_content",0
"foursquare","web_content",2
"kochava_collective","web_content",0
"azira","web_content",0
"advan_research","web_content",0
"huq_industries","web_content",0
"predicio","web_content",0
"positium","web_content",0
"teralytics","web_content",0
"orange_flux_vision","web_content",0
"flowminder","web_content",0
"planet_labs","web_content",0
"vantor","web_content",0
"blacksky","web_content",0
"iceye","web_content",0
"satellogic","web_content",0
"capella_space","web_content",0
"umbra_space","web_content",0
"airbus_ds_geo","web_content",0
"spire_global","web_content",0
"ursa_space","web_content",0
"pixxel","web_content",0
"skyfi","web_content",0
"earthdaily","web_content",0
"satvu","web_content",0
"ghgsat","web_content",0
"kayrros","web_content",0
"descartes_labs","web_content",0
"spaceknow","web_content",0
"synspective","web_content",0
"axelspace","web_content",0
"changguang","web_content",0
"twentyone_at","web_content",0
"tomorrow_io","web_content",0
"windborne","web_content",0
"saildrone","web_content",0
"sofar_ocean","web_content",0
"jupiter_intelligence","web_content",0
"first_street","web_content",0
"fathom_global","web_content",0
"jba_risk","web_content",0
"moodys_rms","web_content",0
"mitiga_solutions","web_content",0
"climateai","web_content",0
"descartes_underwriting","web_content",0
"sylvera","web_content",0
"bezero_carbon","web_content",0
"carbon_mapper","web_content",0
"chloris_geospatial","web_content",0
"nielsen","web_content",0
"comscore","web_content",2
"samba_tv","web_content",0
"ispot_tv","web_content",0
"videoamp","web_content",0
"similarweb","web_content",2
"sensor_tower","web_content",2
"yipitdata","web_content",2
"m_science","web_content",0
"consumer_edge","web_content",0
"earnest_analytics","web_content",0
"facteus","web_content",0
"measurable_ai","web_content",0
"plaid","web_content",0
"tink","web_content",0
"kpler","web_content",0
"vortexa","web_content",0
"windward_ai","web_content",0
"panjiva","web_content",0
"importgenius","web_content",0
"iqvia","web_content",0
"komodo_health","web_content",0
"truveta","web_content",0
"healthverity","web_content",0
"tempus_ai","web_content",0
"datavant","web_content",0
"flatiron_health","web_content",0
"trinetx","web_content",0
"picnichealth","web_content",0
"evidation_health","web_content",0
"medidata","web_content",0
"veeva_crossix","web_content",0
"definitive_healthcare","web_content",0
"uk_biobank","web_content",0
"bgi_genomics","web_content",0
"samsara","web_content",0
"geotab","web_content",0
"inrix","web_content",0
"tomtom","web_content",0
"here_technologies","web_content",0
"cambridge_mobile","web_content",0
"arity","web_content",0
"smartcar","web_content",0
"high_mobility","web_content",0
"dataminr","web_content",0
"recorded_future","web_content",2
"meltwater","web_content",1
"brandwatch","web_content",0
"talkwalker","web_content",0
"sprinklr","web_content",0
"graphika","web_content",0
"babel_street","web_content",0
"sayari","web_content",0
"kharon","web_content",0
"janes","web_content",0
"acled","web_content",0
"gdelt","web_content",0
"bellingcat","web_content",0
"newsguard","web_content",0
"zoominfo","web_content",0
"apollo_io","web_content",0
"cognism","web_content",0
"lusha","web_content",0
"people_data_labs","web_content",0
"opencorporates","web_content",0
"moodys_bvd","web_content",0
"pitchbook","web_content",0
"crunchbase","web_content",0
"tracxn","web_content",0
"dealroom","web_content",0
"numerator","web_content",0
"profitero","web_content",2
"dataweave","web_content",2
"intelligence_node","web_content",2
"trax_retail","web_content",0
"dunnhumby","web_content",0
"eightyfour_51","web_content",0
"clearview_ai","web_content",0
"pimeyes","web_content",0
"tools_for_humanity","web_content",0
"yoti","web_content",0
"idemia","web_content",0
"sensetime","web_content",0
"megvii","web_content",0
"hikvision","web_content",0
"arab_advisors","web_content",0
"asdaa_bcw","web_content",0
"insight_discovery","web_content",0
"ventures_middle_east","web_content",0
"space42","web_content",0
"presight_ai","web_content",0
"lucidya","web_content",0
"mozn","web_content",0
"crowd_analyzer","web_content",0
"tarjama","web_content",2
"idsc_egypt","web_content",0
"rada_research","web_content",0
"statistics_lebanon","web_content",0
"information_international","web_content",0
"scpr_syria","web_content",0
"yemen_polling_center","web_content",0
"diwan_research","web_content",0
"immar_rc","web_content",0
"sunergia","web_content",0
"iranpoll","web_content",0
"turkiye_raporu","web_content",0
"geocartography","web_content",0
"near_east_consulting","web_content",0
"jmcc","web_content",0
"zogby_research","web_content",0
"reach_initiative","web_content",0
"acaps","web_content",0
"afriksurvey","web_content",0
"sagapoll","web_content",0
"dalberg_research","web_content",0
"stears","web_content",0
"datalens_africa","web_content",1
"creditregistry","web_content",0
"indicina","web_content",0
"africa_polling_institute","web_content",0
"global_infoanalytics","web_content",0
"amini","web_content",0
"research_solutions_africa","web_content",0
"msurvey","web_content",0
"echo_mobile","web_content",0
"viamo","web_content",0
"twaweza","web_content",0
"research_world_intl","web_content",0
"charis_uas","web_content",0
"digital_umuganda","web_content",0
"somali_public_agenda","web_content",0
"mpoi_zimbabwe","web_content",0
"social_research_foundation","web_content",0
"eighty20","web_content",0
"lightstone","web_content",0
"lelapa_ai","web_content",0
"masakhane","web_content",0
"awarri","web_content",0
"romir","web_content",0
"mediascope","web_content",2
"ipsos_comcon","web_content",0
"tiburon_research","web_content",0
"anketolog","web_content",0
"sberindex","web_content",0
"yandex_data","web_content",2
"baw_belarus","web_content",0
"bisam","web_content",0
"demoscope_kz","web_content",0
"ijtimoiy_fikr","web_content",0
"questmobile","web_content",2
"analysys_yiguan","web_content",2
"iimedia","web_content",2
"talkingdata","web_content",0
"aurora_mobile","web_content",0
"miaozhen_admaster","web_content",0
"qichacha","web_content",0
"tianyancha","web_content",0
"wind_information","web_content",0
"intron_health","web_content",0
"african_languages_lab","web_content",0
"aflabox","web_content",0
"tolbi","web_content",0
"soko_aerial","web_content",0
"geoinfotech","web_content",0
"helium_health","web_content",0
"pula","web_content",0
"apollo_agriculture","web_content",0
"hello_tractor","web_content",0
"mpharma","web_content",0
"ehealth_africa","web_content",0
"lacuna_fund","web_content",0
"makerere_ai","web_content",0
"cntxt_ai","web_content",0
"arabic_ai","web_content",0
"aydi","web_content",0
"widebot","web_content",0
"mawdoo3","web_content",2
"aaru","web_content",0
"simile","web_content",0
"conveo","web_content",0
"perspective_ai","web_content",0
"theysaid","web_content",0
"versive","web_content",0
"hivemapper","web_content",0
"dimo","web_content",0
"weatherxm","web_content",0
"nova_labs_helium","web_content",0
"safecast","web_content",0
"biobot","web_content",0
"verily","web_content",0
"wastewaterscan","web_content",0
"hawkeye_360","web_content",0
"unseenlabs","web_content",0
"kleos_space","web_content",0
"naturemetrics","web_content",0
"rainforest_connection","web_content",0
"fugro","web_content",0
"clarity_movement","web_content",0
"aclima","web_content",0
"nuview","web_content",0
"orbital_sidekick","web_content",0
"wyvern","web_content",0
"hydrosat","web_content",0
"muon_space","web_content",0
"myriota","web_content",0
"astrocast","web_content",0
"nearmap","web_content",0
"vexcel_imaging","web_content",0
"airqo","web_content",0
"code_for_africa","web_content",0
"aerobotics","web_content",0
"ujuzikilimo","web_content",0
"robocare","web_content",0
"astral_aerial","web_content",0
"earthranger","web_content",0
"falcon_eye_drones","web_content",0
"falcon_3d","web_content",0
"digital_earth_africa","web_content",0
"sansa","web_content",0
"nasrda","web_content",0
"egsa","web_content",0
"kenya_space_agency","web_content",0
"essti","web_content",0
"mbrsc","web_content",0
"tubitak_uzay","web_content",0
"imagesat","web_content",0
"taranis","web_content",0
"agritask","web_content",0
"asterra","web_content",0
"norc","web_content",0
"westat","web_content",0
"rti_international","web_content",0
"mathematica","web_content",0
"abt_global","web_content",0
"ssrs","web_content",0
"icf_international","web_content",0
"quinnipiac_poll","web_content",0
"marist_poll","web_content",0
"monmouth_poll","web_content",0
"siena_research","web_content",0
"emerson_polling","web_content",0
"surveyusa","web_content",0
"prri","web_content",0
"ap_norc","web_content",0
"civiqs","web_content",0
"echelon_insights","web_content",0
"data_for_progress","web_content",0
"cygnal","web_content",0
"leger","web_content",0
"angus_reid_institute","web_content",0
"nanos_research","web_content",0
"ekos_research","web_content",0
"abacus_data","web_content",0
"environics_research","web_content",0
"skywatch","web_content",0
"mda_space","web_content",0
"ecopia_ai","web_content",0
"farmers_edge","web_content",0
"deveron","web_content",0
"semios","web_content",0
"bluedot","web_content",0
"local_logic","web_content",0
"riskthinking_ai","web_content",0
"triton_digital","web_content",0
"descartes_datamyne","web_content",0
"browse_ai","web_content",2
"internet_archive","web_content",2
"exa_ai","web_content",2
"altana","web_content",0
"project44","web_content",0
"fourkites","web_content",0
"clear_secure","web_content",0
"id_me","web_content",0
"socure","web_content",0
"observa","web_content",0
"ookla","web_content",0
"purpleair","web_content",0
"motive","web_content",0
"lytx","web_content",0
"catalina_marketing","web_content",0
"inmar_intelligence","web_content",0
"data_axle","web_content",0
"bombora","web_content",2
"thinknum","web_content",2
"om1","web_content",0
"verana_health","web_content",0
"atropos_health","web_content",0
"aetion","web_content",0
"edison_research","web_content",0
"luminate_data","web_content",0
"flashpoint","web_content",0
"zignal_labs","web_content",0
"albedo","web_content",0
"centaur_labs","web_content",0
"fulcrum_app","web_content",0
"rep_data","web_content",0
"understanding_america","web_content",0
"forsa","web_content",0
"infratest_dimap","web_content",0
"allensbach","web_content",0
"civey","web_content",0
"insa_consulere","web_content",0
"infas","web_content",0
"gesis","web_content",0
"soep_diw","web_content",0
"ororatech","web_content",0
"liveeo","web_content",0
"constellr","web_content",0
"limesurvey","web_content",0
"agf_videoforschung","web_content",0
"ifop","web_content",0
"opinionway","web_content",0
"bva_xsight","web_content",0
"elabe","web_content",0
"odoxa","web_content",0
"csa_research","web_content",0
"credoc","web_content",0
"scrapingbee","web_content",2
"shippeo","web_content",0
"owkin","web_content",0
"doxa","web_content",0
"swg_italia","web_content",0
"cerved","web_content",0
"auditel_italia","web_content",0
"e_geos","web_content",0
"planetek_italia","web_content",0
"sigma_dos","web_content",0
"gad3","web_content",0
"metroscopia","web_content",0
"cuarenta_db","web_content",0
"kido_dynamics","web_content",0
"deimos_imaging","web_content",0
"marktest","web_content",0
"intercampus","web_content",0
"metron_analysis","web_content",0
"kapa_research","web_content",0
"marinetraffic","web_content",0
"kieskompas","web_content",0
"io_research","web_content",0
"motivaction","web_content",0
"nipo_nfield","web_content",0
"lifelines","web_content",0
"ivox","web_content",0
"sora_institute","web_content",0
"gfs_bern","web_content",0
"sotomo","web_content",0
"link_institut","web_content",0
"red_c","web_content",0
"epinion","web_content",0
"voxmeter","web_content",0
"novus","web_content",0
"taloustutkimus","web_content",0
"finngen","web_content",0
"decode_genetics","web_content",0
"signicat","web_content",0
"natcen","web_content",0
"understanding_society","web_content",0
"uk_data_service","web_content",0
"opinium","web_content",0
"survation","web_content",0
"deltapoll","web_content",0
"focaldata","web_content",0
"jl_partners","web_content",0
"more_in_common","web_content",0
"bmg_research","web_content",0
"signal_ai","web_content",0
"rezatec","web_content",0
"open_cosmos","web_content",0
"iproov","web_content",0
"truelayer","web_content",0
"yapily","web_content",0
"our_future_health","web_content",0
"lifebit","web_content",0
"ovilongwa","web_content",0
"star_awards_bwa","web_content",0
"igd_burkina","web_content",0
"gradis_burundi","web_content",0
"afrosondagem","web_content",0
"cible_cameroun","web_content",0
"laereag_tchad","web_content",0
"avenir_nepad_congo","web_content",0
"cofinco_comores","web_content",0
"zechlab","web_content",0
"qa_strategic_swz","web_content",0
"abcon_ethiopia","web_content",0
"cergep_gabon","web_content",0
"stat_view_guinea","web_content",0
"igpad_guinea_bissau","web_content",0
"advision_lesotho","web_content",0
"cdg_liberia","web_content",0
"coef_resources","web_content",0
"csr_malawi","web_content",0
"great_mali","web_content",0
"sista_consult","web_content",0
"straconsult_mus","web_content",0
"gsc_morocco","web_content",0
"cs_research_moz","web_content",0
"survey_warehouse","web_content",0
"lasdel_niger","web_content",0
"cres_senegal","web_content",0
"igr_sierra_leone","web_content",0
"sudan_polling_center","web_content",0
"repoa_tanzania","web_content",0
"crpd_gambia","web_content",0
"crop_togo","web_content",0
"hatchile_uganda","web_content",0
"cesor_zambia","web_content",0
"smile_identity","web_content",0
"zindi","web_content",0
"kartoza","web_content",0
"geoterraimage","web_content",0
"spatial_collective","web_content",0
"ramani_huria","web_content",0
"farmerline","web_content",0
"esoko","web_content",0
"sunculture","web_content",0
"thriveagric","web_content",0
"mono_nigeria","web_content",0
"stitch_za","web_content",0
"metropol_kenya","web_content",0
"crc_credit_bureau","web_content",0
"africa_check","web_content",0
"dubawa","web_content",0
"ilara_health","web_content",0
"jacaranda_health","web_content",0
"reelforge","web_content",0
"prembly","web_content",0
"youverify","web_content",0
"data_science_nigeria","web_content",0
"icog_labs","web_content",0
"lesan_ai","web_content",0
"kobo360","web_content",0
"lori_systems","web_content",0
"irsm_algeria","web_content",0
"cread_algeria","web_content",0
"optimar","web_content",0
"orc_arastirma","web_content",0
"avrasya_arastirma","web_content",0
"genar","web_content",0
"yoneylem","web_content",0
"sonar_arastirma","web_content",0
"gezici_arastirma","web_content",0
"mak_danismanlik","web_content",0
"piar_arastirma","web_content",0
"insider_tr","web_content",2
"acrps_doha","web_content",0
"sesri_qatar","web_content",0
"qcri","web_content",1
"sdaia","web_content",0
"elm_saudi","web_content",0
"saudi_space_agency","web_content",0
"simah","web_content",0
"derasat","web_content",0
"cri_lebanon","web_content",0
"infopro_lebanon","web_content",0
"albayan_iraq","web_content",0
"mas_palestine","web_content",0
"altibbi","web_content",0
"maqsam","web_content",0
"el_zanaty","web_content",0
"i_score_egypt","web_content",0
"intella_ai","web_content",0
"marocmetrie","web_content",0
"aarc_international","web_content",0
"chifco","web_content",0
"m42","web_content",0
"aecb","web_content",0
"derq","web_content",0
"israel_democracy_institute","web_content",0
"zencity","web_content",0
"cognyte","web_content",0
"ahri_south_africa","web_content",0
"agincourt_wits","web_content",0
"saprin","web_content",0
"aphrc","web_content",0
"kemri_wellcome","web_content",0
"ifakara_health","web_content",0
"manhica_cisim","web_content",0
"mrc_gambia","web_content",0
"navrongo_hrc","web_content",0
"rakai_health","web_content",0
"malawi_liverpool_wellcome","web_content",0
"cidrz","web_content",0
"kersa_hdss","web_content",0
"nouna_crsn","web_content",0
"apcc","web_content",0
"h3africa","web_content",0
"hsrc","web_content",0
"saldru","web_content",0
"datafirst","web_content",0
"isser_ghana","web_content",0
"eprc_uganda","web_content",0
"esrf_tanzania","web_content",0
"csea_nigeria","web_content",0
"pesacheck","web_content",0
"freshly_ground_insights","web_content",0
"columinate","web_content",0
"persian_cohort","web_content",0
"golestan_cohort","web_content",0
"qatar_biobank","web_content",0
"moroccan_genome","web_content",0
"afristat","web_content",0
"statafric","web_content",0
"afdb_statistics","web_content",0
"sanbi","web_content",0
"africas_talking","web_content",0
"onafriq","web_content",0
"cellulant","web_content",0
"codesria","web_content",0
"aerc","web_content",0
"pasgr","web_content",0
"iss_africa","web_content",0
"nextier_spd","web_content",0
"heritage_institute","web_content",0
"zeparu","web_content",0
"bidpa","web_content",0
"ippr_namibia","web_content",0
"nkafu","web_content",0
"cires_ivoire","web_content",0
"iese_mozambique","web_content",0
"zipar","web_content",0
"riwi","web_content",0
"pricestats","web_content",0
"soundthinking","web_content",0
"alphonso","web_content",0
"opensignal","web_content",0
"nexar","web_content",0
"geodnet","web_content",0
"wingbits","web_content",0
"flightradar24","web_content",0
"karya","web_content",0
"airwars","web_content",0
"mnemonic","web_content",0
"forensic_architecture","web_content",0
"atlas_ai","web_content",0
"fraym","web_content",0
"rs_metrics","web_content",0
"yodlee","web_content",0
"empatica","web_content",0
"sonde_health","web_content",0
"origin_wireless","web_content",0
"vayyar","web_content",0
"bidgely","web_content",0
"wildlife_insights","web_content",0
"atlan_space","web_content",0
"cellebrite","web_content",0
"nso_group","web_content",0
"candiru","web_content",0
"paragon_solutions","web_content",0
"kando","web_content",0
"beehero","web_content",0
"seetree","web_content",0
"lean_technologies","web_content",0
"ushahidi","web_content",0
"sunbird_ai","web_content",0
"terragon","web_content",0
"zenvus","web_content",0
"dataphyte","web_content",0
"berci","web_content",0
"iford","web_content",0
"iki_malawi","web_content",0
"jumo","web_content",0
"kifiya","web_content",0
"omnisient","web_content",0
"humangle","web_content",0
"timbuktu_institute","web_content",0
"ayin_network","web_content",0
"sudan_transparency","web_content",0
"ipsos","social_discourse",0
"kantar","social_discourse",0
"niq","social_discourse",0
"circana","social_discourse",0
"gallup","social_discourse",0
"yougov","social_discourse",0
"morning_consult","social_discourse",0
"pew_research","social_discourse",2
"verian","social_discourse",0
"ipsos_mori_uk","social_discourse",0
"savanta","social_discourse",0
"system1_group","social_discourse",0
"euromonitor","social_discourse",0
"mintel","social_discourse",0
"statista","social_discourse",0
"m3_global_research","social_discourse",0
"escalent","social_discourse",0
"material_plus","social_discourse",0
"c_space","social_discourse",0
"hall_and_partners","social_discourse",0
"appinio","social_discourse",0
"attest","social_discourse",0
"zappi","social_discourse",0
"suzy","social_discourse",0
"glimpse_ai","social_discourse",0
"listen_labs","social_discourse",0
"strella","social_discourse",0
"outset_ai","social_discourse",0
"cint","social_discourse",0
"dynata","social_discourse",0
"toluna","social_discourse",0
"bilendi","social_discourse",0
"norstat","social_discourse",0
"prolific","social_discourse",0
"cloudresearch","social_discourse",0
"purespectrum","social_discourse",0
"innovate_mr","social_discourse",0
"prodege","social_discourse",0
"disqo","social_discourse",0
"rakuten_insight","social_discourse",0
"borderless_access","social_discourse",0
"milieu_insight","social_discourse",0
"respondent_io","social_discourse",0
"qualtrics","social_discourse",0
"surveymonkey","social_discourse",0
"alchemer","social_discourse",0
"forsta","social_discourse",0
"sawtooth_software","social_discourse",0
"surveycto","social_discourse",0
"kobotoolbox","social_discourse",0
"odk","social_discourse",0
"commcare_dimagi","social_discourse",0
"ona","social_discourse",0
"mwater","social_discourse",0
"redcap","social_discourse",0
"gorilla_sc","social_discourse",0
"credamo","social_discourse",0
"wenjuanxing","social_discourse",0
"one_to_one_tunisia","social_discourse",0
"sigma_conseil","social_discourse",0
"emrhod_consulting","social_discourse",0
"elka_consulting","social_discourse",0
"bjka_consulting","social_discourse",0
"lms_csa_maroc","social_discourse",0
"baseera_egypt","social_discourse",0
"pcpsr","social_discourse",0
"awrad","social_discourse",0
"nama_strategic","social_discourse",0
"css_jordan","social_discourse",0
"iiacss","social_discourse",0
"parc_dubai","social_discourse",0
"ispa_iran","social_discourse",0
"gamaan","social_discourse",0
"konda","social_discourse",0
"metropoll","social_discourse",0
"areda_survey","social_discourse",0
"midgam_israel","social_discourse",0
"ipanel_israel","social_discourse",0
"arab_barometer","social_discourse",0
"afrobarometer","social_discourse",0
"cdd_ghana","social_discourse",0
"ijr_south_africa","social_discourse",0
"ids_nairobi","social_discourse",0
"ireg_benin","social_discourse",0
"infotrak","social_discourse",0
"tifa_research","social_discourse",0
"consumer_insight_africa","social_discourse",0
"geopoll","social_discourse",0
"sagaci_research","social_discourse",0
"noipolls","social_discourse",0
"sbm_intelligence","social_discourse",0
"practical_sampling","social_discourse",0
"ask_afrika","social_discourse",0
"plus94_research","social_discourse",0
"citizen_surveys","social_discourse",0
"busara_center","social_discourse",0
"ipa_research","social_discourse",0
"jpal","social_discourse",0
"laterite","social_discourse",0
"sixty_decibels","social_discourse",0
"lokniti_csds","social_discourse",0
"cvoter","social_discourse",0
"axis_my_india","social_discourse",0
"hansa_research","social_discourse",0
"q_and_q_research","social_discourse",0
"outline_india","social_discourse",0
"gallup_pakistan","social_discourse",0
"lsi_indonesia","social_discourse",0
"smrc_indonesia","social_discourse",0
"indikator_politik","social_discourse",0
"sws_philippines","social_discourse",0
"pulse_asia","social_discourse",0
"cimigo","social_discourse",0
"q_and_me","social_discourse",0
"indochina_research","social_discourse",0
"deka_research","social_discourse",0
"macromill","social_discourse",0
"intage","social_discourse",0
"nikkei_research","social_discourse",0
"cross_marketing","social_discourse",0
"embrain","social_discourse",0
"hankook_research","social_discourse",0
"realmeter","social_discourse",0
"gallup_korea","social_discourse",0
"horizon_china","social_discourse",0
"ctr_china","social_discourse",0
"csm_media","social_discourse",0
"datafolha","social_discourse",0
"ipec_brasil","social_discourse",0
"quaest","social_discourse",0
"atlasintel","social_discourse",0
"consulta_mitofsky","social_discourse",0
"enkoll","social_discourse",0
"buendia_marquez","social_discourse",0
"cadem","social_discourse",0
"invamer","social_discourse",0
"datexco","social_discourse",0
"cid_gallup","social_discourse",0
"poliarquia","social_discourse",0
"latinobarometro","social_discourse",0
"lapop","social_discourse",0
"levada_center","social_discourse",0
"vciom","social_discourse",0
"fom_russia","social_discourse",0
"russian_field","social_discourse",0
"kiis","social_discourse",0
"rating_group","social_discourse",0
"razumkov_centre","social_discourse",0
"info_sapiens","social_discourse",0
"gradus_research","social_discourse",0
"crrc","social_discourse",0
"act_georgia","social_discourse",0
"central_asia_barometer","social_discourse",0
"m_vector","social_discourse",0
"siar_research","social_discourse",0
"ipm_belarus","social_discourse",0
"roy_morgan","social_discourse",0
"essential_research","social_discourse",0
"oztam","social_discourse",0
"barb_uk","social_discourse",0
"mediametrie","social_discourse",0
"barc_india","social_discourse",0
"video_research_jp","social_discourse",0
"numeris","social_discourse",0
"scale_ai","social_discourse",0
"surge_ai","social_discourse",0
"mercor","social_discourse",0
"handshake_ai","social_discourse",0
"micro1","social_discourse",0
"turing_com","social_discourse",0
"invisible_tech","social_discourse",0
"appen","social_discourse",0
"toloka","social_discourse",0
"telus_digital_ai","social_discourse",0
"imerit","social_discourse",0
"sama","social_discourse",0
"cloudfactory","social_discourse",0
"superannotate","social_discourse",0
"labelbox","social_discourse",0
"snorkel_ai","social_discourse",0
"encord","social_discourse",0
"v7_labs","social_discourse",0
"kili_technology","social_discourse",0
"dataloop","social_discourse",0
"roboflow","social_discourse",0
"defined_ai","social_discourse",0
"shaip","social_discourse",0
"innodata","social_discourse",0
"transperfect_dataforce","social_discourse",0
"speechocean","social_discourse",0
"datatang","social_discourse",0
"magic_data_tech","social_discourse",0
"dataannotation_tech","social_discourse",0
"pareto_ai","social_discourse",0
"mturk","social_discourse",0
"clickworker","social_discourse",0
"premise_data","social_discourse",0
"streetbees","social_discourse",0
"roamler","social_discourse",0
"field_agent","social_discourse",0
"gigwalk","social_discourse",0
"glg","social_discourse",0
"third_bridge","social_discourse",0
"guidepoint","social_discourse",0
"alphasense","social_discourse",0
"dialectica","social_discourse",0
"bright_data","social_discourse",1
"oxylabs","social_discourse",0
"decodo","social_discourse",0
"zyte","social_discourse",0
"apify","social_discourse",2
"firecrawl","social_discourse",0
"tavily","social_discourse",0
"diffbot","social_discourse",0
"common_crawl","social_discourse",0
"promptcloud","social_discourse",0
"grepsr","social_discourse",0
"nimble_data","social_discourse",0
"coresignal","social_discourse",0
"acxiom","social_discourse",0
"experian","social_discourse",0
"equifax","social_discourse",0
"transunion","social_discourse",0
"liveramp","social_discourse",0
"epsilon","social_discourse",0
"lexisnexis_risk","social_discourse",0
"dun_bradstreet","social_discourse",0
"cotality","social_discourse",0
"verisk","social_discourse",0
"crif","social_discourse",0
"serasa_experian","social_discourse",0
"spokeo","social_discourse",0
"safegraph","social_discourse",0
"placer_ai","social_discourse",0
"veraset","social_discourse",0
"unacast","social_discourse",0
"foursquare","social_discourse",0
"kochava_collective","social_discourse",0
"azira","social_discourse",0
"advan_research","social_discourse",0
"huq_industries","social_discourse",0
"predicio","social_discourse",0
"positium","social_discourse",0
"teralytics","social_discourse",0
"orange_flux_vision","social_discourse",0
"flowminder","social_discourse",0
"planet_labs","social_discourse",0
"vantor","social_discourse",0
"blacksky","social_discourse",0
"iceye","social_discourse",0
"satellogic","social_discourse",0
"capella_space","social_discourse",0
"umbra_space","social_discourse",0
"airbus_ds_geo","social_discourse",0
"spire_global","social_discourse",0
"ursa_space","social_discourse",0
"pixxel","social_discourse",0
"skyfi","social_discourse",0
"earthdaily","social_discourse",0
"satvu","social_discourse",0
"ghgsat","social_discourse",0
"kayrros","social_discourse",0
"descartes_labs","social_discourse",0
"spaceknow","social_discourse",0
"synspective","social_discourse",0
"axelspace","social_discourse",0
"changguang","social_discourse",0
"twentyone_at","social_discourse",0
"tomorrow_io","social_discourse",0
"windborne","social_discourse",0
"saildrone","social_discourse",0
"sofar_ocean","social_discourse",0
"jupiter_intelligence","social_discourse",0
"first_street","social_discourse",0
"fathom_global","social_discourse",0
"jba_risk","social_discourse",0
"moodys_rms","social_discourse",0
"mitiga_solutions","social_discourse",0
"climateai","social_discourse",0
"descartes_underwriting","social_discourse",0
"sylvera","social_discourse",0
"bezero_carbon","social_discourse",0
"carbon_mapper","social_discourse",0
"chloris_geospatial","social_discourse",0
"nielsen","social_discourse",0
"comscore","social_discourse",0
"samba_tv","social_discourse",0
"ispot_tv","social_discourse",0
"videoamp","social_discourse",0
"similarweb","social_discourse",0
"sensor_tower","social_discourse",0
"yipitdata","social_discourse",0
"m_science","social_discourse",0
"consumer_edge","social_discourse",0
"earnest_analytics","social_discourse",0
"facteus","social_discourse",0
"measurable_ai","social_discourse",0
"plaid","social_discourse",0
"tink","social_discourse",0
"kpler","social_discourse",0
"vortexa","social_discourse",0
"windward_ai","social_discourse",0
"panjiva","social_discourse",0
"importgenius","social_discourse",0
"iqvia","social_discourse",0
"komodo_health","social_discourse",0
"truveta","social_discourse",0
"healthverity","social_discourse",0
"tempus_ai","social_discourse",0
"datavant","social_discourse",0
"flatiron_health","social_discourse",0
"trinetx","social_discourse",0
"picnichealth","social_discourse",0
"evidation_health","social_discourse",0
"medidata","social_discourse",0
"veeva_crossix","social_discourse",0
"definitive_healthcare","social_discourse",0
"uk_biobank","social_discourse",0
"bgi_genomics","social_discourse",0
"samsara","social_discourse",0
"geotab","social_discourse",0
"inrix","social_discourse",0
"tomtom","social_discourse",0
"here_technologies","social_discourse",0
"cambridge_mobile","social_discourse",0
"arity","social_discourse",0
"smartcar","social_discourse",0
"high_mobility","social_discourse",0
"dataminr","social_discourse",2
"recorded_future","social_discourse",0
"meltwater","social_discourse",2
"brandwatch","social_discourse",2
"talkwalker","social_discourse",2
"sprinklr","social_discourse",2
"graphika","social_discourse",2
"babel_street","social_discourse",2
"sayari","social_discourse",0
"kharon","social_discourse",0
"janes","social_discourse",0
"acled","social_discourse",0
"gdelt","social_discourse",2
"bellingcat","social_discourse",0
"newsguard","social_discourse",2
"zoominfo","social_discourse",0
"apollo_io","social_discourse",0
"cognism","social_discourse",0
"lusha","social_discourse",0
"people_data_labs","social_discourse",0
"opencorporates","social_discourse",0
"moodys_bvd","social_discourse",0
"pitchbook","social_discourse",0
"crunchbase","social_discourse",0
"tracxn","social_discourse",0
"dealroom","social_discourse",0
"numerator","social_discourse",0
"profitero","social_discourse",0
"dataweave","social_discourse",0
"intelligence_node","social_discourse",0
"trax_retail","social_discourse",0
"dunnhumby","social_discourse",0
"eightyfour_51","social_discourse",0
"clearview_ai","social_discourse",2
"pimeyes","social_discourse",0
"tools_for_humanity","social_discourse",0
"yoti","social_discourse",0
"idemia","social_discourse",0
"sensetime","social_discourse",0
"megvii","social_discourse",0
"hikvision","social_discourse",0
"arab_advisors","social_discourse",0
"asdaa_bcw","social_discourse",0
"insight_discovery","social_discourse",0
"ventures_middle_east","social_discourse",0
"space42","social_discourse",0
"presight_ai","social_discourse",1
"lucidya","social_discourse",2
"mozn","social_discourse",0
"crowd_analyzer","social_discourse",2
"tarjama","social_discourse",0
"idsc_egypt","social_discourse",0
"rada_research","social_discourse",0
"statistics_lebanon","social_discourse",0
"information_international","social_discourse",0
"scpr_syria","social_discourse",0
"yemen_polling_center","social_discourse",0
"diwan_research","social_discourse",0
"immar_rc","social_discourse",0
"sunergia","social_discourse",0
"iranpoll","social_discourse",0
"turkiye_raporu","social_discourse",0
"geocartography","social_discourse",0
"near_east_consulting","social_discourse",0
"jmcc","social_discourse",0
"zogby_research","social_discourse",0
"reach_initiative","social_discourse",0
"acaps","social_discourse",0
"afriksurvey","social_discourse",0
"sagapoll","social_discourse",0
"dalberg_research","social_discourse",0
"stears","social_discourse",0
"datalens_africa","social_discourse",0
"creditregistry","social_discourse",0
"indicina","social_discourse",0
"africa_polling_institute","social_discourse",0
"global_infoanalytics","social_discourse",0
"amini","social_discourse",0
"research_solutions_africa","social_discourse",0
"msurvey","social_discourse",0
"echo_mobile","social_discourse",0
"viamo","social_discourse",0
"twaweza","social_discourse",0
"research_world_intl","social_discourse",0
"charis_uas","social_discourse",0
"digital_umuganda","social_discourse",0
"somali_public_agenda","social_discourse",0
"mpoi_zimbabwe","social_discourse",0
"social_research_foundation","social_discourse",0
"eighty20","social_discourse",0
"lightstone","social_discourse",0
"lelapa_ai","social_discourse",0
"masakhane","social_discourse",0
"awarri","social_discourse",0
"romir","social_discourse",0
"mediascope","social_discourse",0
"ipsos_comcon","social_discourse",0
"tiburon_research","social_discourse",0
"anketolog","social_discourse",0
"sberindex","social_discourse",0
"yandex_data","social_discourse",0
"baw_belarus","social_discourse",0
"bisam","social_discourse",0
"demoscope_kz","social_discourse",0
"ijtimoiy_fikr","social_discourse",0
"questmobile","social_discourse",0
"analysys_yiguan","social_discourse",0
"iimedia","social_discourse",0
"talkingdata","social_discourse",0
"aurora_mobile","social_discourse",0
"miaozhen_admaster","social_discourse",0
"qichacha","social_discourse",0
"tianyancha","social_discourse",0
"wind_information","social_discourse",0
"intron_health","social_discourse",0
"african_languages_lab","social_discourse",1
"aflabox","social_discourse",0
"tolbi","social_discourse",0
"soko_aerial","social_discourse",0
"geoinfotech","social_discourse",0
"helium_health","social_discourse",0
"pula","social_discourse",0
"apollo_agriculture","social_discourse",0
"hello_tractor","social_discourse",0
"mpharma","social_discourse",0
"ehealth_africa","social_discourse",0
"lacuna_fund","social_discourse",0
"makerere_ai","social_discourse",0
"cntxt_ai","social_discourse",1
"arabic_ai","social_discourse",0
"aydi","social_discourse",0
"widebot","social_discourse",2
"mawdoo3","social_discourse",0
"aaru","social_discourse",0
"simile","social_discourse",0
"conveo","social_discourse",0
"perspective_ai","social_discourse",0
"theysaid","social_discourse",0
"versive","social_discourse",0
"hivemapper","social_discourse",0
"dimo","social_discourse",0
"weatherxm","social_discourse",0
"nova_labs_helium","social_discourse",0
"safecast","social_discourse",0
"biobot","social_discourse",0
"verily","social_discourse",0
"wastewaterscan","social_discourse",0
"hawkeye_360","social_discourse",0
"unseenlabs","social_discourse",0
"kleos_space","social_discourse",0
"naturemetrics","social_discourse",0
"rainforest_connection","social_discourse",0
"fugro","social_discourse",0
"clarity_movement","social_discourse",0
"aclima","social_discourse",0
"nuview","social_discourse",0
"orbital_sidekick","social_discourse",0
"wyvern","social_discourse",0
"hydrosat","social_discourse",0
"muon_space","social_discourse",0
"myriota","social_discourse",0
"astrocast","social_discourse",0
"nearmap","social_discourse",0
"vexcel_imaging","social_discourse",0
"airqo","social_discourse",0
"code_for_africa","social_discourse",2
"aerobotics","social_discourse",0
"ujuzikilimo","social_discourse",0
"robocare","social_discourse",0
"astral_aerial","social_discourse",0
"earthranger","social_discourse",0
"falcon_eye_drones","social_discourse",0
"falcon_3d","social_discourse",0
"digital_earth_africa","social_discourse",0
"sansa","social_discourse",0
"nasrda","social_discourse",0
"egsa","social_discourse",0
"kenya_space_agency","social_discourse",0
"essti","social_discourse",0
"mbrsc","social_discourse",0
"tubitak_uzay","social_discourse",0
"imagesat","social_discourse",0
"taranis","social_discourse",0
"agritask","social_discourse",0
"asterra","social_discourse",0
"norc","social_discourse",0
"westat","social_discourse",0
"rti_international","social_discourse",0
"mathematica","social_discourse",0
"abt_global","social_discourse",0
"ssrs","social_discourse",0
"icf_international","social_discourse",0
"quinnipiac_poll","social_discourse",0
"marist_poll","social_discourse",0
"monmouth_poll","social_discourse",0
"siena_research","social_discourse",0
"emerson_polling","social_discourse",0
"surveyusa","social_discourse",0
"prri","social_discourse",0
"ap_norc","social_discourse",0
"civiqs","social_discourse",0
"echelon_insights","social_discourse",0
"data_for_progress","social_discourse",0
"cygnal","social_discourse",0
"leger","social_discourse",0
"angus_reid_institute","social_discourse",0
"nanos_research","social_discourse",0
"ekos_research","social_discourse",0
"abacus_data","social_discourse",0
"environics_research","social_discourse",0
"skywatch","social_discourse",0
"mda_space","social_discourse",0
"ecopia_ai","social_discourse",0
"farmers_edge","social_discourse",0
"deveron","social_discourse",0
"semios","social_discourse",0
"bluedot","social_discourse",2
"local_logic","social_discourse",0
"riskthinking_ai","social_discourse",0
"triton_digital","social_discourse",0
"descartes_datamyne","social_discourse",0
"browse_ai","social_discourse",0
"internet_archive","social_discourse",0
"exa_ai","social_discourse",0
"altana","social_discourse",0
"project44","social_discourse",0
"fourkites","social_discourse",0
"clear_secure","social_discourse",0
"id_me","social_discourse",0
"socure","social_discourse",0
"observa","social_discourse",0
"ookla","social_discourse",0
"purpleair","social_discourse",0
"motive","social_discourse",0
"lytx","social_discourse",0
"catalina_marketing","social_discourse",0
"inmar_intelligence","social_discourse",0
"data_axle","social_discourse",0
"bombora","social_discourse",0
"thinknum","social_discourse",0
"om1","social_discourse",0
"verana_health","social_discourse",0
"atropos_health","social_discourse",0
"aetion","social_discourse",0
"edison_research","social_discourse",0
"luminate_data","social_discourse",0
"flashpoint","social_discourse",2
"zignal_labs","social_discourse",2
"albedo","social_discourse",0
"centaur_labs","social_discourse",0
"fulcrum_app","social_discourse",0
"rep_data","social_discourse",0
"understanding_america","social_discourse",0
"forsa","social_discourse",0
"infratest_dimap","social_discourse",0
"allensbach","social_discourse",0
"civey","social_discourse",0
"insa_consulere","social_discourse",0
"infas","social_discourse",0
"gesis","social_discourse",0
"soep_diw","social_discourse",0
"ororatech","social_discourse",0
"liveeo","social_discourse",0
"constellr","social_discourse",0
"limesurvey","social_discourse",0
"agf_videoforschung","social_discourse",0
"ifop","social_discourse",0
"opinionway","social_discourse",0
"bva_xsight","social_discourse",0
"elabe","social_discourse",0
"odoxa","social_discourse",0
"csa_research","social_discourse",0
"credoc","social_discourse",0
"scrapingbee","social_discourse",0
"shippeo","social_discourse",0
"owkin","social_discourse",0
"doxa","social_discourse",0
"swg_italia","social_discourse",0
"cerved","social_discourse",0
"auditel_italia","social_discourse",0
"e_geos","social_discourse",0
"planetek_italia","social_discourse",0
"sigma_dos","social_discourse",0
"gad3","social_discourse",0
"metroscopia","social_discourse",0
"cuarenta_db","social_discourse",0
"kido_dynamics","social_discourse",0
"deimos_imaging","social_discourse",0
"marktest","social_discourse",0
"intercampus","social_discourse",0
"metron_analysis","social_discourse",0
"kapa_research","social_discourse",0
"marinetraffic","social_discourse",0
"kieskompas","social_discourse",0
"io_research","social_discourse",0
"motivaction","social_discourse",0
"nipo_nfield","social_discourse",0
"lifelines","social_discourse",0
"ivox","social_discourse",0
"sora_institute","social_discourse",0
"gfs_bern","social_discourse",0
"sotomo","social_discourse",0
"link_institut","social_discourse",0
"red_c","social_discourse",0
"epinion","social_discourse",0
"voxmeter","social_discourse",0
"novus","social_discourse",0
"taloustutkimus","social_discourse",0
"finngen","social_discourse",0
"decode_genetics","social_discourse",0
"signicat","social_discourse",0
"natcen","social_discourse",0
"understanding_society","social_discourse",0
"uk_data_service","social_discourse",0
"opinium","social_discourse",0
"survation","social_discourse",0
"deltapoll","social_discourse",0
"focaldata","social_discourse",0
"jl_partners","social_discourse",0
"more_in_common","social_discourse",0
"bmg_research","social_discourse",0
"signal_ai","social_discourse",2
"rezatec","social_discourse",0
"open_cosmos","social_discourse",0
"iproov","social_discourse",0
"truelayer","social_discourse",0
"yapily","social_discourse",0
"our_future_health","social_discourse",0
"lifebit","social_discourse",0
"ovilongwa","social_discourse",0
"star_awards_bwa","social_discourse",0
"igd_burkina","social_discourse",0
"gradis_burundi","social_discourse",0
"afrosondagem","social_discourse",0
"cible_cameroun","social_discourse",0
"laereag_tchad","social_discourse",0
"avenir_nepad_congo","social_discourse",0
"cofinco_comores","social_discourse",0
"zechlab","social_discourse",0
"qa_strategic_swz","social_discourse",0
"abcon_ethiopia","social_discourse",0
"cergep_gabon","social_discourse",0
"stat_view_guinea","social_discourse",0
"igpad_guinea_bissau","social_discourse",0
"advision_lesotho","social_discourse",0
"cdg_liberia","social_discourse",0
"coef_resources","social_discourse",0
"csr_malawi","social_discourse",0
"great_mali","social_discourse",0
"sista_consult","social_discourse",0
"straconsult_mus","social_discourse",0
"gsc_morocco","social_discourse",0
"cs_research_moz","social_discourse",0
"survey_warehouse","social_discourse",0
"lasdel_niger","social_discourse",0
"cres_senegal","social_discourse",0
"igr_sierra_leone","social_discourse",0
"sudan_polling_center","social_discourse",0
"repoa_tanzania","social_discourse",0
"crpd_gambia","social_discourse",0
"crop_togo","social_discourse",0
"hatchile_uganda","social_discourse",0
"cesor_zambia","social_discourse",0
"smile_identity","social_discourse",0
"zindi","social_discourse",0
"kartoza","social_discourse",0
"geoterraimage","social_discourse",0
"spatial_collective","social_discourse",0
"ramani_huria","social_discourse",0
"farmerline","social_discourse",0
"esoko","social_discourse",0
"sunculture","social_discourse",0
"thriveagric","social_discourse",0
"mono_nigeria","social_discourse",0
"stitch_za","social_discourse",0
"metropol_kenya","social_discourse",0
"crc_credit_bureau","social_discourse",0
"africa_check","social_discourse",2
"dubawa","social_discourse",2
"ilara_health","social_discourse",0
"jacaranda_health","social_discourse",0
"reelforge","social_discourse",2
"prembly","social_discourse",0
"youverify","social_discourse",0
"data_science_nigeria","social_discourse",0
"icog_labs","social_discourse",0
"lesan_ai","social_discourse",0
"kobo360","social_discourse",0
"lori_systems","social_discourse",0
"irsm_algeria","social_discourse",0
"cread_algeria","social_discourse",0
"optimar","social_discourse",0
"orc_arastirma","social_discourse",0
"avrasya_arastirma","social_discourse",0
"genar","social_discourse",0
"yoneylem","social_discourse",0
"sonar_arastirma","social_discourse",0
"gezici_arastirma","social_discourse",0
"mak_danismanlik","social_discourse",0
"piar_arastirma","social_discourse",0
"insider_tr","social_discourse",0
"acrps_doha","social_discourse",0
"sesri_qatar","social_discourse",0
"qcri","social_discourse",2
"sdaia","social_discourse",0
"elm_saudi","social_discourse",0
"saudi_space_agency","social_discourse",0
"simah","social_discourse",0
"derasat","social_discourse",0
"cri_lebanon","social_discourse",0
"infopro_lebanon","social_discourse",0
"albayan_iraq","social_discourse",0
"mas_palestine","social_discourse",0
"altibbi","social_discourse",0
"maqsam","social_discourse",0
"el_zanaty","social_discourse",0
"i_score_egypt","social_discourse",0
"intella_ai","social_discourse",0
"marocmetrie","social_discourse",0
"aarc_international","social_discourse",0
"chifco","social_discourse",0
"m42","social_discourse",0
"aecb","social_discourse",0
"derq","social_discourse",0
"israel_democracy_institute","social_discourse",0
"zencity","social_discourse",2
"cognyte","social_discourse",2
"ahri_south_africa","social_discourse",0
"agincourt_wits","social_discourse",0
"saprin","social_discourse",0
"aphrc","social_discourse",0
"kemri_wellcome","social_discourse",0
"ifakara_health","social_discourse",0
"manhica_cisim","social_discourse",0
"mrc_gambia","social_discourse",0
"navrongo_hrc","social_discourse",0
"rakai_health","social_discourse",0
"malawi_liverpool_wellcome","social_discourse",0
"cidrz","social_discourse",0
"kersa_hdss","social_discourse",0
"nouna_crsn","social_discourse",0
"apcc","social_discourse",0
"h3africa","social_discourse",0
"hsrc","social_discourse",0
"saldru","social_discourse",0
"datafirst","social_discourse",0
"isser_ghana","social_discourse",0
"eprc_uganda","social_discourse",0
"esrf_tanzania","social_discourse",0
"csea_nigeria","social_discourse",0
"pesacheck","social_discourse",2
"freshly_ground_insights","social_discourse",0
"columinate","social_discourse",0
"persian_cohort","social_discourse",0
"golestan_cohort","social_discourse",0
"qatar_biobank","social_discourse",0
"moroccan_genome","social_discourse",0
"afristat","social_discourse",0
"statafric","social_discourse",0
"afdb_statistics","social_discourse",0
"sanbi","social_discourse",0
"africas_talking","social_discourse",0
"onafriq","social_discourse",0
"cellulant","social_discourse",0
"codesria","social_discourse",0
"aerc","social_discourse",0
"pasgr","social_discourse",0
"iss_africa","social_discourse",0
"nextier_spd","social_discourse",0
"heritage_institute","social_discourse",0
"zeparu","social_discourse",0
"bidpa","social_discourse",0
"ippr_namibia","social_discourse",0
"nkafu","social_discourse",0
"cires_ivoire","social_discourse",0
"iese_mozambique","social_discourse",0
"zipar","social_discourse",0
"riwi","social_discourse",0
"pricestats","social_discourse",0
"soundthinking","social_discourse",0
"alphonso","social_discourse",0
"opensignal","social_discourse",0
"nexar","social_discourse",0
"geodnet","social_discourse",0
"wingbits","social_discourse",0
"flightradar24","social_discourse",0
"karya","social_discourse",0
"airwars","social_discourse",2
"mnemonic","social_discourse",2
"forensic_architecture","social_discourse",0
"atlas_ai","social_discourse",0
"fraym","social_discourse",0
"rs_metrics","social_discourse",0
"yodlee","social_discourse",0
"empatica","social_discourse",0
"sonde_health","social_discourse",0
"origin_wireless","social_discourse",0
"vayyar","social_discourse",0
"bidgely","social_discourse",0
"wildlife_insights","social_discourse",0
"atlan_space","social_discourse",0
"cellebrite","social_discourse",0
"nso_group","social_discourse",1
"candiru","social_discourse",0
"paragon_solutions","social_discourse",0
"kando","social_discourse",0
"beehero","social_discourse",0
"seetree","social_discourse",0
"lean_technologies","social_discourse",0
"ushahidi","social_discourse",0
"sunbird_ai","social_discourse",1
"terragon","social_discourse",0
"zenvus","social_discourse",0
"dataphyte","social_discourse",0
"berci","social_discourse",0
"iford","social_discourse",0
"iki_malawi","social_discourse",0
"jumo","social_discourse",0
"kifiya","social_discourse",0
"omnisient","social_discourse",0
"humangle","social_discourse",1
"timbuktu_institute","social_discourse",1
"ayin_network","social_discourse",1
"sudan_transparency","social_discourse",0
"ipsos","media_audience",1
"kantar","media_audience",2
"niq","media_audience",0
"circana","media_audience",0
"gallup","media_audience",0
"yougov","media_audience",1
"morning_consult","media_audience",0
"pew_research","media_audience",1
"verian","media_audience",0
"ipsos_mori_uk","media_audience",0
"savanta","media_audience",0
"system1_group","media_audience",2
"euromonitor","media_audience",0
"mintel","media_audience",0
"statista","media_audience",0
"m3_global_research","media_audience",0
"escalent","media_audience",0
"material_plus","media_audience",1
"c_space","media_audience",0
"hall_and_partners","media_audience",2
"appinio","media_audience",0
"attest","media_audience",0
"zappi","media_audience",0
"suzy","media_audience",0
"glimpse_ai","media_audience",0
"listen_labs","media_audience",0
"strella","media_audience",0
"outset_ai","media_audience",0
"cint","media_audience",1
"dynata","media_audience",1
"toluna","media_audience",0
"bilendi","media_audience",0
"norstat","media_audience",0
"prolific","media_audience",0
"cloudresearch","media_audience",0
"purespectrum","media_audience",0
"innovate_mr","media_audience",0
"prodege","media_audience",0
"disqo","media_audience",2
"rakuten_insight","media_audience",0
"borderless_access","media_audience",0
"milieu_insight","media_audience",0
"respondent_io","media_audience",0
"qualtrics","media_audience",0
"surveymonkey","media_audience",0
"alchemer","media_audience",0
"forsta","media_audience",1
"sawtooth_software","media_audience",0
"surveycto","media_audience",0
"kobotoolbox","media_audience",0
"odk","media_audience",0
"commcare_dimagi","media_audience",0
"ona","media_audience",0
"mwater","media_audience",0
"redcap","media_audience",0
"gorilla_sc","media_audience",0
"credamo","media_audience",0
"wenjuanxing","media_audience",0
"one_to_one_tunisia","media_audience",1
"sigma_conseil","media_audience",2
"emrhod_consulting","media_audience",0
"elka_consulting","media_audience",0
"bjka_consulting","media_audience",0
"lms_csa_maroc","media_audience",1
"baseera_egypt","media_audience",0
"pcpsr","media_audience",0
"awrad","media_audience",0
"nama_strategic","media_audience",0
"css_jordan","media_audience",0
"iiacss","media_audience",0
"parc_dubai","media_audience",2
"ispa_iran","media_audience",0
"gamaan","media_audience",0
"konda","media_audience",0
"metropoll","media_audience",0
"areda_survey","media_audience",0
"midgam_israel","media_audience",0
"ipanel_israel","media_audience",0
"arab_barometer","media_audience",0
"afrobarometer","media_audience",0
"cdd_ghana","media_audience",0
"ijr_south_africa","media_audience",0
"ids_nairobi","media_audience",0
"ireg_benin","media_audience",0
"infotrak","media_audience",0
"tifa_research","media_audience",0
"consumer_insight_africa","media_audience",2
"geopoll","media_audience",2
"sagaci_research","media_audience",1
"noipolls","media_audience",0
"sbm_intelligence","media_audience",0
"practical_sampling","media_audience",0
"ask_afrika","media_audience",1
"plus94_research","media_audience",0
"citizen_surveys","media_audience",0
"busara_center","media_audience",0
"ipa_research","media_audience",0
"jpal","media_audience",0
"laterite","media_audience",0
"sixty_decibels","media_audience",0
"lokniti_csds","media_audience",0
"cvoter","media_audience",0
"axis_my_india","media_audience",0
"hansa_research","media_audience",2
"q_and_q_research","media_audience",0
"outline_india","media_audience",0
"gallup_pakistan","media_audience",0
"lsi_indonesia","media_audience",0
"smrc_indonesia","media_audience",0
"indikator_politik","media_audience",0
"sws_philippines","media_audience",0
"pulse_asia","media_audience",0
"cimigo","media_audience",1
"q_and_me","media_audience",0
"indochina_research","media_audience",0
"deka_research","media_audience",1
"macromill","media_audience",1
"intage","media_audience",0
"nikkei_research","media_audience",0
"cross_marketing","media_audience",0
"embrain","media_audience",0
"hankook_research","media_audience",0
"realmeter","media_audience",0
"gallup_korea","media_audience",0
"horizon_china","media_audience",0
"ctr_china","media_audience",2
"csm_media","media_audience",2
"datafolha","media_audience",0
"ipec_brasil","media_audience",2
"quaest","media_audience",0
"atlasintel","media_audience",0
"consulta_mitofsky","media_audience",0
"enkoll","media_audience",0
"buendia_marquez","media_audience",0
"cadem","media_audience",0
"invamer","media_audience",0
"datexco","media_audience",0
"cid_gallup","media_audience",0
"poliarquia","media_audience",0
"latinobarometro","media_audience",0
"lapop","media_audience",0
"levada_center","media_audience",0
"vciom","media_audience",0
"fom_russia","media_audience",0
"russian_field","media_audience",0
"kiis","media_audience",0
"rating_group","media_audience",0
"razumkov_centre","media_audience",0
"info_sapiens","media_audience",0
"gradus_research","media_audience",0
"crrc","media_audience",0
"act_georgia","media_audience",0
"central_asia_barometer","media_audience",0
"m_vector","media_audience",0
"siar_research","media_audience",0
"ipm_belarus","media_audience",0
"roy_morgan","media_audience",1
"essential_research","media_audience",0
"oztam","media_audience",2
"barb_uk","media_audience",2
"mediametrie","media_audience",2
"barc_india","media_audience",2
"video_research_jp","media_audience",2
"numeris","media_audience",2
"scale_ai","media_audience",0
"surge_ai","media_audience",0
"mercor","media_audience",0
"handshake_ai","media_audience",0
"micro1","media_audience",0
"turing_com","media_audience",0
"invisible_tech","media_audience",0
"appen","media_audience",0
"toloka","media_audience",0
"telus_digital_ai","media_audience",0
"imerit","media_audience",0
"sama","media_audience",0
"cloudfactory","media_audience",0
"superannotate","media_audience",0
"labelbox","media_audience",0
"snorkel_ai","media_audience",0
"encord","media_audience",0
"v7_labs","media_audience",0
"kili_technology","media_audience",0
"dataloop","media_audience",0
"roboflow","media_audience",0
"defined_ai","media_audience",0
"shaip","media_audience",0
"innodata","media_audience",0
"transperfect_dataforce","media_audience",0
"speechocean","media_audience",0
"datatang","media_audience",0
"magic_data_tech","media_audience",0
"dataannotation_tech","media_audience",0
"pareto_ai","media_audience",0
"mturk","media_audience",0
"clickworker","media_audience",0
"premise_data","media_audience",0
"streetbees","media_audience",0
"roamler","media_audience",0
"field_agent","media_audience",0
"gigwalk","media_audience",0
"glg","media_audience",0
"third_bridge","media_audience",0
"guidepoint","media_audience",0
"alphasense","media_audience",0
"dialectica","media_audience",0
"bright_data","media_audience",0
"oxylabs","media_audience",0
"decodo","media_audience",0
"zyte","media_audience",0
"apify","media_audience",0
"firecrawl","media_audience",0
"tavily","media_audience",0
"diffbot","media_audience",0
"common_crawl","media_audience",0
"promptcloud","media_audience",0
"grepsr","media_audience",0
"nimble_data","media_audience",0
"coresignal","media_audience",0
"acxiom","media_audience",0
"experian","media_audience",0
"equifax","media_audience",0
"transunion","media_audience",0
"liveramp","media_audience",1
"epsilon","media_audience",0
"lexisnexis_risk","media_audience",0
"dun_bradstreet","media_audience",0
"cotality","media_audience",0
"verisk","media_audience",0
"crif","media_audience",0
"serasa_experian","media_audience",0
"spokeo","media_audience",0
"safegraph","media_audience",0
"placer_ai","media_audience",0
"veraset","media_audience",0
"unacast","media_audience",0
"foursquare","media_audience",0
"kochava_collective","media_audience",0
"azira","media_audience",0
"advan_research","media_audience",0
"huq_industries","media_audience",0
"predicio","media_audience",0
"positium","media_audience",0
"teralytics","media_audience",0
"orange_flux_vision","media_audience",0
"flowminder","media_audience",0
"planet_labs","media_audience",0
"vantor","media_audience",0
"blacksky","media_audience",0
"iceye","media_audience",0
"satellogic","media_audience",0
"capella_space","media_audience",0
"umbra_space","media_audience",0
"airbus_ds_geo","media_audience",0
"spire_global","media_audience",0
"ursa_space","media_audience",0
"pixxel","media_audience",0
"skyfi","media_audience",0
"earthdaily","media_audience",0
"satvu","media_audience",0
"ghgsat","media_audience",0
"kayrros","media_audience",0
"descartes_labs","media_audience",0
"spaceknow","media_audience",0
"synspective","media_audience",0
"axelspace","media_audience",0
"changguang","media_audience",0
"twentyone_at","media_audience",0
"tomorrow_io","media_audience",0
"windborne","media_audience",0
"saildrone","media_audience",0
"sofar_ocean","media_audience",0
"jupiter_intelligence","media_audience",0
"first_street","media_audience",0
"fathom_global","media_audience",0
"jba_risk","media_audience",0
"moodys_rms","media_audience",0
"mitiga_solutions","media_audience",0
"climateai","media_audience",0
"descartes_underwriting","media_audience",0
"sylvera","media_audience",0
"bezero_carbon","media_audience",0
"carbon_mapper","media_audience",0
"chloris_geospatial","media_audience",0
"nielsen","media_audience",2
"comscore","media_audience",2
"samba_tv","media_audience",2
"ispot_tv","media_audience",2
"videoamp","media_audience",2
"similarweb","media_audience",2
"sensor_tower","media_audience",0
"yipitdata","media_audience",0
"m_science","media_audience",0
"consumer_edge","media_audience",0
"earnest_analytics","media_audience",0
"facteus","media_audience",0
"measurable_ai","media_audience",0
"plaid","media_audience",0
"tink","media_audience",0
"kpler","media_audience",0
"vortexa","media_audience",0
"windward_ai","media_audience",0
"panjiva","media_audience",0
"importgenius","media_audience",0
"iqvia","media_audience",0
"komodo_health","media_audience",0
"truveta","media_audience",0
"healthverity","media_audience",0
"tempus_ai","media_audience",0
"datavant","media_audience",0
"flatiron_health","media_audience",0
"trinetx","media_audience",0
"picnichealth","media_audience",0
"evidation_health","media_audience",0
"medidata","media_audience",0
"veeva_crossix","media_audience",2
"definitive_healthcare","media_audience",0
"uk_biobank","media_audience",0
"bgi_genomics","media_audience",0
"samsara","media_audience",0
"geotab","media_audience",0
"inrix","media_audience",0
"tomtom","media_audience",0
"here_technologies","media_audience",0
"cambridge_mobile","media_audience",0
"arity","media_audience",0
"smartcar","media_audience",0
"high_mobility","media_audience",0
"dataminr","media_audience",0
"recorded_future","media_audience",0
"meltwater","media_audience",2
"brandwatch","media_audience",0
"talkwalker","media_audience",2
"sprinklr","media_audience",0
"graphika","media_audience",0
"babel_street","media_audience",0
"sayari","media_audience",0
"kharon","media_audience",0
"janes","media_audience",0
"acled","media_audience",0
"gdelt","media_audience",1
"bellingcat","media_audience",0
"newsguard","media_audience",2
"zoominfo","media_audience",0
"apollo_io","media_audience",0
"cognism","media_audience",0
"lusha","media_audience",0
"people_data_labs","media_audience",0
"opencorporates","media_audience",0
"moodys_bvd","media_audience",0
"pitchbook","media_audience",0
"crunchbase","media_audience",0
"tracxn","media_audience",0
"dealroom","media_audience",0
"numerator","media_audience",0
"profitero","media_audience",0
"dataweave","media_audience",0
"intelligence_node","media_audience",0
"trax_retail","media_audience",0
"dunnhumby","media_audience",0
"eightyfour_51","media_audience",0
"clearview_ai","media_audience",0
"pimeyes","media_audience",0
"tools_for_humanity","media_audience",0
"yoti","media_audience",0
"idemia","media_audience",0
"sensetime","media_audience",0
"megvii","media_audience",0
"hikvision","media_audience",0
"arab_advisors","media_audience",2
"asdaa_bcw","media_audience",0
"insight_discovery","media_audience",0
"ventures_middle_east","media_audience",0
"space42","media_audience",0
"presight_ai","media_audience",0
"lucidya","media_audience",0
"mozn","media_audience",0
"crowd_analyzer","media_audience",0
"tarjama","media_audience",0
"idsc_egypt","media_audience",0
"rada_research","media_audience",1
"statistics_lebanon","media_audience",1
"information_international","media_audience",0
"scpr_syria","media_audience",0
"yemen_polling_center","media_audience",0
"diwan_research","media_audience",0
"immar_rc","media_audience",2
"sunergia","media_audience",0
"iranpoll","media_audience",0
"turkiye_raporu","media_audience",0
"geocartography","media_audience",0
"near_east_consulting","media_audience",0
"jmcc","media_audience",2
"zogby_research","media_audience",0
"reach_initiative","media_audience",0
"acaps","media_audience",0
"afriksurvey","media_audience",0
"sagapoll","media_audience",0
"dalberg_research","media_audience",0
"stears","media_audience",0
"datalens_africa","media_audience",0
"creditregistry","media_audience",0
"indicina","media_audience",0
"africa_polling_institute","media_audience",0
"global_infoanalytics","media_audience",0
"amini","media_audience",0
"research_solutions_africa","media_audience",0
"msurvey","media_audience",0
"echo_mobile","media_audience",0
"viamo","media_audience",0
"twaweza","media_audience",0
"research_world_intl","media_audience",0
"charis_uas","media_audience",0
"digital_umuganda","media_audience",0
"somali_public_agenda","media_audience",0
"mpoi_zimbabwe","media_audience",0
"social_research_foundation","media_audience",0
"eighty20","media_audience",0
"lightstone","media_audience",0
"lelapa_ai","media_audience",0
"masakhane","media_audience",0
"awarri","media_audience",0
"romir","media_audience",1
"mediascope","media_audience",2
"ipsos_comcon","media_audience",2
"tiburon_research","media_audience",0
"anketolog","media_audience",0
"sberindex","media_audience",0
"yandex_data","media_audience",0
"baw_belarus","media_audience",0
"bisam","media_audience",0
"demoscope_kz","media_audience",1
"ijtimoiy_fikr","media_audience",0
"questmobile","media_audience",2
"analysys_yiguan","media_audience",0
"iimedia","media_audience",0
"talkingdata","media_audience",0
"aurora_mobile","media_audience",0
"miaozhen_admaster","media_audience",2
"qichacha","media_audience",0
"tianyancha","media_audience",0
"wind_information","media_audience",0
"intron_health","media_audience",0
"african_languages_lab","media_audience",0
"aflabox","media_audience",0
"tolbi","media_audience",0
"soko_aerial","media_audience",0
"geoinfotech","media_audience",0
"helium_health","media_audience",0
"pula","media_audience",0
"apollo_agriculture","media_audience",0
"hello_tractor","media_audience",0
"mpharma","media_audience",0
"ehealth_africa","media_audience",0
"lacuna_fund","media_audience",0
"makerere_ai","media_audience",0
"cntxt_ai","media_audience",0
"arabic_ai","media_audience",0
"aydi","media_audience",0
"widebot","media_audience",0
"mawdoo3","media_audience",0
"aaru","media_audience",0
"simile","media_audience",0
"conveo","media_audience",0
"perspective_ai","media_audience",0
"theysaid","media_audience",0
"versive","media_audience",0
"hivemapper","media_audience",0
"dimo","media_audience",0
"weatherxm","media_audience",0
"nova_labs_helium","media_audience",0
"safecast","media_audience",0
"biobot","media_audience",0
"verily","media_audience",0
"wastewaterscan","media_audience",0
"hawkeye_360","media_audience",0
"unseenlabs","media_audience",0
"kleos_space","media_audience",0
"naturemetrics","media_audience",0
"rainforest_connection","media_audience",0
"fugro","media_audience",0
"clarity_movement","media_audience",0
"aclima","media_audience",0
"nuview","media_audience",0
"orbital_sidekick","media_audience",0
"wyvern","media_audience",0
"hydrosat","media_audience",0
"muon_space","media_audience",0
"myriota","media_audience",0
"astrocast","media_audience",0
"nearmap","media_audience",0
"vexcel_imaging","media_audience",0
"airqo","media_audience",0
"code_for_africa","media_audience",0
"aerobotics","media_audience",0
"ujuzikilimo","media_audience",0
"robocare","media_audience",0
"astral_aerial","media_audience",0
"earthranger","media_audience",0
"falcon_eye_drones","media_audience",0
"falcon_3d","media_audience",0
"digital_earth_africa","media_audience",0
"sansa","media_audience",0
"nasrda","media_audience",0
"egsa","media_audience",0
"kenya_space_agency","media_audience",0
"essti","media_audience",0
"mbrsc","media_audience",0
"tubitak_uzay","media_audience",0
"imagesat","media_audience",0
"taranis","media_audience",0
"agritask","media_audience",0
"asterra","media_audience",0
"norc","media_audience",0
"westat","media_audience",0
"rti_international","media_audience",0
"mathematica","media_audience",0
"abt_global","media_audience",0
"ssrs","media_audience",1
"icf_international","media_audience",0
"quinnipiac_poll","media_audience",0
"marist_poll","media_audience",0
"monmouth_poll","media_audience",0
"siena_research","media_audience",0
"emerson_polling","media_audience",0
"surveyusa","media_audience",1
"prri","media_audience",0
"ap_norc","media_audience",0
"civiqs","media_audience",0
"echelon_insights","media_audience",0
"data_for_progress","media_audience",0
"cygnal","media_audience",0
"leger","media_audience",1
"angus_reid_institute","media_audience",0
"nanos_research","media_audience",0
"ekos_research","media_audience",0
"abacus_data","media_audience",0
"environics_research","media_audience",0
"skywatch","media_audience",0
"mda_space","media_audience",0
"ecopia_ai","media_audience",0
"farmers_edge","media_audience",0
"deveron","media_audience",0
"semios","media_audience",0
"bluedot","media_audience",0
"local_logic","media_audience",0
"riskthinking_ai","media_audience",0
"triton_digital","media_audience",2
"descartes_datamyne","media_audience",0
"browse_ai","media_audience",0
"internet_archive","media_audience",0
"exa_ai","media_audience",0
"altana","media_audience",0
"project44","media_audience",0
"fourkites","media_audience",0
"clear_secure","media_audience",0
"id_me","media_audience",0
"socure","media_audience",0
"observa","media_audience",0
"ookla","media_audience",0
"purpleair","media_audience",0
"motive","media_audience",0
"lytx","media_audience",0
"catalina_marketing","media_audience",0
"inmar_intelligence","media_audience",0
"data_axle","media_audience",0
"bombora","media_audience",0
"thinknum","media_audience",0
"om1","media_audience",0
"verana_health","media_audience",0
"atropos_health","media_audience",0
"aetion","media_audience",0
"edison_research","media_audience",2
"luminate_data","media_audience",2
"flashpoint","media_audience",0
"zignal_labs","media_audience",2
"albedo","media_audience",0
"centaur_labs","media_audience",0
"fulcrum_app","media_audience",0
"rep_data","media_audience",0
"understanding_america","media_audience",0
"forsa","media_audience",0
"infratest_dimap","media_audience",0
"allensbach","media_audience",0
"civey","media_audience",0
"insa_consulere","media_audience",0
"infas","media_audience",0
"gesis","media_audience",0
"soep_diw","media_audience",0
"ororatech","media_audience",0
"liveeo","media_audience",0
"constellr","media_audience",0
"limesurvey","media_audience",0
"agf_videoforschung","media_audience",2
"ifop","media_audience",0
"opinionway","media_audience",0
"bva_xsight","media_audience",0
"elabe","media_audience",0
"odoxa","media_audience",0
"csa_research","media_audience",0
"credoc","media_audience",0
"scrapingbee","media_audience",0
"shippeo","media_audience",0
"owkin","media_audience",0
"doxa","media_audience",0
"swg_italia","media_audience",0
"cerved","media_audience",0
"auditel_italia","media_audience",2
"e_geos","media_audience",0
"planetek_italia","media_audience",0
"sigma_dos","media_audience",0
"gad3","media_audience",0
"metroscopia","media_audience",0
"cuarenta_db","media_audience",0
"kido_dynamics","media_audience",0
"deimos_imaging","media_audience",0
"marktest","media_audience",2
"intercampus","media_audience",0
"metron_analysis","media_audience",0
"kapa_research","media_audience",0
"marinetraffic","media_audience",0
"kieskompas","media_audience",0
"io_research","media_audience",0
"motivaction","media_audience",0
"nipo_nfield","media_audience",0
"lifelines","media_audience",0
"ivox","media_audience",0
"sora_institute","media_audience",0
"gfs_bern","media_audience",0
"sotomo","media_audience",0
"link_institut","media_audience",1
"red_c","media_audience",0
"epinion","media_audience",0
"voxmeter","media_audience",0
"novus","media_audience",0
"taloustutkimus","media_audience",1
"finngen","media_audience",0
"decode_genetics","media_audience",0
"signicat","media_audience",0
"natcen","media_audience",0
"understanding_society","media_audience",0
"uk_data_service","media_audience",0
"opinium","media_audience",0
"survation","media_audience",0
"deltapoll","media_audience",0
"focaldata","media_audience",0
"jl_partners","media_audience",0
"more_in_common","media_audience",0
"bmg_research","media_audience",0
"signal_ai","media_audience",2
"rezatec","media_audience",0
"open_cosmos","media_audience",0
"iproov","media_audience",0
"truelayer","media_audience",0
"yapily","media_audience",0
"our_future_health","media_audience",0
"lifebit","media_audience",0
"ovilongwa","media_audience",0
"star_awards_bwa","media_audience",0
"igd_burkina","media_audience",0
"gradis_burundi","media_audience",0
"afrosondagem","media_audience",0
"cible_cameroun","media_audience",0
"laereag_tchad","media_audience",0
"avenir_nepad_congo","media_audience",0
"cofinco_comores","media_audience",0
"zechlab","media_audience",0
"qa_strategic_swz","media_audience",0
"abcon_ethiopia","media_audience",0
"cergep_gabon","media_audience",0
"stat_view_guinea","media_audience",0
"igpad_guinea_bissau","media_audience",0
"advision_lesotho","media_audience",0
"cdg_liberia","media_audience",0
"coef_resources","media_audience",0
"csr_malawi","media_audience",0
"great_mali","media_audience",0
"sista_consult","media_audience",0
"straconsult_mus","media_audience",0
"gsc_morocco","media_audience",0
"cs_research_moz","media_audience",0
"survey_warehouse","media_audience",0
"lasdel_niger","media_audience",0
"cres_senegal","media_audience",0
"igr_sierra_leone","media_audience",0
"sudan_polling_center","media_audience",0
"repoa_tanzania","media_audience",0
"crpd_gambia","media_audience",0
"crop_togo","media_audience",0
"hatchile_uganda","media_audience",0
"cesor_zambia","media_audience",0
"smile_identity","media_audience",0
"zindi","media_audience",0
"kartoza","media_audience",0
"geoterraimage","media_audience",0
"spatial_collective","media_audience",0
"ramani_huria","media_audience",0
"farmerline","media_audience",0
"esoko","media_audience",0
"sunculture","media_audience",0
"thriveagric","media_audience",0
"mono_nigeria","media_audience",0
"stitch_za","media_audience",0
"metropol_kenya","media_audience",0
"crc_credit_bureau","media_audience",0
"africa_check","media_audience",0
"dubawa","media_audience",0
"ilara_health","media_audience",0
"jacaranda_health","media_audience",0
"reelforge","media_audience",2
"prembly","media_audience",0
"youverify","media_audience",0
"data_science_nigeria","media_audience",0
"icog_labs","media_audience",0
"lesan_ai","media_audience",0
"kobo360","media_audience",0
"lori_systems","media_audience",0
"irsm_algeria","media_audience",2
"cread_algeria","media_audience",0
"optimar","media_audience",0
"orc_arastirma","media_audience",0
"avrasya_arastirma","media_audience",0
"genar","media_audience",0
"yoneylem","media_audience",0
"sonar_arastirma","media_audience",0
"gezici_arastirma","media_audience",0
"mak_danismanlik","media_audience",0
"piar_arastirma","media_audience",0
"insider_tr","media_audience",0
"acrps_doha","media_audience",0
"sesri_qatar","media_audience",0
"qcri","media_audience",0
"sdaia","media_audience",0
"elm_saudi","media_audience",0
"saudi_space_agency","media_audience",0
"simah","media_audience",0
"derasat","media_audience",0
"cri_lebanon","media_audience",0
"infopro_lebanon","media_audience",0
"albayan_iraq","media_audience",0
"mas_palestine","media_audience",0
"altibbi","media_audience",0
"maqsam","media_audience",0
"el_zanaty","media_audience",0
"i_score_egypt","media_audience",0
"intella_ai","media_audience",0
"marocmetrie","media_audience",2
"aarc_international","media_audience",1
"chifco","media_audience",0
"m42","media_audience",0
"aecb","media_audience",0
"derq","media_audience",0
"israel_democracy_institute","media_audience",0
"zencity","media_audience",0
"cognyte","media_audience",0
"ahri_south_africa","media_audience",0
"agincourt_wits","media_audience",0
"saprin","media_audience",0
"aphrc","media_audience",0
"kemri_wellcome","media_audience",0
"ifakara_health","media_audience",0
"manhica_cisim","media_audience",0
"mrc_gambia","media_audience",0
"navrongo_hrc","media_audience",0
"rakai_health","media_audience",0
"malawi_liverpool_wellcome","media_audience",0
"cidrz","media_audience",0
"kersa_hdss","media_audience",0
"nouna_crsn","media_audience",0
"apcc","media_audience",0
"h3africa","media_audience",0
"hsrc","media_audience",0
"saldru","media_audience",0
"datafirst","media_audience",0
"isser_ghana","media_audience",0
"eprc_uganda","media_audience",0
"esrf_tanzania","media_audience",0
"csea_nigeria","media_audience",0
"pesacheck","media_audience",0
"freshly_ground_insights","media_audience",0
"columinate","media_audience",1
"persian_cohort","media_audience",0
"golestan_cohort","media_audience",0
"qatar_biobank","media_audience",0
"moroccan_genome","media_audience",0
"afristat","media_audience",0
"statafric","media_audience",0
"afdb_statistics","media_audience",0
"sanbi","media_audience",0
"africas_talking","media_audience",0
"onafriq","media_audience",0
"cellulant","media_audience",0
"codesria","media_audience",0
"aerc","media_audience",0
"pasgr","media_audience",0
"iss_africa","media_audience",0
"nextier_spd","media_audience",0
"heritage_institute","media_audience",0
"zeparu","media_audience",0
"bidpa","media_audience",0
"ippr_namibia","media_audience",0
"nkafu","media_audience",0
"cires_ivoire","media_audience",0
"iese_mozambique","media_audience",0
"zipar","media_audience",0
"riwi","media_audience",0
"pricestats","media_audience",0
"soundthinking","media_audience",0
"alphonso","media_audience",2
"opensignal","media_audience",0
"nexar","media_audience",0
"geodnet","media_audience",0
"wingbits","media_audience",0
"flightradar24","media_audience",0
"karya","media_audience",0
"airwars","media_audience",0
"mnemonic","media_audience",0
"forensic_architecture","media_audience",0
"atlas_ai","media_audience",0
"fraym","media_audience",0
"rs_metrics","media_audience",0
"yodlee","media_audience",0
"empatica","media_audience",0
"sonde_health","media_audience",0
"origin_wireless","media_audience",0
"vayyar","media_audience",0
"bidgely","media_audience",0
"wildlife_insights","media_audience",0
"atlan_space","media_audience",0
"cellebrite","media_audience",0
"nso_group","media_audience",0
"candiru","media_audience",0
"paragon_solutions","media_audience",0
"kando","media_audience",0
"beehero","media_audience",0
"seetree","media_audience",0
"lean_technologies","media_audience",0
"ushahidi","media_audience",0
"sunbird_ai","media_audience",0
"terragon","media_audience",1
"zenvus","media_audience",0
"dataphyte","media_audience",0
"berci","media_audience",0
"iford","media_audience",0
"iki_malawi","media_audience",0
"jumo","media_audience",0
"kifiya","media_audience",0
"omnisient","media_audience",0
"humangle","media_audience",0
"timbuktu_institute","media_audience",0
"ayin_network","media_audience",0
"sudan_transparency","media_audience",0
"ipsos","agriculture",0
"kantar","agriculture",0
"niq","agriculture",0
"circana","agriculture",0
"gallup","agriculture",0
"yougov","agriculture",0
"morning_consult","agriculture",0
"pew_research","agriculture",0
"verian","agriculture",0
"ipsos_mori_uk","agriculture",0
"savanta","agriculture",0
"system1_group","agriculture",0
"euromonitor","agriculture",1
"mintel","agriculture",0
"statista","agriculture",0
"m3_global_research","agriculture",0
"escalent","agriculture",0
"material_plus","agriculture",0
"c_space","agriculture",0
"hall_and_partners","agriculture",0
"appinio","agriculture",0
"attest","agriculture",0
"zappi","agriculture",0
"suzy","agriculture",0
"glimpse_ai","agriculture",0
"listen_labs","agriculture",0
"strella","agriculture",0
"outset_ai","agriculture",0
"cint","agriculture",0
"dynata","agriculture",0
"toluna","agriculture",0
"bilendi","agriculture",0
"norstat","agriculture",0
"prolific","agriculture",0
"cloudresearch","agriculture",0
"purespectrum","agriculture",0
"innovate_mr","agriculture",0
"prodege","agriculture",0
"disqo","agriculture",0
"rakuten_insight","agriculture",0
"borderless_access","agriculture",0
"milieu_insight","agriculture",0
"respondent_io","agriculture",0
"qualtrics","agriculture",0
"surveymonkey","agriculture",0
"alchemer","agriculture",0
"forsta","agriculture",0
"sawtooth_software","agriculture",0
"surveycto","agriculture",1
"kobotoolbox","agriculture",1
"odk","agriculture",2
"commcare_dimagi","agriculture",1
"ona","agriculture",2
"mwater","agriculture",0
"redcap","agriculture",0
"gorilla_sc","agriculture",0
"credamo","agriculture",0
"wenjuanxing","agriculture",0
"one_to_one_tunisia","agriculture",0
"sigma_conseil","agriculture",0
"emrhod_consulting","agriculture",0
"elka_consulting","agriculture",0
"bjka_consulting","agriculture",0
"lms_csa_maroc","agriculture",0
"baseera_egypt","agriculture",0
"pcpsr","agriculture",0
"awrad","agriculture",0
"nama_strategic","agriculture",0
"css_jordan","agriculture",0
"iiacss","agriculture",0
"parc_dubai","agriculture",0
"ispa_iran","agriculture",0
"gamaan","agriculture",0
"konda","agriculture",0
"metropoll","agriculture",0
"areda_survey","agriculture",0
"midgam_israel","agriculture",0
"ipanel_israel","agriculture",0
"arab_barometer","agriculture",0
"afrobarometer","agriculture",0
"cdd_ghana","agriculture",0
"ijr_south_africa","agriculture",0
"ids_nairobi","agriculture",0
"ireg_benin","agriculture",0
"infotrak","agriculture",0
"tifa_research","agriculture",0
"consumer_insight_africa","agriculture",0
"geopoll","agriculture",0
"sagaci_research","agriculture",0
"noipolls","agriculture",0
"sbm_intelligence","agriculture",0
"practical_sampling","agriculture",0
"ask_afrika","agriculture",0
"plus94_research","agriculture",0
"citizen_surveys","agriculture",0
"busara_center","agriculture",0
"ipa_research","agriculture",1
"jpal","agriculture",1
"laterite","agriculture",1
"sixty_decibels","agriculture",1
"lokniti_csds","agriculture",0
"cvoter","agriculture",0
"axis_my_india","agriculture",0
"hansa_research","agriculture",0
"q_and_q_research","agriculture",0
"outline_india","agriculture",0
"gallup_pakistan","agriculture",0
"lsi_indonesia","agriculture",0
"smrc_indonesia","agriculture",0
"indikator_politik","agriculture",0
"sws_philippines","agriculture",0
"pulse_asia","agriculture",0
"cimigo","agriculture",0
"q_and_me","agriculture",0
"indochina_research","agriculture",0
"deka_research","agriculture",0
"macromill","agriculture",0
"intage","agriculture",0
"nikkei_research","agriculture",0
"cross_marketing","agriculture",0
"embrain","agriculture",0
"hankook_research","agriculture",0
"realmeter","agriculture",0
"gallup_korea","agriculture",0
"horizon_china","agriculture",0
"ctr_china","agriculture",0
"csm_media","agriculture",0
"datafolha","agriculture",0
"ipec_brasil","agriculture",0
"quaest","agriculture",0
"atlasintel","agriculture",0
"consulta_mitofsky","agriculture",0
"enkoll","agriculture",0
"buendia_marquez","agriculture",0
"cadem","agriculture",0
"invamer","agriculture",0
"datexco","agriculture",0
"cid_gallup","agriculture",0
"poliarquia","agriculture",0
"latinobarometro","agriculture",0
"lapop","agriculture",0
"levada_center","agriculture",0
"vciom","agriculture",0
"fom_russia","agriculture",0
"russian_field","agriculture",0
"kiis","agriculture",0
"rating_group","agriculture",0
"razumkov_centre","agriculture",0
"info_sapiens","agriculture",0
"gradus_research","agriculture",0
"crrc","agriculture",0
"act_georgia","agriculture",0
"central_asia_barometer","agriculture",0
"m_vector","agriculture",0
"siar_research","agriculture",0
"ipm_belarus","agriculture",0
"roy_morgan","agriculture",0
"essential_research","agriculture",0
"oztam","agriculture",0
"barb_uk","agriculture",0
"mediametrie","agriculture",0
"barc_india","agriculture",0
"video_research_jp","agriculture",0
"numeris","agriculture",0
"scale_ai","agriculture",0
"surge_ai","agriculture",0
"mercor","agriculture",0
"handshake_ai","agriculture",0
"micro1","agriculture",0
"turing_com","agriculture",0
"invisible_tech","agriculture",0
"appen","agriculture",0
"toloka","agriculture",0
"telus_digital_ai","agriculture",0
"imerit","agriculture",0
"sama","agriculture",0
"cloudfactory","agriculture",0
"superannotate","agriculture",0
"labelbox","agriculture",0
"snorkel_ai","agriculture",0
"encord","agriculture",0
"v7_labs","agriculture",0
"kili_technology","agriculture",0
"dataloop","agriculture",0
"roboflow","agriculture",0
"defined_ai","agriculture",0
"shaip","agriculture",0
"innodata","agriculture",0
"transperfect_dataforce","agriculture",0
"speechocean","agriculture",0
"datatang","agriculture",0
"magic_data_tech","agriculture",0
"dataannotation_tech","agriculture",0
"pareto_ai","agriculture",0
"mturk","agriculture",0
"clickworker","agriculture",0
"premise_data","agriculture",0
"streetbees","agriculture",0
"roamler","agriculture",0
"field_agent","agriculture",0
"gigwalk","agriculture",0
"glg","agriculture",0
"third_bridge","agriculture",0
"guidepoint","agriculture",0
"alphasense","agriculture",0
"dialectica","agriculture",0
"bright_data","agriculture",0
"oxylabs","agriculture",0
"decodo","agriculture",0
"zyte","agriculture",0
"apify","agriculture",0
"firecrawl","agriculture",0
"tavily","agriculture",0
"diffbot","agriculture",0
"common_crawl","agriculture",0
"promptcloud","agriculture",0
"grepsr","agriculture",0
"nimble_data","agriculture",0
"coresignal","agriculture",0
"acxiom","agriculture",0
"experian","agriculture",0
"equifax","agriculture",0
"transunion","agriculture",0
"liveramp","agriculture",0
"epsilon","agriculture",0
"lexisnexis_risk","agriculture",0
"dun_bradstreet","agriculture",0
"cotality","agriculture",0
"verisk","agriculture",0
"crif","agriculture",0
"serasa_experian","agriculture",0
"spokeo","agriculture",0
"safegraph","agriculture",0
"placer_ai","agriculture",0
"veraset","agriculture",0
"unacast","agriculture",0
"foursquare","agriculture",0
"kochava_collective","agriculture",0
"azira","agriculture",0
"advan_research","agriculture",0
"huq_industries","agriculture",0
"predicio","agriculture",0
"positium","agriculture",0
"teralytics","agriculture",0
"orange_flux_vision","agriculture",0
"flowminder","agriculture",0
"planet_labs","agriculture",2
"vantor","agriculture",0
"blacksky","agriculture",0
"iceye","agriculture",0
"satellogic","agriculture",2
"capella_space","agriculture",0
"umbra_space","agriculture",0
"airbus_ds_geo","agriculture",1
"spire_global","agriculture",0
"ursa_space","agriculture",0
"pixxel","agriculture",2
"skyfi","agriculture",0
"earthdaily","agriculture",2
"satvu","agriculture",0
"ghgsat","agriculture",0
"kayrros","agriculture",1
"descartes_labs","agriculture",2
"spaceknow","agriculture",0
"synspective","agriculture",0
"axelspace","agriculture",2
"changguang","agriculture",2
"twentyone_at","agriculture",1
"tomorrow_io","agriculture",0
"windborne","agriculture",0
"saildrone","agriculture",1
"sofar_ocean","agriculture",0
"jupiter_intelligence","agriculture",0
"first_street","agriculture",0
"fathom_global","agriculture",0
"jba_risk","agriculture",0
"moodys_rms","agriculture",0
"mitiga_solutions","agriculture",0
"climateai","agriculture",2
"descartes_underwriting","agriculture",1
"sylvera","agriculture",1
"bezero_carbon","agriculture",1
"carbon_mapper","agriculture",0
"chloris_geospatial","agriculture",2
"nielsen","agriculture",0
"comscore","agriculture",0
"samba_tv","agriculture",0
"ispot_tv","agriculture",0
"videoamp","agriculture",0
"similarweb","agriculture",0
"sensor_tower","agriculture",0
"yipitdata","agriculture",0
"m_science","agriculture",0
"consumer_edge","agriculture",0
"earnest_analytics","agriculture",0
"facteus","agriculture",0
"measurable_ai","agriculture",0
"plaid","agriculture",0
"tink","agriculture",0
"kpler","agriculture",0
"vortexa","agriculture",0
"windward_ai","agriculture",0
"panjiva","agriculture",0
"importgenius","agriculture",0
"iqvia","agriculture",0
"komodo_health","agriculture",0
"truveta","agriculture",0
"healthverity","agriculture",0
"tempus_ai","agriculture",0
"datavant","agriculture",0
"flatiron_health","agriculture",0
"trinetx","agriculture",0
"picnichealth","agriculture",0
"evidation_health","agriculture",0
"medidata","agriculture",0
"veeva_crossix","agriculture",0
"definitive_healthcare","agriculture",0
"uk_biobank","agriculture",0
"bgi_genomics","agriculture",0
"samsara","agriculture",0
"geotab","agriculture",0
"inrix","agriculture",0
"tomtom","agriculture",0
"here_technologies","agriculture",0
"cambridge_mobile","agriculture",0
"arity","agriculture",0
"smartcar","agriculture",0
"high_mobility","agriculture",0
"dataminr","agriculture",0
"recorded_future","agriculture",0
"meltwater","agriculture",0
"brandwatch","agriculture",0
"talkwalker","agriculture",0
"sprinklr","agriculture",0
"graphika","agriculture",0
"babel_street","agriculture",0
"sayari","agriculture",0
"kharon","agriculture",0
"janes","agriculture",0
"acled","agriculture",0
"gdelt","agriculture",0
"bellingcat","agriculture",0
"newsguard","agriculture",0
"zoominfo","agriculture",0
"apollo_io","agriculture",0
"cognism","agriculture",0
"lusha","agriculture",0
"people_data_labs","agriculture",0
"opencorporates","agriculture",0
"moodys_bvd","agriculture",0
"pitchbook","agriculture",0
"crunchbase","agriculture",0
"tracxn","agriculture",0
"dealroom","agriculture",0
"numerator","agriculture",0
"profitero","agriculture",0
"dataweave","agriculture",0
"intelligence_node","agriculture",0
"trax_retail","agriculture",0
"dunnhumby","agriculture",0
"eightyfour_51","agriculture",0
"clearview_ai","agriculture",0
"pimeyes","agriculture",0
"tools_for_humanity","agriculture",0
"yoti","agriculture",0
"idemia","agriculture",0
"sensetime","agriculture",0
"megvii","agriculture",0
"hikvision","agriculture",0
"arab_advisors","agriculture",0
"asdaa_bcw","agriculture",0
"insight_discovery","agriculture",0
"ventures_middle_east","agriculture",0
"space42","agriculture",0
"presight_ai","agriculture",0
"lucidya","agriculture",0
"mozn","agriculture",0
"crowd_analyzer","agriculture",0
"tarjama","agriculture",0
"idsc_egypt","agriculture",0
"rada_research","agriculture",0
"statistics_lebanon","agriculture",0
"information_international","agriculture",0
"scpr_syria","agriculture",0
"yemen_polling_center","agriculture",0
"diwan_research","agriculture",0
"immar_rc","agriculture",0
"sunergia","agriculture",0
"iranpoll","agriculture",0
"turkiye_raporu","agriculture",0
"geocartography","agriculture",0
"near_east_consulting","agriculture",0
"jmcc","agriculture",0
"zogby_research","agriculture",0
"reach_initiative","agriculture",0
"acaps","agriculture",0
"afriksurvey","agriculture",0
"sagapoll","agriculture",0
"dalberg_research","agriculture",1
"stears","agriculture",0
"datalens_africa","agriculture",0
"creditregistry","agriculture",0
"indicina","agriculture",0
"africa_polling_institute","agriculture",0
"global_infoanalytics","agriculture",0
"amini","agriculture",2
"research_solutions_africa","agriculture",1
"msurvey","agriculture",0
"echo_mobile","agriculture",2
"viamo","agriculture",1
"twaweza","agriculture",0
"research_world_intl","agriculture",0
"charis_uas","agriculture",2
"digital_umuganda","agriculture",0
"somali_public_agenda","agriculture",0
"mpoi_zimbabwe","agriculture",0
"social_research_foundation","agriculture",0
"eighty20","agriculture",0
"lightstone","agriculture",0
"lelapa_ai","agriculture",0
"masakhane","agriculture",0
"awarri","agriculture",0
"romir","agriculture",0
"mediascope","agriculture",0
"ipsos_comcon","agriculture",0
"tiburon_research","agriculture",0
"anketolog","agriculture",0
"sberindex","agriculture",0
"yandex_data","agriculture",0
"baw_belarus","agriculture",0
"bisam","agriculture",0
"demoscope_kz","agriculture",0
"ijtimoiy_fikr","agriculture",0
"questmobile","agriculture",0
"analysys_yiguan","agriculture",0
"iimedia","agriculture",0
"talkingdata","agriculture",0
"aurora_mobile","agriculture",0
"miaozhen_admaster","agriculture",0
"qichacha","agriculture",0
"tianyancha","agriculture",0
"wind_information","agriculture",0
"intron_health","agriculture",0
"african_languages_lab","agriculture",0
"aflabox","agriculture",2
"tolbi","agriculture",2
"soko_aerial","agriculture",2
"geoinfotech","agriculture",1
"helium_health","agriculture",0
"pula","agriculture",2
"apollo_agriculture","agriculture",2
"hello_tractor","agriculture",2
"mpharma","agriculture",0
"ehealth_africa","agriculture",0
"lacuna_fund","agriculture",2
"makerere_ai","agriculture",1
"cntxt_ai","agriculture",0
"arabic_ai","agriculture",0
"aydi","agriculture",2
"widebot","agriculture",0
"mawdoo3","agriculture",0
"aaru","agriculture",0
"simile","agriculture",0
"conveo","agriculture",0
"perspective_ai","agriculture",0
"theysaid","agriculture",0
"versive","agriculture",0
"hivemapper","agriculture",0
"dimo","agriculture",0
"weatherxm","agriculture",1
"nova_labs_helium","agriculture",0
"safecast","agriculture",0
"biobot","agriculture",0
"verily","agriculture",0
"wastewaterscan","agriculture",0
"hawkeye_360","agriculture",0
"unseenlabs","agriculture",0
"kleos_space","agriculture",0
"naturemetrics","agriculture",1
"rainforest_connection","agriculture",0
"fugro","agriculture",0
"clarity_movement","agriculture",0
"aclima","agriculture",0
"nuview","agriculture",0
"orbital_sidekick","agriculture",0
"wyvern","agriculture",2
"hydrosat","agriculture",2
"muon_space","agriculture",1
"myriota","agriculture",2
"astrocast","agriculture",2
"nearmap","agriculture",0
"vexcel_imaging","agriculture",0
"airqo","agriculture",0
"code_for_africa","agriculture",0
"aerobotics","agriculture",2
"ujuzikilimo","agriculture",2
"robocare","agriculture",2
"astral_aerial","agriculture",2
"earthranger","agriculture",0
"falcon_eye_drones","agriculture",1
"falcon_3d","agriculture",0
"digital_earth_africa","agriculture",2
"sansa","agriculture",0
"nasrda","agriculture",2
"egsa","agriculture",2
"kenya_space_agency","agriculture",2
"essti","agriculture",2
"mbrsc","agriculture",0
"tubitak_uzay","agriculture",1
"imagesat","agriculture",0
"taranis","agriculture",2
"agritask","agriculture",2
"asterra","agriculture",0
"norc","agriculture",0
"westat","agriculture",0
"rti_international","agriculture",0
"mathematica","agriculture",0
"abt_global","agriculture",0
"ssrs","agriculture",0
"icf_international","agriculture",0
"quinnipiac_poll","agriculture",0
"marist_poll","agriculture",0
"monmouth_poll","agriculture",0
"siena_research","agriculture",0
"emerson_polling","agriculture",0
"surveyusa","agriculture",0
"prri","agriculture",0
"ap_norc","agriculture",0
"civiqs","agriculture",0
"echelon_insights","agriculture",0
"data_for_progress","agriculture",0
"cygnal","agriculture",0
"leger","agriculture",0
"angus_reid_institute","agriculture",0
"nanos_research","agriculture",0
"ekos_research","agriculture",0
"abacus_data","agriculture",0
"environics_research","agriculture",0
"skywatch","agriculture",0
"mda_space","agriculture",0
"ecopia_ai","agriculture",0
"farmers_edge","agriculture",2
"deveron","agriculture",2
"semios","agriculture",2
"bluedot","agriculture",0
"local_logic","agriculture",0
"riskthinking_ai","agriculture",0
"triton_digital","agriculture",0
"descartes_datamyne","agriculture",0
"browse_ai","agriculture",0
"internet_archive","agriculture",0
"exa_ai","agriculture",0
"altana","agriculture",0
"project44","agriculture",0
"fourkites","agriculture",0
"clear_secure","agriculture",0
"id_me","agriculture",0
"socure","agriculture",0
"observa","agriculture",0
"ookla","agriculture",0
"purpleair","agriculture",0
"motive","agriculture",0
"lytx","agriculture",0
"catalina_marketing","agriculture",0
"inmar_intelligence","agriculture",0
"data_axle","agriculture",0
"bombora","agriculture",0
"thinknum","agriculture",0
"om1","agriculture",0
"verana_health","agriculture",0
"atropos_health","agriculture",0
"aetion","agriculture",0
"edison_research","agriculture",0
"luminate_data","agriculture",0
"flashpoint","agriculture",0
"zignal_labs","agriculture",0
"albedo","agriculture",0
"centaur_labs","agriculture",0
"fulcrum_app","agriculture",0
"rep_data","agriculture",0
"understanding_america","agriculture",0
"forsa","agriculture",0
"infratest_dimap","agriculture",0
"allensbach","agriculture",0
"civey","agriculture",0
"insa_consulere","agriculture",0
"infas","agriculture",0
"gesis","agriculture",0
"soep_diw","agriculture",0
"ororatech","agriculture",0
"liveeo","agriculture",0
"constellr","agriculture",2
"limesurvey","agriculture",0
"agf_videoforschung","agriculture",0
"ifop","agriculture",0
"opinionway","agriculture",0
"bva_xsight","agriculture",0
"elabe","agriculture",0
"odoxa","agriculture",0
"csa_research","agriculture",0
"credoc","agriculture",0
"scrapingbee","agriculture",0
"shippeo","agriculture",0
"owkin","agriculture",0
"doxa","agriculture",0
"swg_italia","agriculture",0
"cerved","agriculture",0
"auditel_italia","agriculture",0
"e_geos","agriculture",0
"planetek_italia","agriculture",0
"sigma_dos","agriculture",0
"gad3","agriculture",0
"metroscopia","agriculture",0
"cuarenta_db","agriculture",0
"kido_dynamics","agriculture",0
"deimos_imaging","agriculture",2
"marktest","agriculture",0
"intercampus","agriculture",0
"metron_analysis","agriculture",0
"kapa_research","agriculture",0
"marinetraffic","agriculture",0
"kieskompas","agriculture",0
"io_research","agriculture",0
"motivaction","agriculture",0
"nipo_nfield","agriculture",0
"lifelines","agriculture",0
"ivox","agriculture",0
"sora_institute","agriculture",0
"gfs_bern","agriculture",0
"sotomo","agriculture",0
"link_institut","agriculture",0
"red_c","agriculture",0
"epinion","agriculture",0
"voxmeter","agriculture",0
"novus","agriculture",0
"taloustutkimus","agriculture",0
"finngen","agriculture",0
"decode_genetics","agriculture",0
"signicat","agriculture",0
"natcen","agriculture",0
"understanding_society","agriculture",0
"uk_data_service","agriculture",0
"opinium","agriculture",0
"survation","agriculture",0
"deltapoll","agriculture",0
"focaldata","agriculture",0
"jl_partners","agriculture",0
"more_in_common","agriculture",0
"bmg_research","agriculture",0
"signal_ai","agriculture",0
"rezatec","agriculture",0
"open_cosmos","agriculture",0
"iproov","agriculture",0
"truelayer","agriculture",0
"yapily","agriculture",0
"our_future_health","agriculture",0
"lifebit","agriculture",0
"ovilongwa","agriculture",0
"star_awards_bwa","agriculture",0
"igd_burkina","agriculture",0
"gradis_burundi","agriculture",0
"afrosondagem","agriculture",0
"cible_cameroun","agriculture",0
"laereag_tchad","agriculture",0
"avenir_nepad_congo","agriculture",0
"cofinco_comores","agriculture",0
"zechlab","agriculture",0
"qa_strategic_swz","agriculture",0
"abcon_ethiopia","agriculture",0
"cergep_gabon","agriculture",0
"stat_view_guinea","agriculture",0
"igpad_guinea_bissau","agriculture",0
"advision_lesotho","agriculture",0
"cdg_liberia","agriculture",0
"coef_resources","agriculture",0
"csr_malawi","agriculture",0
"great_mali","agriculture",0
"sista_consult","agriculture",0
"straconsult_mus","agriculture",0
"gsc_morocco","agriculture",0
"cs_research_moz","agriculture",0
"survey_warehouse","agriculture",0
"lasdel_niger","agriculture",0
"cres_senegal","agriculture",0
"igr_sierra_leone","agriculture",0
"sudan_polling_center","agriculture",0
"repoa_tanzania","agriculture",0
"crpd_gambia","agriculture",0
"crop_togo","agriculture",0
"hatchile_uganda","agriculture",0
"cesor_zambia","agriculture",0
"smile_identity","agriculture",0
"zindi","agriculture",1
"kartoza","agriculture",0
"geoterraimage","agriculture",2
"spatial_collective","agriculture",0
"ramani_huria","agriculture",0
"farmerline","agriculture",2
"esoko","agriculture",2
"sunculture","agriculture",2
"thriveagric","agriculture",2
"mono_nigeria","agriculture",0
"stitch_za","agriculture",0
"metropol_kenya","agriculture",0
"crc_credit_bureau","agriculture",0
"africa_check","agriculture",0
"dubawa","agriculture",0
"ilara_health","agriculture",0
"jacaranda_health","agriculture",0
"reelforge","agriculture",0
"prembly","agriculture",0
"youverify","agriculture",0
"data_science_nigeria","agriculture",0
"icog_labs","agriculture",0
"lesan_ai","agriculture",0
"kobo360","agriculture",0
"lori_systems","agriculture",0
"irsm_algeria","agriculture",0
"cread_algeria","agriculture",0
"optimar","agriculture",0
"orc_arastirma","agriculture",0
"avrasya_arastirma","agriculture",0
"genar","agriculture",0
"yoneylem","agriculture",0
"sonar_arastirma","agriculture",0
"gezici_arastirma","agriculture",0
"mak_danismanlik","agriculture",0
"piar_arastirma","agriculture",0
"insider_tr","agriculture",0
"acrps_doha","agriculture",0
"sesri_qatar","agriculture",0
"qcri","agriculture",0
"sdaia","agriculture",0
"elm_saudi","agriculture",0
"saudi_space_agency","agriculture",0
"simah","agriculture",0
"derasat","agriculture",0
"cri_lebanon","agriculture",0
"infopro_lebanon","agriculture",0
"albayan_iraq","agriculture",0
"mas_palestine","agriculture",0
"altibbi","agriculture",0
"maqsam","agriculture",0
"el_zanaty","agriculture",0
"i_score_egypt","agriculture",0
"intella_ai","agriculture",0
"marocmetrie","agriculture",0
"aarc_international","agriculture",0
"chifco","agriculture",0
"m42","agriculture",0
"aecb","agriculture",0
"derq","agriculture",0
"israel_democracy_institute","agriculture",0
"zencity","agriculture",0
"cognyte","agriculture",0
"ahri_south_africa","agriculture",0
"agincourt_wits","agriculture",0
"saprin","agriculture",0
"aphrc","agriculture",0
"kemri_wellcome","agriculture",0
"ifakara_health","agriculture",0
"manhica_cisim","agriculture",0
"mrc_gambia","agriculture",0
"navrongo_hrc","agriculture",0
"rakai_health","agriculture",0
"malawi_liverpool_wellcome","agriculture",0
"cidrz","agriculture",0
"kersa_hdss","agriculture",0
"nouna_crsn","agriculture",0
"apcc","agriculture",0
"h3africa","agriculture",0
"hsrc","agriculture",0
"saldru","agriculture",0
"datafirst","agriculture",0
"isser_ghana","agriculture",0
"eprc_uganda","agriculture",0
"esrf_tanzania","agriculture",0
"csea_nigeria","agriculture",0
"pesacheck","agriculture",0
"freshly_ground_insights","agriculture",0
"columinate","agriculture",0
"persian_cohort","agriculture",0
"golestan_cohort","agriculture",0
"qatar_biobank","agriculture",0
"moroccan_genome","agriculture",0
"afristat","agriculture",0
"statafric","agriculture",0
"afdb_statistics","agriculture",0
"sanbi","agriculture",0
"africas_talking","agriculture",0
"onafriq","agriculture",0
"cellulant","agriculture",1
"codesria","agriculture",0
"aerc","agriculture",0
"pasgr","agriculture",0
"iss_africa","agriculture",0
"nextier_spd","agriculture",0
"heritage_institute","agriculture",0
"zeparu","agriculture",0
"bidpa","agriculture",0
"ippr_namibia","agriculture",0
"nkafu","agriculture",0
"cires_ivoire","agriculture",0
"iese_mozambique","agriculture",0
"zipar","agriculture",0
"riwi","agriculture",0
"pricestats","agriculture",0
"soundthinking","agriculture",0
"alphonso","agriculture",0
"opensignal","agriculture",0
"nexar","agriculture",0
"geodnet","agriculture",0
"wingbits","agriculture",0
"flightradar24","agriculture",0
"karya","agriculture",0
"airwars","agriculture",0
"mnemonic","agriculture",0
"forensic_architecture","agriculture",0
"atlas_ai","agriculture",2
"fraym","agriculture",0
"rs_metrics","agriculture",0
"yodlee","agriculture",0
"empatica","agriculture",0
"sonde_health","agriculture",0
"origin_wireless","agriculture",0
"vayyar","agriculture",0
"bidgely","agriculture",0
"wildlife_insights","agriculture",0
"atlan_space","agriculture",0
"cellebrite","agriculture",0
"nso_group","agriculture",0
"candiru","agriculture",0
"paragon_solutions","agriculture",0
"kando","agriculture",0
"beehero","agriculture",2
"seetree","agriculture",2
"lean_technologies","agriculture",0
"ushahidi","agriculture",0
"sunbird_ai","agriculture",0
"terragon","agriculture",0
"zenvus","agriculture",2
"dataphyte","agriculture",0
"berci","agriculture",0
"iford","agriculture",0
"iki_malawi","agriculture",0
"jumo","agriculture",0
"kifiya","agriculture",1
"omnisient","agriculture",0
"humangle","agriculture",0
"timbuktu_institute","agriculture",0
"ayin_network","agriculture",0
"sudan_transparency","agriculture",0
"ipsos","energy_extractives",0
"kantar","energy_extractives",0
"niq","energy_extractives",0
"circana","energy_extractives",0
"gallup","energy_extractives",0
"yougov","energy_extractives",0
"morning_consult","energy_extractives",0
"pew_research","energy_extractives",0
"verian","energy_extractives",0
"ipsos_mori_uk","energy_extractives",0
"savanta","energy_extractives",0
"system1_group","energy_extractives",0
"euromonitor","energy_extractives",1
"mintel","energy_extractives",0
"statista","energy_extractives",0
"m3_global_research","energy_extractives",0
"escalent","energy_extractives",2
"material_plus","energy_extractives",0
"c_space","energy_extractives",0
"hall_and_partners","energy_extractives",0
"appinio","energy_extractives",0
"attest","energy_extractives",0
"zappi","energy_extractives",0
"suzy","energy_extractives",0
"glimpse_ai","energy_extractives",0
"listen_labs","energy_extractives",0
"strella","energy_extractives",0
"outset_ai","energy_extractives",0
"cint","energy_extractives",0
"dynata","energy_extractives",0
"toluna","energy_extractives",0
"bilendi","energy_extractives",0
"norstat","energy_extractives",0
"prolific","energy_extractives",0
"cloudresearch","energy_extractives",0
"purespectrum","energy_extractives",0
"innovate_mr","energy_extractives",0
"prodege","energy_extractives",0
"disqo","energy_extractives",0
"rakuten_insight","energy_extractives",0
"borderless_access","energy_extractives",0
"milieu_insight","energy_extractives",0
"respondent_io","energy_extractives",0
"qualtrics","energy_extractives",0
"surveymonkey","energy_extractives",0
"alchemer","energy_extractives",0
"forsta","energy_extractives",0
"sawtooth_software","energy_extractives",0
"surveycto","energy_extractives",0
"kobotoolbox","energy_extractives",0
"odk","energy_extractives",0
"commcare_dimagi","energy_extractives",0
"ona","energy_extractives",0
"mwater","energy_extractives",0
"redcap","energy_extractives",0
"gorilla_sc","energy_extractives",0
"credamo","energy_extractives",0
"wenjuanxing","energy_extractives",0
"one_to_one_tunisia","energy_extractives",0
"sigma_conseil","energy_extractives",0
"emrhod_consulting","energy_extractives",0
"elka_consulting","energy_extractives",0
"bjka_consulting","energy_extractives",0
"lms_csa_maroc","energy_extractives",0
"baseera_egypt","energy_extractives",0
"pcpsr","energy_extractives",0
"awrad","energy_extractives",0
"nama_strategic","energy_extractives",0
"css_jordan","energy_extractives",0
"iiacss","energy_extractives",0
"parc_dubai","energy_extractives",0
"ispa_iran","energy_extractives",0
"gamaan","energy_extractives",0
"konda","energy_extractives",0
"metropoll","energy_extractives",0
"areda_survey","energy_extractives",0
"midgam_israel","energy_extractives",0
"ipanel_israel","energy_extractives",0
"arab_barometer","energy_extractives",0
"afrobarometer","energy_extractives",0
"cdd_ghana","energy_extractives",0
"ijr_south_africa","energy_extractives",0
"ids_nairobi","energy_extractives",0
"ireg_benin","energy_extractives",0
"infotrak","energy_extractives",0
"tifa_research","energy_extractives",0
"consumer_insight_africa","energy_extractives",0
"geopoll","energy_extractives",0
"sagaci_research","energy_extractives",0
"noipolls","energy_extractives",0
"sbm_intelligence","energy_extractives",0
"practical_sampling","energy_extractives",0
"ask_afrika","energy_extractives",0
"plus94_research","energy_extractives",0
"citizen_surveys","energy_extractives",0
"busara_center","energy_extractives",0
"ipa_research","energy_extractives",0
"jpal","energy_extractives",0
"laterite","energy_extractives",0
"sixty_decibels","energy_extractives",0
"lokniti_csds","energy_extractives",0
"cvoter","energy_extractives",0
"axis_my_india","energy_extractives",0
"hansa_research","energy_extractives",0
"q_and_q_research","energy_extractives",0
"outline_india","energy_extractives",0
"gallup_pakistan","energy_extractives",0
"lsi_indonesia","energy_extractives",0
"smrc_indonesia","energy_extractives",0
"indikator_politik","energy_extractives",0
"sws_philippines","energy_extractives",0
"pulse_asia","energy_extractives",0
"cimigo","energy_extractives",0
"q_and_me","energy_extractives",0
"indochina_research","energy_extractives",0
"deka_research","energy_extractives",0
"macromill","energy_extractives",0
"intage","energy_extractives",0
"nikkei_research","energy_extractives",0
"cross_marketing","energy_extractives",0
"embrain","energy_extractives",0
"hankook_research","energy_extractives",0
"realmeter","energy_extractives",0
"gallup_korea","energy_extractives",0
"horizon_china","energy_extractives",0
"ctr_china","energy_extractives",0
"csm_media","energy_extractives",0
"datafolha","energy_extractives",0
"ipec_brasil","energy_extractives",0
"quaest","energy_extractives",0
"atlasintel","energy_extractives",0
"consulta_mitofsky","energy_extractives",0
"enkoll","energy_extractives",0
"buendia_marquez","energy_extractives",0
"cadem","energy_extractives",0
"invamer","energy_extractives",0
"datexco","energy_extractives",0
"cid_gallup","energy_extractives",0
"poliarquia","energy_extractives",0
"latinobarometro","energy_extractives",0
"lapop","energy_extractives",0
"levada_center","energy_extractives",0
"vciom","energy_extractives",0
"fom_russia","energy_extractives",0
"russian_field","energy_extractives",0
"kiis","energy_extractives",0
"rating_group","energy_extractives",0
"razumkov_centre","energy_extractives",0
"info_sapiens","energy_extractives",0
"gradus_research","energy_extractives",0
"crrc","energy_extractives",0
"act_georgia","energy_extractives",0
"central_asia_barometer","energy_extractives",0
"m_vector","energy_extractives",0
"siar_research","energy_extractives",0
"ipm_belarus","energy_extractives",0
"roy_morgan","energy_extractives",0
"essential_research","energy_extractives",0
"oztam","energy_extractives",0
"barb_uk","energy_extractives",0
"mediametrie","energy_extractives",0
"barc_india","energy_extractives",0
"video_research_jp","energy_extractives",0
"numeris","energy_extractives",0
"scale_ai","energy_extractives",0
"surge_ai","energy_extractives",0
"mercor","energy_extractives",0
"handshake_ai","energy_extractives",0
"micro1","energy_extractives",0
"turing_com","energy_extractives",0
"invisible_tech","energy_extractives",0
"appen","energy_extractives",0
"toloka","energy_extractives",0
"telus_digital_ai","energy_extractives",0
"imerit","energy_extractives",0
"sama","energy_extractives",0
"cloudfactory","energy_extractives",0
"superannotate","energy_extractives",0
"labelbox","energy_extractives",0
"snorkel_ai","energy_extractives",0
"encord","energy_extractives",0
"v7_labs","energy_extractives",0
"kili_technology","energy_extractives",0
"dataloop","energy_extractives",0
"roboflow","energy_extractives",0
"defined_ai","energy_extractives",0
"shaip","energy_extractives",0
"innodata","energy_extractives",0
"transperfect_dataforce","energy_extractives",0
"speechocean","energy_extractives",0
"datatang","energy_extractives",0
"magic_data_tech","energy_extractives",0
"dataannotation_tech","energy_extractives",0
"pareto_ai","energy_extractives",0
"mturk","energy_extractives",0
"clickworker","energy_extractives",0
"premise_data","energy_extractives",0
"streetbees","energy_extractives",0
"roamler","energy_extractives",0
"field_agent","energy_extractives",0
"gigwalk","energy_extractives",0
"glg","energy_extractives",0
"third_bridge","energy_extractives",0
"guidepoint","energy_extractives",0
"alphasense","energy_extractives",0
"dialectica","energy_extractives",0
"bright_data","energy_extractives",0
"oxylabs","energy_extractives",0
"decodo","energy_extractives",0
"zyte","energy_extractives",0
"apify","energy_extractives",0
"firecrawl","energy_extractives",0
"tavily","energy_extractives",0
"diffbot","energy_extractives",0
"common_crawl","energy_extractives",0
"promptcloud","energy_extractives",0
"grepsr","energy_extractives",0
"nimble_data","energy_extractives",0
"coresignal","energy_extractives",0
"acxiom","energy_extractives",0
"experian","energy_extractives",0
"equifax","energy_extractives",0
"transunion","energy_extractives",0
"liveramp","energy_extractives",0
"epsilon","energy_extractives",0
"lexisnexis_risk","energy_extractives",0
"dun_bradstreet","energy_extractives",0
"cotality","energy_extractives",0
"verisk","energy_extractives",0
"crif","energy_extractives",0
"serasa_experian","energy_extractives",0
"spokeo","energy_extractives",0
"safegraph","energy_extractives",0
"placer_ai","energy_extractives",0
"veraset","energy_extractives",0
"unacast","energy_extractives",0
"foursquare","energy_extractives",0
"kochava_collective","energy_extractives",0
"azira","energy_extractives",0
"advan_research","energy_extractives",0
"huq_industries","energy_extractives",0
"predicio","energy_extractives",0
"positium","energy_extractives",0
"teralytics","energy_extractives",0
"orange_flux_vision","energy_extractives",0
"flowminder","energy_extractives",0
"planet_labs","energy_extractives",0
"vantor","energy_extractives",0
"blacksky","energy_extractives",0
"iceye","energy_extractives",0
"satellogic","energy_extractives",0
"capella_space","energy_extractives",0
"umbra_space","energy_extractives",0
"airbus_ds_geo","energy_extractives",0
"spire_global","energy_extractives",0
"ursa_space","energy_extractives",2
"pixxel","energy_extractives",0
"skyfi","energy_extractives",0
"earthdaily","energy_extractives",0
"satvu","energy_extractives",1
"ghgsat","energy_extractives",2
"kayrros","energy_extractives",2
"descartes_labs","energy_extractives",0
"spaceknow","energy_extractives",2
"synspective","energy_extractives",0
"axelspace","energy_extractives",0
"changguang","energy_extractives",0
"twentyone_at","energy_extractives",0
"tomorrow_io","energy_extractives",0
"windborne","energy_extractives",0
"saildrone","energy_extractives",0
"sofar_ocean","energy_extractives",0
"jupiter_intelligence","energy_extractives",0
"first_street","energy_extractives",0
"fathom_global","energy_extractives",0
"jba_risk","energy_extractives",0
"moodys_rms","energy_extractives",0
"mitiga_solutions","energy_extractives",0
"climateai","energy_extractives",0
"descartes_underwriting","energy_extractives",0
"sylvera","energy_extractives",0
"bezero_carbon","energy_extractives",0
"carbon_mapper","energy_extractives",2
"chloris_geospatial","energy_extractives",0
"nielsen","energy_extractives",0
"comscore","energy_extractives",0
"samba_tv","energy_extractives",0
"ispot_tv","energy_extractives",0
"videoamp","energy_extractives",0
"similarweb","energy_extractives",0
"sensor_tower","energy_extractives",0
"yipitdata","energy_extractives",0
"m_science","energy_extractives",0
"consumer_edge","energy_extractives",0
"earnest_analytics","energy_extractives",0
"facteus","energy_extractives",0
"measurable_ai","energy_extractives",0
"plaid","energy_extractives",0
"tink","energy_extractives",0
"kpler","energy_extractives",2
"vortexa","energy_extractives",2
"windward_ai","energy_extractives",1
"panjiva","energy_extractives",0
"importgenius","energy_extractives",0
"iqvia","energy_extractives",0
"komodo_health","energy_extractives",0
"truveta","energy_extractives",0
"healthverity","energy_extractives",0
"tempus_ai","energy_extractives",0
"datavant","energy_extractives",0
"flatiron_health","energy_extractives",0
"trinetx","energy_extractives",0
"picnichealth","energy_extractives",0
"evidation_health","energy_extractives",0
"medidata","energy_extractives",0
"veeva_crossix","energy_extractives",0
"definitive_healthcare","energy_extractives",0
"uk_biobank","energy_extractives",0
"bgi_genomics","energy_extractives",0
"samsara","energy_extractives",0
"geotab","energy_extractives",0
"inrix","energy_extractives",0
"tomtom","energy_extractives",0
"here_technologies","energy_extractives",0
"cambridge_mobile","energy_extractives",0
"arity","energy_extractives",0
"smartcar","energy_extractives",0
"high_mobility","energy_extractives",0
"dataminr","energy_extractives",0
"recorded_future","energy_extractives",0
"meltwater","energy_extractives",0
"brandwatch","energy_extractives",0
"talkwalker","energy_extractives",0
"sprinklr","energy_extractives",0
"graphika","energy_extractives",0
"babel_street","energy_extractives",0
"sayari","energy_extractives",0
"kharon","energy_extractives",0
"janes","energy_extractives",0
"acled","energy_extractives",0
"gdelt","energy_extractives",0
"bellingcat","energy_extractives",0
"newsguard","energy_extractives",0
"zoominfo","energy_extractives",0
"apollo_io","energy_extractives",0
"cognism","energy_extractives",0
"lusha","energy_extractives",0
"people_data_labs","energy_extractives",0
"opencorporates","energy_extractives",0
"moodys_bvd","energy_extractives",0
"pitchbook","energy_extractives",0
"crunchbase","energy_extractives",0
"tracxn","energy_extractives",0
"dealroom","energy_extractives",0
"numerator","energy_extractives",0
"profitero","energy_extractives",0
"dataweave","energy_extractives",0
"intelligence_node","energy_extractives",0
"trax_retail","energy_extractives",0
"dunnhumby","energy_extractives",0
"eightyfour_51","energy_extractives",0
"clearview_ai","energy_extractives",0
"pimeyes","energy_extractives",0
"tools_for_humanity","energy_extractives",0
"yoti","energy_extractives",0
"idemia","energy_extractives",0
"sensetime","energy_extractives",0
"megvii","energy_extractives",0
"hikvision","energy_extractives",0
"arab_advisors","energy_extractives",0
"asdaa_bcw","energy_extractives",0
"insight_discovery","energy_extractives",0
"ventures_middle_east","energy_extractives",0
"space42","energy_extractives",0
"presight_ai","energy_extractives",0
"lucidya","energy_extractives",0
"mozn","energy_extractives",0
"crowd_analyzer","energy_extractives",0
"tarjama","energy_extractives",0
"idsc_egypt","energy_extractives",0
"rada_research","energy_extractives",0
"statistics_lebanon","energy_extractives",0
"information_international","energy_extractives",0
"scpr_syria","energy_extractives",0
"yemen_polling_center","energy_extractives",0
"diwan_research","energy_extractives",0
"immar_rc","energy_extractives",0
"sunergia","energy_extractives",0
"iranpoll","energy_extractives",0
"turkiye_raporu","energy_extractives",0
"geocartography","energy_extractives",0
"near_east_consulting","energy_extractives",0
"jmcc","energy_extractives",0
"zogby_research","energy_extractives",0
"reach_initiative","energy_extractives",0
"acaps","energy_extractives",0
"afriksurvey","energy_extractives",0
"sagapoll","energy_extractives",0
"dalberg_research","energy_extractives",0
"stears","energy_extractives",1
"datalens_africa","energy_extractives",0
"creditregistry","energy_extractives",0
"indicina","energy_extractives",0
"africa_polling_institute","energy_extractives",0
"global_infoanalytics","energy_extractives",0
"amini","energy_extractives",0
"research_solutions_africa","energy_extractives",0
"msurvey","energy_extractives",0
"echo_mobile","energy_extractives",0
"viamo","energy_extractives",0
"twaweza","energy_extractives",0
"research_world_intl","energy_extractives",0
"charis_uas","energy_extractives",0
"digital_umuganda","energy_extractives",0
"somali_public_agenda","energy_extractives",0
"mpoi_zimbabwe","energy_extractives",0
"social_research_foundation","energy_extractives",0
"eighty20","energy_extractives",0
"lightstone","energy_extractives",0
"lelapa_ai","energy_extractives",0
"masakhane","energy_extractives",0
"awarri","energy_extractives",0
"romir","energy_extractives",0
"mediascope","energy_extractives",0
"ipsos_comcon","energy_extractives",0
"tiburon_research","energy_extractives",0
"anketolog","energy_extractives",0
"sberindex","energy_extractives",0
"yandex_data","energy_extractives",0
"baw_belarus","energy_extractives",0
"bisam","energy_extractives",0
"demoscope_kz","energy_extractives",0
"ijtimoiy_fikr","energy_extractives",0
"questmobile","energy_extractives",0
"analysys_yiguan","energy_extractives",0
"iimedia","energy_extractives",0
"talkingdata","energy_extractives",0
"aurora_mobile","energy_extractives",0
"miaozhen_admaster","energy_extractives",0
"qichacha","energy_extractives",0
"tianyancha","energy_extractives",0
"wind_information","energy_extractives",1
"intron_health","energy_extractives",0
"african_languages_lab","energy_extractives",0
"aflabox","energy_extractives",0
"tolbi","energy_extractives",0
"soko_aerial","energy_extractives",0
"geoinfotech","energy_extractives",0
"helium_health","energy_extractives",0
"pula","energy_extractives",0
"apollo_agriculture","energy_extractives",0
"hello_tractor","energy_extractives",0
"mpharma","energy_extractives",0
"ehealth_africa","energy_extractives",0
"lacuna_fund","energy_extractives",0
"makerere_ai","energy_extractives",0
"cntxt_ai","energy_extractives",0
"arabic_ai","energy_extractives",0
"aydi","energy_extractives",0
"widebot","energy_extractives",0
"mawdoo3","energy_extractives",0
"aaru","energy_extractives",0
"simile","energy_extractives",0
"conveo","energy_extractives",0
"perspective_ai","energy_extractives",0
"theysaid","energy_extractives",0
"versive","energy_extractives",0
"hivemapper","energy_extractives",0
"dimo","energy_extractives",0
"weatherxm","energy_extractives",0
"nova_labs_helium","energy_extractives",0
"safecast","energy_extractives",0
"biobot","energy_extractives",0
"verily","energy_extractives",0
"wastewaterscan","energy_extractives",0
"hawkeye_360","energy_extractives",0
"unseenlabs","energy_extractives",1
"kleos_space","energy_extractives",0
"naturemetrics","energy_extractives",0
"rainforest_connection","energy_extractives",0
"fugro","energy_extractives",1
"clarity_movement","energy_extractives",0
"aclima","energy_extractives",0
"nuview","energy_extractives",0
"orbital_sidekick","energy_extractives",2
"wyvern","energy_extractives",0
"hydrosat","energy_extractives",0
"muon_space","energy_extractives",0
"myriota","energy_extractives",0
"astrocast","energy_extractives",0
"nearmap","energy_extractives",0
"vexcel_imaging","energy_extractives",0
"airqo","energy_extractives",0
"code_for_africa","energy_extractives",0
"aerobotics","energy_extractives",0
"ujuzikilimo","energy_extractives",0
"robocare","energy_extractives",0
"astral_aerial","energy_extractives",0
"earthranger","energy_extractives",0
"falcon_eye_drones","energy_extractives",2
"falcon_3d","energy_extractives",0
"digital_earth_africa","energy_extractives",0
"sansa","energy_extractives",0
"nasrda","energy_extractives",0
"egsa","energy_extractives",0
"kenya_space_agency","energy_extractives",0
"essti","energy_extractives",0
"mbrsc","energy_extractives",0
"tubitak_uzay","energy_extractives",0
"imagesat","energy_extractives",0
"taranis","energy_extractives",0
"agritask","energy_extractives",0
"asterra","energy_extractives",0
"norc","energy_extractives",0
"westat","energy_extractives",0
"rti_international","energy_extractives",0
"mathematica","energy_extractives",0
"abt_global","energy_extractives",0
"ssrs","energy_extractives",0
"icf_international","energy_extractives",1
"quinnipiac_poll","energy_extractives",0
"marist_poll","energy_extractives",0
"monmouth_poll","energy_extractives",0
"siena_research","energy_extractives",0
"emerson_polling","energy_extractives",0
"surveyusa","energy_extractives",0
"prri","energy_extractives",0
"ap_norc","energy_extractives",0
"civiqs","energy_extractives",0
"echelon_insights","energy_extractives",0
"data_for_progress","energy_extractives",0
"cygnal","energy_extractives",0
"leger","energy_extractives",0
"angus_reid_institute","energy_extractives",0
"nanos_research","energy_extractives",0
"ekos_research","energy_extractives",0
"abacus_data","energy_extractives",0
"environics_research","energy_extractives",0
"skywatch","energy_extractives",0
"mda_space","energy_extractives",0
"ecopia_ai","energy_extractives",0
"farmers_edge","energy_extractives",0
"deveron","energy_extractives",0
"semios","energy_extractives",0
"bluedot","energy_extractives",0
"local_logic","energy_extractives",0
"riskthinking_ai","energy_extractives",0
"triton_digital","energy_extractives",0
"descartes_datamyne","energy_extractives",0
"browse_ai","energy_extractives",0
"internet_archive","energy_extractives",0
"exa_ai","energy_extractives",0
"altana","energy_extractives",0
"project44","energy_extractives",0
"fourkites","energy_extractives",0
"clear_secure","energy_extractives",0
"id_me","energy_extractives",0
"socure","energy_extractives",0
"observa","energy_extractives",0
"ookla","energy_extractives",0
"purpleair","energy_extractives",0
"motive","energy_extractives",0
"lytx","energy_extractives",0
"catalina_marketing","energy_extractives",0
"inmar_intelligence","energy_extractives",0
"data_axle","energy_extractives",0
"bombora","energy_extractives",0
"thinknum","energy_extractives",0
"om1","energy_extractives",0
"verana_health","energy_extractives",0
"atropos_health","energy_extractives",0
"aetion","energy_extractives",0
"edison_research","energy_extractives",0
"luminate_data","energy_extractives",0
"flashpoint","energy_extractives",0
"zignal_labs","energy_extractives",0
"albedo","energy_extractives",0
"centaur_labs","energy_extractives",0
"fulcrum_app","energy_extractives",0
"rep_data","energy_extractives",0
"understanding_america","energy_extractives",0
"forsa","energy_extractives",0
"infratest_dimap","energy_extractives",0
"allensbach","energy_extractives",0
"civey","energy_extractives",0
"insa_consulere","energy_extractives",0
"infas","energy_extractives",0
"gesis","energy_extractives",0
"soep_diw","energy_extractives",0
"ororatech","energy_extractives",0
"liveeo","energy_extractives",0
"constellr","energy_extractives",0
"limesurvey","energy_extractives",0
"agf_videoforschung","energy_extractives",0
"ifop","energy_extractives",0
"opinionway","energy_extractives",0
"bva_xsight","energy_extractives",0
"elabe","energy_extractives",0
"odoxa","energy_extractives",0
"csa_research","energy_extractives",0
"credoc","energy_extractives",0
"scrapingbee","energy_extractives",0
"shippeo","energy_extractives",0
"owkin","energy_extractives",0
"doxa","energy_extractives",0
"swg_italia","energy_extractives",0
"cerved","energy_extractives",0
"auditel_italia","energy_extractives",0
"e_geos","energy_extractives",0
"planetek_italia","energy_extractives",0
"sigma_dos","energy_extractives",0
"gad3","energy_extractives",0
"metroscopia","energy_extractives",0
"cuarenta_db","energy_extractives",0
"kido_dynamics","energy_extractives",0
"deimos_imaging","energy_extractives",0
"marktest","energy_extractives",0
"intercampus","energy_extractives",0
"metron_analysis","energy_extractives",0
"kapa_research","energy_extractives",0
"marinetraffic","energy_extractives",0
"kieskompas","energy_extractives",0
"io_research","energy_extractives",0
"motivaction","energy_extractives",0
"nipo_nfield","energy_extractives",0
"lifelines","energy_extractives",0
"ivox","energy_extractives",0
"sora_institute","energy_extractives",0
"gfs_bern","energy_extractives",0
"sotomo","energy_extractives",0
"link_institut","energy_extractives",0
"red_c","energy_extractives",0
"epinion","energy_extractives",0
"voxmeter","energy_extractives",0
"novus","energy_extractives",0
"taloustutkimus","energy_extractives",0
"finngen","energy_extractives",0
"decode_genetics","energy_extractives",0
"signicat","energy_extractives",0
"natcen","energy_extractives",0
"understanding_society","energy_extractives",0
"uk_data_service","energy_extractives",0
"opinium","energy_extractives",0
"survation","energy_extractives",0
"deltapoll","energy_extractives",0
"focaldata","energy_extractives",0
"jl_partners","energy_extractives",0
"more_in_common","energy_extractives",0
"bmg_research","energy_extractives",0
"signal_ai","energy_extractives",0
"rezatec","energy_extractives",0
"open_cosmos","energy_extractives",0
"iproov","energy_extractives",0
"truelayer","energy_extractives",0
"yapily","energy_extractives",0
"our_future_health","energy_extractives",0
"lifebit","energy_extractives",0
"ovilongwa","energy_extractives",0
"star_awards_bwa","energy_extractives",0
"igd_burkina","energy_extractives",0
"gradis_burundi","energy_extractives",0
"afrosondagem","energy_extractives",0
"cible_cameroun","energy_extractives",0
"laereag_tchad","energy_extractives",0
"avenir_nepad_congo","energy_extractives",0
"cofinco_comores","energy_extractives",0
"zechlab","energy_extractives",0
"qa_strategic_swz","energy_extractives",0
"abcon_ethiopia","energy_extractives",0
"cergep_gabon","energy_extractives",0
"stat_view_guinea","energy_extractives",0
"igpad_guinea_bissau","energy_extractives",0
"advision_lesotho","energy_extractives",0
"cdg_liberia","energy_extractives",0
"coef_resources","energy_extractives",0
"csr_malawi","energy_extractives",0
"great_mali","energy_extractives",0
"sista_consult","energy_extractives",0
"straconsult_mus","energy_extractives",0
"gsc_morocco","energy_extractives",0
"cs_research_moz","energy_extractives",0
"survey_warehouse","energy_extractives",0
"lasdel_niger","energy_extractives",0
"cres_senegal","energy_extractives",0
"igr_sierra_leone","energy_extractives",0
"sudan_polling_center","energy_extractives",0
"repoa_tanzania","energy_extractives",0
"crpd_gambia","energy_extractives",0
"crop_togo","energy_extractives",0
"hatchile_uganda","energy_extractives",0
"cesor_zambia","energy_extractives",0
"smile_identity","energy_extractives",0
"zindi","energy_extractives",0
"kartoza","energy_extractives",0
"geoterraimage","energy_extractives",0
"spatial_collective","energy_extractives",0
"ramani_huria","energy_extractives",0
"farmerline","energy_extractives",0
"esoko","energy_extractives",0
"sunculture","energy_extractives",1
"thriveagric","energy_extractives",0
"mono_nigeria","energy_extractives",0
"stitch_za","energy_extractives",0
"metropol_kenya","energy_extractives",0
"crc_credit_bureau","energy_extractives",0
"africa_check","energy_extractives",0
"dubawa","energy_extractives",0
"ilara_health","energy_extractives",0
"jacaranda_health","energy_extractives",0
"reelforge","energy_extractives",0
"prembly","energy_extractives",0
"youverify","energy_extractives",0
"data_science_nigeria","energy_extractives",0
"icog_labs","energy_extractives",0
"lesan_ai","energy_extractives",0
"kobo360","energy_extractives",0
"lori_systems","energy_extractives",0
"irsm_algeria","energy_extractives",0
"cread_algeria","energy_extractives",0
"optimar","energy_extractives",0
"orc_arastirma","energy_extractives",0
"avrasya_arastirma","energy_extractives",0
"genar","energy_extractives",0
"yoneylem","energy_extractives",0
"sonar_arastirma","energy_extractives",0
"gezici_arastirma","energy_extractives",0
"mak_danismanlik","energy_extractives",0
"piar_arastirma","energy_extractives",0
"insider_tr","energy_extractives",0
"acrps_doha","energy_extractives",0
"sesri_qatar","energy_extractives",0
"qcri","energy_extractives",0
"sdaia","energy_extractives",0
"elm_saudi","energy_extractives",0
"saudi_space_agency","energy_extractives",0
"simah","energy_extractives",0
"derasat","energy_extractives",1
"cri_lebanon","energy_extractives",0
"infopro_lebanon","energy_extractives",0
"albayan_iraq","energy_extractives",0
"mas_palestine","energy_extractives",0
"altibbi","energy_extractives",0
"maqsam","energy_extractives",0
"el_zanaty","energy_extractives",0
"i_score_egypt","energy_extractives",0
"intella_ai","energy_extractives",0
"marocmetrie","energy_extractives",0
"aarc_international","energy_extractives",0
"chifco","energy_extractives",2
"m42","energy_extractives",0
"aecb","energy_extractives",0
"derq","energy_extractives",0
"israel_democracy_institute","energy_extractives",0
"zencity","energy_extractives",0
"cognyte","energy_extractives",0
"ahri_south_africa","energy_extractives",0
"agincourt_wits","energy_extractives",0
"saprin","energy_extractives",0
"aphrc","energy_extractives",0
"kemri_wellcome","energy_extractives",0
"ifakara_health","energy_extractives",0
"manhica_cisim","energy_extractives",0
"mrc_gambia","energy_extractives",0
"navrongo_hrc","energy_extractives",0
"rakai_health","energy_extractives",0
"malawi_liverpool_wellcome","energy_extractives",0
"cidrz","energy_extractives",0
"kersa_hdss","energy_extractives",0
"nouna_crsn","energy_extractives",0
"apcc","energy_extractives",0
"h3africa","energy_extractives",0
"hsrc","energy_extractives",0
"saldru","energy_extractives",0
"datafirst","energy_extractives",0
"isser_ghana","energy_extractives",0
"eprc_uganda","energy_extractives",0
"esrf_tanzania","energy_extractives",0
"csea_nigeria","energy_extractives",0
"pesacheck","energy_extractives",0
"freshly_ground_insights","energy_extractives",0
"columinate","energy_extractives",0
"persian_cohort","energy_extractives",0
"golestan_cohort","energy_extractives",0
"qatar_biobank","energy_extractives",0
"moroccan_genome","energy_extractives",0
"afristat","energy_extractives",0
"statafric","energy_extractives",0
"afdb_statistics","energy_extractives",0
"sanbi","energy_extractives",0
"africas_talking","energy_extractives",0
"onafriq","energy_extractives",0
"cellulant","energy_extractives",0
"codesria","energy_extractives",0
"aerc","energy_extractives",0
"pasgr","energy_extractives",0
"iss_africa","energy_extractives",0
"nextier_spd","energy_extractives",0
"heritage_institute","energy_extractives",0
"zeparu","energy_extractives",0
"bidpa","energy_extractives",0
"ippr_namibia","energy_extractives",0
"nkafu","energy_extractives",0
"cires_ivoire","energy_extractives",0
"iese_mozambique","energy_extractives",0
"zipar","energy_extractives",0
"riwi","energy_extractives",0
"pricestats","energy_extractives",0
"soundthinking","energy_extractives",0
"alphonso","energy_extractives",0
"opensignal","energy_extractives",0
"nexar","energy_extractives",0
"geodnet","energy_extractives",0
"wingbits","energy_extractives",0
"flightradar24","energy_extractives",0
"karya","energy_extractives",0
"airwars","energy_extractives",0
"mnemonic","energy_extractives",0
"forensic_architecture","energy_extractives",0
"atlas_ai","energy_extractives",0
"fraym","energy_extractives",0
"rs_metrics","energy_extractives",0
"yodlee","energy_extractives",0
"empatica","energy_extractives",0
"sonde_health","energy_extractives",0
"origin_wireless","energy_extractives",0
"vayyar","energy_extractives",0
"bidgely","energy_extractives",2
"wildlife_insights","energy_extractives",0
"atlan_space","energy_extractives",0
"cellebrite","energy_extractives",0
"nso_group","energy_extractives",0
"candiru","energy_extractives",0
"paragon_solutions","energy_extractives",0
"kando","energy_extractives",0
"beehero","energy_extractives",0
"seetree","energy_extractives",0
"lean_technologies","energy_extractives",0
"ushahidi","energy_extractives",0
"sunbird_ai","energy_extractives",0
"terragon","energy_extractives",0
"zenvus","energy_extractives",0
"dataphyte","energy_extractives",0
"berci","energy_extractives",0
"iford","energy_extractives",0
"iki_malawi","energy_extractives",0
"jumo","energy_extractives",0
"kifiya","energy_extractives",0
"omnisient","energy_extractives",0
"humangle","energy_extractives",0
"timbuktu_institute","energy_extractives",0
"ayin_network","energy_extractives",0
"sudan_transparency","energy_extractives",0
"ipsos","environment_climate",0
"kantar","environment_climate",0
"niq","environment_climate",0
"circana","environment_climate",0
"gallup","environment_climate",0
"yougov","environment_climate",0
"morning_consult","environment_climate",0
"pew_research","environment_climate",0
"verian","environment_climate",0
"ipsos_mori_uk","environment_climate",0
"savanta","environment_climate",0
"system1_group","environment_climate",0
"euromonitor","environment_climate",0
"mintel","environment_climate",0
"statista","environment_climate",0
"m3_global_research","environment_climate",0
"escalent","environment_climate",0
"material_plus","environment_climate",0
"c_space","environment_climate",0
"hall_and_partners","environment_climate",0
"appinio","environment_climate",0
"attest","environment_climate",0
"zappi","environment_climate",0
"suzy","environment_climate",0
"glimpse_ai","environment_climate",0
"listen_labs","environment_climate",0
"strella","environment_climate",0
"outset_ai","environment_climate",0
"cint","environment_climate",0
"dynata","environment_climate",0
"toluna","environment_climate",0
"bilendi","environment_climate",0
"norstat","environment_climate",0
"prolific","environment_climate",0
"cloudresearch","environment_climate",0
"purespectrum","environment_climate",0
"innovate_mr","environment_climate",0
"prodege","environment_climate",0
"disqo","environment_climate",0
"rakuten_insight","environment_climate",0
"borderless_access","environment_climate",0
"milieu_insight","environment_climate",0
"respondent_io","environment_climate",0
"qualtrics","environment_climate",0
"surveymonkey","environment_climate",0
"alchemer","environment_climate",0
"forsta","environment_climate",0
"sawtooth_software","environment_climate",0
"surveycto","environment_climate",0
"kobotoolbox","environment_climate",0
"odk","environment_climate",1
"commcare_dimagi","environment_climate",0
"ona","environment_climate",0
"mwater","environment_climate",2
"redcap","environment_climate",0
"gorilla_sc","environment_climate",0
"credamo","environment_climate",0
"wenjuanxing","environment_climate",0
"one_to_one_tunisia","environment_climate",0
"sigma_conseil","environment_climate",0
"emrhod_consulting","environment_climate",0
"elka_consulting","environment_climate",0
"bjka_consulting","environment_climate",0
"lms_csa_maroc","environment_climate",0
"baseera_egypt","environment_climate",0
"pcpsr","environment_climate",0
"awrad","environment_climate",0
"nama_strategic","environment_climate",0
"css_jordan","environment_climate",0
"iiacss","environment_climate",0
"parc_dubai","environment_climate",0
"ispa_iran","environment_climate",0
"gamaan","environment_climate",0
"konda","environment_climate",0
"metropoll","environment_climate",0
"areda_survey","environment_climate",0
"midgam_israel","environment_climate",0
"ipanel_israel","environment_climate",0
"arab_barometer","environment_climate",0
"afrobarometer","environment_climate",0
"cdd_ghana","environment_climate",0
"ijr_south_africa","environment_climate",0
"ids_nairobi","environment_climate",0
"ireg_benin","environment_climate",0
"infotrak","environment_climate",0
"tifa_research","environment_climate",0
"consumer_insight_africa","environment_climate",0
"geopoll","environment_climate",0
"sagaci_research","environment_climate",0
"noipolls","environment_climate",0
"sbm_intelligence","environment_climate",0
"practical_sampling","environment_climate",0
"ask_afrika","environment_climate",0
"plus94_research","environment_climate",0
"citizen_surveys","environment_climate",0
"busara_center","environment_climate",0
"ipa_research","environment_climate",0
"jpal","environment_climate",0
"laterite","environment_climate",0
"sixty_decibels","environment_climate",0
"lokniti_csds","environment_climate",0
"cvoter","environment_climate",0
"axis_my_india","environment_climate",0
"hansa_research","environment_climate",0
"q_and_q_research","environment_climate",0
"outline_india","environment_climate",0
"gallup_pakistan","environment_climate",0
"lsi_indonesia","environment_climate",0
"smrc_indonesia","environment_climate",0
"indikator_politik","environment_climate",0
"sws_philippines","environment_climate",0
"pulse_asia","environment_climate",0
"cimigo","environment_climate",0
"q_and_me","environment_climate",0
"indochina_research","environment_climate",0
"deka_research","environment_climate",0
"macromill","environment_climate",0
"intage","environment_climate",0
"nikkei_research","environment_climate",0
"cross_marketing","environment_climate",0
"embrain","environment_climate",0
"hankook_research","environment_climate",0
"realmeter","environment_climate",0
"gallup_korea","environment_climate",0
"horizon_china","environment_climate",0
"ctr_china","environment_climate",0
"csm_media","environment_climate",0
"datafolha","environment_climate",0
"ipec_brasil","environment_climate",0
"quaest","environment_climate",0
"atlasintel","environment_climate",0
"consulta_mitofsky","environment_climate",0
"enkoll","environment_climate",0
"buendia_marquez","environment_climate",0
"cadem","environment_climate",0
"invamer","environment_climate",0
"datexco","environment_climate",0
"cid_gallup","environment_climate",0
"poliarquia","environment_climate",0
"latinobarometro","environment_climate",0
"lapop","environment_climate",0
"levada_center","environment_climate",0
"vciom","environment_climate",0
"fom_russia","environment_climate",0
"russian_field","environment_climate",0
"kiis","environment_climate",0
"rating_group","environment_climate",0
"razumkov_centre","environment_climate",0
"info_sapiens","environment_climate",0
"gradus_research","environment_climate",0
"crrc","environment_climate",0
"act_georgia","environment_climate",0
"central_asia_barometer","environment_climate",0
"m_vector","environment_climate",0
"siar_research","environment_climate",0
"ipm_belarus","environment_climate",0
"roy_morgan","environment_climate",0
"essential_research","environment_climate",0
"oztam","environment_climate",0
"barb_uk","environment_climate",0
"mediametrie","environment_climate",0
"barc_india","environment_climate",0
"video_research_jp","environment_climate",0
"numeris","environment_climate",0
"scale_ai","environment_climate",0
"surge_ai","environment_climate",0
"mercor","environment_climate",0
"handshake_ai","environment_climate",0
"micro1","environment_climate",0
"turing_com","environment_climate",0
"invisible_tech","environment_climate",0
"appen","environment_climate",0
"toloka","environment_climate",0
"telus_digital_ai","environment_climate",0
"imerit","environment_climate",0
"sama","environment_climate",0
"cloudfactory","environment_climate",0
"superannotate","environment_climate",0
"labelbox","environment_climate",0
"snorkel_ai","environment_climate",0
"encord","environment_climate",0
"v7_labs","environment_climate",0
"kili_technology","environment_climate",0
"dataloop","environment_climate",0
"roboflow","environment_climate",0
"defined_ai","environment_climate",0
"shaip","environment_climate",0
"innodata","environment_climate",0
"transperfect_dataforce","environment_climate",0
"speechocean","environment_climate",0
"datatang","environment_climate",0
"magic_data_tech","environment_climate",0
"dataannotation_tech","environment_climate",0
"pareto_ai","environment_climate",0
"mturk","environment_climate",0
"clickworker","environment_climate",0
"premise_data","environment_climate",0
"streetbees","environment_climate",0
"roamler","environment_climate",0
"field_agent","environment_climate",0
"gigwalk","environment_climate",0
"glg","environment_climate",0
"third_bridge","environment_climate",0
"guidepoint","environment_climate",0
"alphasense","environment_climate",0
"dialectica","environment_climate",0
"bright_data","environment_climate",0
"oxylabs","environment_climate",0
"decodo","environment_climate",0
"zyte","environment_climate",0
"apify","environment_climate",0
"firecrawl","environment_climate",0
"tavily","environment_climate",0
"diffbot","environment_climate",0
"common_crawl","environment_climate",0
"promptcloud","environment_climate",0
"grepsr","environment_climate",0
"nimble_data","environment_climate",0
"coresignal","environment_climate",0
"acxiom","environment_climate",0
"experian","environment_climate",0
"equifax","environment_climate",0
"transunion","environment_climate",0
"liveramp","environment_climate",0
"epsilon","environment_climate",0
"lexisnexis_risk","environment_climate",0
"dun_bradstreet","environment_climate",0
"cotality","environment_climate",2
"verisk","environment_climate",2
"crif","environment_climate",0
"serasa_experian","environment_climate",0
"spokeo","environment_climate",0
"safegraph","environment_climate",0
"placer_ai","environment_climate",0
"veraset","environment_climate",0
"unacast","environment_climate",0
"foursquare","environment_climate",0
"kochava_collective","environment_climate",0
"azira","environment_climate",0
"advan_research","environment_climate",0
"huq_industries","environment_climate",0
"predicio","environment_climate",0
"positium","environment_climate",0
"teralytics","environment_climate",0
"orange_flux_vision","environment_climate",0
"flowminder","environment_climate",0
"planet_labs","environment_climate",1
"vantor","environment_climate",0
"blacksky","environment_climate",0
"iceye","environment_climate",2
"satellogic","environment_climate",1
"capella_space","environment_climate",0
"umbra_space","environment_climate",0
"airbus_ds_geo","environment_climate",0
"spire_global","environment_climate",2
"ursa_space","environment_climate",0
"pixxel","environment_climate",1
"skyfi","environment_climate",0
"earthdaily","environment_climate",1
"satvu","environment_climate",2
"ghgsat","environment_climate",2
"kayrros","environment_climate",2
"descartes_labs","environment_climate",1
"spaceknow","environment_climate",0
"synspective","environment_climate",2
"axelspace","environment_climate",0
"changguang","environment_climate",0
"twentyone_at","environment_climate",0
"tomorrow_io","environment_climate",2
"windborne","environment_climate",2
"saildrone","environment_climate",2
"sofar_ocean","environment_climate",2
"jupiter_intelligence","environment_climate",2
"first_street","environment_climate",2
"fathom_global","environment_climate",2
"jba_risk","environment_climate",2
"moodys_rms","environment_climate",2
"mitiga_solutions","environment_climate",2
"climateai","environment_climate",2
"descartes_underwriting","environment_climate",2
"sylvera","environment_climate",2
"bezero_carbon","environment_climate",2
"carbon_mapper","environment_climate",2
"chloris_geospatial","environment_climate",2
"nielsen","environment_climate",0
"comscore","environment_climate",0
"samba_tv","environment_climate",0
"ispot_tv","environment_climate",0
"videoamp","environment_climate",0
"similarweb","environment_climate",0
"sensor_tower","environment_climate",0
"yipitdata","environment_climate",0
"m_science","environment_climate",0
"consumer_edge","environment_climate",0
"earnest_analytics","environment_climate",0
"facteus","environment_climate",0
"measurable_ai","environment_climate",0
"plaid","environment_climate",0
"tink","environment_climate",0
"kpler","environment_climate",0
"vortexa","environment_climate",0
"windward_ai","environment_climate",0
"panjiva","environment_climate",0
"importgenius","environment_climate",0
"iqvia","environment_climate",0
"komodo_health","environment_climate",0
"truveta","environment_climate",0
"healthverity","environment_climate",0
"tempus_ai","environment_climate",0
"datavant","environment_climate",0
"flatiron_health","environment_climate",0
"trinetx","environment_climate",0
"picnichealth","environment_climate",0
"evidation_health","environment_climate",0
"medidata","environment_climate",0
"veeva_crossix","environment_climate",0
"definitive_healthcare","environment_climate",0
"uk_biobank","environment_climate",1
"bgi_genomics","environment_climate",0
"samsara","environment_climate",0
"geotab","environment_climate",1
"inrix","environment_climate",0
"tomtom","environment_climate",0
"here_technologies","environment_climate",0
"cambridge_mobile","environment_climate",0
"arity","environment_climate",0
"smartcar","environment_climate",0
"high_mobility","environment_climate",0
"dataminr","environment_climate",1
"recorded_future","environment_climate",0
"meltwater","environment_climate",0
"brandwatch","environment_climate",0
"talkwalker","environment_climate",0
"sprinklr","environment_climate",0
"graphika","environment_climate",0
"babel_street","environment_climate",0
"sayari","environment_climate",0
"kharon","environment_climate",0
"janes","environment_climate",0
"acled","environment_climate",0
"gdelt","environment_climate",0
"bellingcat","environment_climate",0
"newsguard","environment_climate",0
"zoominfo","environment_climate",0
"apollo_io","environment_climate",0
"cognism","environment_climate",0
"lusha","environment_climate",0
"people_data_labs","environment_climate",0
"opencorporates","environment_climate",0
"moodys_bvd","environment_climate",0
"pitchbook","environment_climate",0
"crunchbase","environment_climate",0
"tracxn","environment_climate",0
"dealroom","environment_climate",0
"numerator","environment_climate",0
"profitero","environment_climate",0
"dataweave","environment_climate",0
"intelligence_node","environment_climate",0
"trax_retail","environment_climate",0
"dunnhumby","environment_climate",0
"eightyfour_51","environment_climate",0
"clearview_ai","environment_climate",0
"pimeyes","environment_climate",0
"tools_for_humanity","environment_climate",0
"yoti","environment_climate",0
"idemia","environment_climate",0
"sensetime","environment_climate",0
"megvii","environment_climate",0
"hikvision","environment_climate",0
"arab_advisors","environment_climate",0
"asdaa_bcw","environment_climate",0
"insight_discovery","environment_climate",0
"ventures_middle_east","environment_climate",0
"space42","environment_climate",0
"presight_ai","environment_climate",0
"lucidya","environment_climate",0
"mozn","environment_climate",0
"crowd_analyzer","environment_climate",0
"tarjama","environment_climate",0
"idsc_egypt","environment_climate",0
"rada_research","environment_climate",0
"statistics_lebanon","environment_climate",0
"information_international","environment_climate",0
"scpr_syria","environment_climate",0
"yemen_polling_center","environment_climate",0
"diwan_research","environment_climate",0
"immar_rc","environment_climate",0
"sunergia","environment_climate",0
"iranpoll","environment_climate",0
"turkiye_raporu","environment_climate",0
"geocartography","environment_climate",0
"near_east_consulting","environment_climate",0
"jmcc","environment_climate",0
"zogby_research","environment_climate",0
"reach_initiative","environment_climate",0
"acaps","environment_climate",0
"afriksurvey","environment_climate",0
"sagapoll","environment_climate",0
"dalberg_research","environment_climate",0
"stears","environment_climate",0
"datalens_africa","environment_climate",0
"creditregistry","environment_climate",0
"indicina","environment_climate",0
"africa_polling_institute","environment_climate",0
"global_infoanalytics","environment_climate",0
"amini","environment_climate",2
"research_solutions_africa","environment_climate",0
"msurvey","environment_climate",0
"echo_mobile","environment_climate",0
"viamo","environment_climate",0
"twaweza","environment_climate",0
"research_world_intl","environment_climate",0
"charis_uas","environment_climate",0
"digital_umuganda","environment_climate",0
"somali_public_agenda","environment_climate",0
"mpoi_zimbabwe","environment_climate",0
"social_research_foundation","environment_climate",0
"eighty20","environment_climate",0
"lightstone","environment_climate",0
"lelapa_ai","environment_climate",0
"masakhane","environment_climate",0
"awarri","environment_climate",0
"romir","environment_climate",0
"mediascope","environment_climate",0
"ipsos_comcon","environment_climate",0
"tiburon_research","environment_climate",0
"anketolog","environment_climate",0
"sberindex","environment_climate",0
"yandex_data","environment_climate",0
"baw_belarus","environment_climate",0
"bisam","environment_climate",0
"demoscope_kz","environment_climate",0
"ijtimoiy_fikr","environment_climate",0
"questmobile","environment_climate",0
"analysys_yiguan","environment_climate",0
"iimedia","environment_climate",0
"talkingdata","environment_climate",0
"aurora_mobile","environment_climate",0
"miaozhen_admaster","environment_climate",0
"qichacha","environment_climate",0
"tianyancha","environment_climate",0
"wind_information","environment_climate",0
"intron_health","environment_climate",0
"african_languages_lab","environment_climate",0
"aflabox","environment_climate",0
"tolbi","environment_climate",2
"soko_aerial","environment_climate",0
"geoinfotech","environment_climate",0
"helium_health","environment_climate",0
"pula","environment_climate",2
"apollo_agriculture","environment_climate",0
"hello_tractor","environment_climate",0
"mpharma","environment_climate",0
"ehealth_africa","environment_climate",0
"lacuna_fund","environment_climate",0
"makerere_ai","environment_climate",0
"cntxt_ai","environment_climate",0
"arabic_ai","environment_climate",0
"aydi","environment_climate",0
"widebot","environment_climate",0
"mawdoo3","environment_climate",0
"aaru","environment_climate",0
"simile","environment_climate",0
"conveo","environment_climate",0
"perspective_ai","environment_climate",0
"theysaid","environment_climate",0
"versive","environment_climate",0
"hivemapper","environment_climate",0
"dimo","environment_climate",0
"weatherxm","environment_climate",2
"nova_labs_helium","environment_climate",0
"safecast","environment_climate",2
"biobot","environment_climate",0
"verily","environment_climate",1
"wastewaterscan","environment_climate",0
"hawkeye_360","environment_climate",0
"unseenlabs","environment_climate",0
"kleos_space","environment_climate",0
"naturemetrics","environment_climate",2
"rainforest_connection","environment_climate",2
"fugro","environment_climate",1
"clarity_movement","environment_climate",2
"aclima","environment_climate",2
"nuview","environment_climate",0
"orbital_sidekick","environment_climate",2
"wyvern","environment_climate",2
"hydrosat","environment_climate",2
"muon_space","environment_climate",2
"myriota","environment_climate",1
"astrocast","environment_climate",1
"nearmap","environment_climate",0
"vexcel_imaging","environment_climate",0
"airqo","environment_climate",2
"code_for_africa","environment_climate",2
"aerobotics","environment_climate",1
"ujuzikilimo","environment_climate",2
"robocare","environment_climate",2
"astral_aerial","environment_climate",0
"earthranger","environment_climate",1
"falcon_eye_drones","environment_climate",0
"falcon_3d","environment_climate",0
"digital_earth_africa","environment_climate",1
"sansa","environment_climate",2
"nasrda","environment_climate",0
"egsa","environment_climate",0
"kenya_space_agency","environment_climate",1
"essti","environment_climate",1
"mbrsc","environment_climate",1
"tubitak_uzay","environment_climate",0
"imagesat","environment_climate",0
"taranis","environment_climate",1
"agritask","environment_climate",2
"asterra","environment_climate",2
"norc","environment_climate",0
"westat","environment_climate",0
"rti_international","environment_climate",1
"mathematica","environment_climate",0
"abt_global","environment_climate",1
"ssrs","environment_climate",0
"icf_international","environment_climate",1
"quinnipiac_poll","environment_climate",0
"marist_poll","environment_climate",0
"monmouth_poll","environment_climate",0
"siena_research","environment_climate",0
"emerson_polling","environment_climate",0
"surveyusa","environment_climate",0
"prri","environment_climate",0
"ap_norc","environment_climate",0
"civiqs","environment_climate",0
"echelon_insights","environment_climate",0
"data_for_progress","environment_climate",0
"cygnal","environment_climate",0
"leger","environment_climate",0
"angus_reid_institute","environment_climate",0
"nanos_research","environment_climate",0
"ekos_research","environment_climate",0
"abacus_data","environment_climate",0
"environics_research","environment_climate",0
"skywatch","environment_climate",0
"mda_space","environment_climate",0
"ecopia_ai","environment_climate",0
"farmers_edge","environment_climate",1
"deveron","environment_climate",1
"semios","environment_climate",1
"bluedot","environment_climate",0
"local_logic","environment_climate",0
"riskthinking_ai","environment_climate",2
"triton_digital","environment_climate",0
"descartes_datamyne","environment_climate",0
"browse_ai","environment_climate",0
"internet_archive","environment_climate",0
"exa_ai","environment_climate",0
"altana","environment_climate",0
"project44","environment_climate",0
"fourkites","environment_climate",0
"clear_secure","environment_climate",0
"id_me","environment_climate",0
"socure","environment_climate",0
"observa","environment_climate",0
"ookla","environment_climate",0
"purpleair","environment_climate",2
"motive","environment_climate",0
"lytx","environment_climate",0
"catalina_marketing","environment_climate",0
"inmar_intelligence","environment_climate",0
"data_axle","environment_climate",0
"bombora","environment_climate",0
"thinknum","environment_climate",0
"om1","environment_climate",0
"verana_health","environment_climate",0
"atropos_health","environment_climate",0
"aetion","environment_climate",0
"edison_research","environment_climate",0
"luminate_data","environment_climate",0
"flashpoint","environment_climate",0
"zignal_labs","environment_climate",0
"albedo","environment_climate",0
"centaur_labs","environment_climate",0
"fulcrum_app","environment_climate",1
"rep_data","environment_climate",0
"understanding_america","environment_climate",0
"forsa","environment_climate",0
"infratest_dimap","environment_climate",0
"allensbach","environment_climate",0
"civey","environment_climate",0
"insa_consulere","environment_climate",0
"infas","environment_climate",0
"gesis","environment_climate",0
"soep_diw","environment_climate",0
"ororatech","environment_climate",2
"liveeo","environment_climate",1
"constellr","environment_climate",1
"limesurvey","environment_climate",0
"agf_videoforschung","environment_climate",0
"ifop","environment_climate",0
"opinionway","environment_climate",0
"bva_xsight","environment_climate",0
"elabe","environment_climate",0
"odoxa","environment_climate",0
"csa_research","environment_climate",0
"credoc","environment_climate",0
"scrapingbee","environment_climate",0
"shippeo","environment_climate",0
"owkin","environment_climate",0
"doxa","environment_climate",0
"swg_italia","environment_climate",0
"cerved","environment_climate",0
"auditel_italia","environment_climate",0
"e_geos","environment_climate",1
"planetek_italia","environment_climate",1
"sigma_dos","environment_climate",0
"gad3","environment_climate",0
"metroscopia","environment_climate",0
"cuarenta_db","environment_climate",0
"kido_dynamics","environment_climate",0
"deimos_imaging","environment_climate",0
"marktest","environment_climate",0
"intercampus","environment_climate",0
"metron_analysis","environment_climate",0
"kapa_research","environment_climate",0
"marinetraffic","environment_climate",0
"kieskompas","environment_climate",0
"io_research","environment_climate",0
"motivaction","environment_climate",0
"nipo_nfield","environment_climate",0
"lifelines","environment_climate",1
"ivox","environment_climate",0
"sora_institute","environment_climate",0
"gfs_bern","environment_climate",0
"sotomo","environment_climate",0
"link_institut","environment_climate",0
"red_c","environment_climate",0
"epinion","environment_climate",0
"voxmeter","environment_climate",0
"novus","environment_climate",0
"taloustutkimus","environment_climate",0
"finngen","environment_climate",0
"decode_genetics","environment_climate",0
"signicat","environment_climate",0
"natcen","environment_climate",0
"understanding_society","environment_climate",0
"uk_data_service","environment_climate",0
"opinium","environment_climate",0
"survation","environment_climate",0
"deltapoll","environment_climate",0
"focaldata","environment_climate",0
"jl_partners","environment_climate",0
"more_in_common","environment_climate",0
"bmg_research","environment_climate",0
"signal_ai","environment_climate",0
"rezatec","environment_climate",1
"open_cosmos","environment_climate",1
"iproov","environment_climate",0
"truelayer","environment_climate",0
"yapily","environment_climate",0
"our_future_health","environment_climate",0
"lifebit","environment_climate",0
"ovilongwa","environment_climate",0
"star_awards_bwa","environment_climate",0
"igd_burkina","environment_climate",0
"gradis_burundi","environment_climate",0
"afrosondagem","environment_climate",0
"cible_cameroun","environment_climate",0
"laereag_tchad","environment_climate",0
"avenir_nepad_congo","environment_climate",0
"cofinco_comores","environment_climate",0
"zechlab","environment_climate",0
"qa_strategic_swz","environment_climate",0
"abcon_ethiopia","environment_climate",0
"cergep_gabon","environment_climate",0
"stat_view_guinea","environment_climate",0
"igpad_guinea_bissau","environment_climate",0
"advision_lesotho","environment_climate",0
"cdg_liberia","environment_climate",0
"coef_resources","environment_climate",0
"csr_malawi","environment_climate",0
"great_mali","environment_climate",0
"sista_consult","environment_climate",0
"straconsult_mus","environment_climate",0
"gsc_morocco","environment_climate",0
"cs_research_moz","environment_climate",0
"survey_warehouse","environment_climate",0
"lasdel_niger","environment_climate",0
"cres_senegal","environment_climate",0
"igr_sierra_leone","environment_climate",0
"sudan_polling_center","environment_climate",0
"repoa_tanzania","environment_climate",0
"crpd_gambia","environment_climate",0
"crop_togo","environment_climate",0
"hatchile_uganda","environment_climate",0
"cesor_zambia","environment_climate",0
"smile_identity","environment_climate",0
"zindi","environment_climate",0
"kartoza","environment_climate",1
"geoterraimage","environment_climate",0
"spatial_collective","environment_climate",1
"ramani_huria","environment_climate",2
"farmerline","environment_climate",0
"esoko","environment_climate",0
"sunculture","environment_climate",0
"thriveagric","environment_climate",0
"mono_nigeria","environment_climate",0
"stitch_za","environment_climate",0
"metropol_kenya","environment_climate",0
"crc_credit_bureau","environment_climate",0
"africa_check","environment_climate",0
"dubawa","environment_climate",0
"ilara_health","environment_climate",0
"jacaranda_health","environment_climate",0
"reelforge","environment_climate",0
"prembly","environment_climate",0
"youverify","environment_climate",0
"data_science_nigeria","environment_climate",0
"icog_labs","environment_climate",0
"lesan_ai","environment_climate",0
"kobo360","environment_climate",0
"lori_systems","environment_climate",0
"irsm_algeria","environment_climate",0
"cread_algeria","environment_climate",0
"optimar","environment_climate",0
"orc_arastirma","environment_climate",0
"avrasya_arastirma","environment_climate",0
"genar","environment_climate",0
"yoneylem","environment_climate",0
"sonar_arastirma","environment_climate",0
"gezici_arastirma","environment_climate",0
"mak_danismanlik","environment_climate",0
"piar_arastirma","environment_climate",0
"insider_tr","environment_climate",0
"acrps_doha","environment_climate",0
"sesri_qatar","environment_climate",0
"qcri","environment_climate",0
"sdaia","environment_climate",0
"elm_saudi","environment_climate",0
"saudi_space_agency","environment_climate",0
"simah","environment_climate",0
"derasat","environment_climate",0
"cri_lebanon","environment_climate",0
"infopro_lebanon","environment_climate",0
"albayan_iraq","environment_climate",0
"mas_palestine","environment_climate",0
"altibbi","environment_climate",0
"maqsam","environment_climate",0
"el_zanaty","environment_climate",0
"i_score_egypt","environment_climate",0
"intella_ai","environment_climate",0
"marocmetrie","environment_climate",0
"aarc_international","environment_climate",0
"chifco","environment_climate",1
"m42","environment_climate",0
"aecb","environment_climate",0
"derq","environment_climate",0
"israel_democracy_institute","environment_climate",0
"zencity","environment_climate",0
"cognyte","environment_climate",0
"ahri_south_africa","environment_climate",0
"agincourt_wits","environment_climate",0
"saprin","environment_climate",0
"aphrc","environment_climate",0
"kemri_wellcome","environment_climate",0
"ifakara_health","environment_climate",1
"manhica_cisim","environment_climate",0
"mrc_gambia","environment_climate",0
"navrongo_hrc","environment_climate",0
"rakai_health","environment_climate",0
"malawi_liverpool_wellcome","environment_climate",0
"cidrz","environment_climate",0
"kersa_hdss","environment_climate",0
"nouna_crsn","environment_climate",2
"apcc","environment_climate",1
"h3africa","environment_climate",0
"hsrc","environment_climate",0
"saldru","environment_climate",0
"datafirst","environment_climate",0
"isser_ghana","environment_climate",0
"eprc_uganda","environment_climate",0
"esrf_tanzania","environment_climate",0
"csea_nigeria","environment_climate",0
"pesacheck","environment_climate",0
"freshly_ground_insights","environment_climate",0
"columinate","environment_climate",0
"persian_cohort","environment_climate",1
"golestan_cohort","environment_climate",0
"qatar_biobank","environment_climate",0
"moroccan_genome","environment_climate",0
"afristat","environment_climate",0
"statafric","environment_climate",0
"afdb_statistics","environment_climate",0
"sanbi","environment_climate",2
"africas_talking","environment_climate",0
"onafriq","environment_climate",0
"cellulant","environment_climate",0
"codesria","environment_climate",0
"aerc","environment_climate",0
"pasgr","environment_climate",0
"iss_africa","environment_climate",0
"nextier_spd","environment_climate",0
"heritage_institute","environment_climate",0
"zeparu","environment_climate",0
"bidpa","environment_climate",0
"ippr_namibia","environment_climate",0
"nkafu","environment_climate",0
"cires_ivoire","environment_climate",0
"iese_mozambique","environment_climate",0
"zipar","environment_climate",0
"riwi","environment_climate",0
"pricestats","environment_climate",0
"soundthinking","environment_climate",0
"alphonso","environment_climate",0
"opensignal","environment_climate",0
"nexar","environment_climate",0
"geodnet","environment_climate",0
"wingbits","environment_climate",0
"flightradar24","environment_climate",0
"karya","environment_climate",0
"airwars","environment_climate",0
"mnemonic","environment_climate",0
"forensic_architecture","environment_climate",0
"atlas_ai","environment_climate",1
"fraym","environment_climate",0
"rs_metrics","environment_climate",1
"yodlee","environment_climate",0
"empatica","environment_climate",0
"sonde_health","environment_climate",0
"origin_wireless","environment_climate",0
"vayyar","environment_climate",0
"bidgely","environment_climate",0
"wildlife_insights","environment_climate",2
"atlan_space","environment_climate",2
"cellebrite","environment_climate",0
"nso_group","environment_climate",0
"candiru","environment_climate",0
"paragon_solutions","environment_climate",0
"kando","environment_climate",2
"beehero","environment_climate",1
"seetree","environment_climate",2
"lean_technologies","environment_climate",0
"ushahidi","environment_climate",0
"sunbird_ai","environment_climate",2
"terragon","environment_climate",0
"zenvus","environment_climate",2
"dataphyte","environment_climate",0
"berci","environment_climate",0
"iford","environment_climate",0
"iki_malawi","environment_climate",0
"jumo","environment_climate",0
"kifiya","environment_climate",0
"omnisient","environment_climate",0
"humangle","environment_climate",0
"timbuktu_institute","environment_climate",0
"ayin_network","environment_climate",0
"sudan_transparency","environment_climate",0
"ipsos","conflict_security",0
"kantar","conflict_security",0
"niq","conflict_security",0
"circana","conflict_security",0
"gallup","conflict_security",0
"yougov","conflict_security",0
"morning_consult","conflict_security",0
"pew_research","conflict_security",0
"verian","conflict_security",0
"ipsos_mori_uk","conflict_security",0
"savanta","conflict_security",0
"system1_group","conflict_security",0
"euromonitor","conflict_security",0
"mintel","conflict_security",0
"statista","conflict_security",0
"m3_global_research","conflict_security",0
"escalent","conflict_security",0
"material_plus","conflict_security",0
"c_space","conflict_security",0
"hall_and_partners","conflict_security",0
"appinio","conflict_security",0
"attest","conflict_security",0
"zappi","conflict_security",0
"suzy","conflict_security",0
"glimpse_ai","conflict_security",0
"listen_labs","conflict_security",0
"strella","conflict_security",0
"outset_ai","conflict_security",0
"cint","conflict_security",0
"dynata","conflict_security",0
"toluna","conflict_security",0
"bilendi","conflict_security",0
"norstat","conflict_security",0
"prolific","conflict_security",0
"cloudresearch","conflict_security",0
"purespectrum","conflict_security",0
"innovate_mr","conflict_security",0
"prodege","conflict_security",0
"disqo","conflict_security",0
"rakuten_insight","conflict_security",0
"borderless_access","conflict_security",0
"milieu_insight","conflict_security",0
"respondent_io","conflict_security",0
"qualtrics","conflict_security",0
"surveymonkey","conflict_security",0
"alchemer","conflict_security",0
"forsta","conflict_security",0
"sawtooth_software","conflict_security",0
"surveycto","conflict_security",0
"kobotoolbox","conflict_security",0
"odk","conflict_security",0
"commcare_dimagi","conflict_security",0
"ona","conflict_security",0
"mwater","conflict_security",0
"redcap","conflict_security",0
"gorilla_sc","conflict_security",0
"credamo","conflict_security",0
"wenjuanxing","conflict_security",0
"one_to_one_tunisia","conflict_security",0
"sigma_conseil","conflict_security",0
"emrhod_consulting","conflict_security",0
"elka_consulting","conflict_security",0
"bjka_consulting","conflict_security",0
"lms_csa_maroc","conflict_security",0
"baseera_egypt","conflict_security",0
"pcpsr","conflict_security",2
"awrad","conflict_security",2
"nama_strategic","conflict_security",0
"css_jordan","conflict_security",2
"iiacss","conflict_security",2
"parc_dubai","conflict_security",0
"ispa_iran","conflict_security",0
"gamaan","conflict_security",0
"konda","conflict_security",0
"metropoll","conflict_security",0
"areda_survey","conflict_security",0
"midgam_israel","conflict_security",0
"ipanel_israel","conflict_security",0
"arab_barometer","conflict_security",0
"afrobarometer","conflict_security",0
"cdd_ghana","conflict_security",0
"ijr_south_africa","conflict_security",1
"ids_nairobi","conflict_security",0
"ireg_benin","conflict_security",0
"infotrak","conflict_security",0
"tifa_research","conflict_security",0
"consumer_insight_africa","conflict_security",0
"geopoll","conflict_security",0
"sagaci_research","conflict_security",0
"noipolls","conflict_security",0
"sbm_intelligence","conflict_security",2
"practical_sampling","conflict_security",0
"ask_afrika","conflict_security",0
"plus94_research","conflict_security",0
"citizen_surveys","conflict_security",0
"busara_center","conflict_security",0
"ipa_research","conflict_security",0
"jpal","conflict_security",0
"laterite","conflict_security",0
"sixty_decibels","conflict_security",0
"lokniti_csds","conflict_security",0
"cvoter","conflict_security",0
"axis_my_india","conflict_security",0
"hansa_research","conflict_security",0
"q_and_q_research","conflict_security",0
"outline_india","conflict_security",0
"gallup_pakistan","conflict_security",0
"lsi_indonesia","conflict_security",0
"smrc_indonesia","conflict_security",0
"indikator_politik","conflict_security",0
"sws_philippines","conflict_security",0
"pulse_asia","conflict_security",0
"cimigo","conflict_security",0
"q_and_me","conflict_security",0
"indochina_research","conflict_security",0
"deka_research","conflict_security",0
"macromill","conflict_security",0
"intage","conflict_security",0
"nikkei_research","conflict_security",0
"cross_marketing","conflict_security",0
"embrain","conflict_security",0
"hankook_research","conflict_security",0
"realmeter","conflict_security",0
"gallup_korea","conflict_security",0
"horizon_china","conflict_security",0
"ctr_china","conflict_security",0
"csm_media","conflict_security",0
"datafolha","conflict_security",0
"ipec_brasil","conflict_security",0
"quaest","conflict_security",0
"atlasintel","conflict_security",0
"consulta_mitofsky","conflict_security",0
"enkoll","conflict_security",0
"buendia_marquez","conflict_security",0
"cadem","conflict_security",0
"invamer","conflict_security",0
"datexco","conflict_security",0
"cid_gallup","conflict_security",0
"poliarquia","conflict_security",0
"latinobarometro","conflict_security",0
"lapop","conflict_security",2
"levada_center","conflict_security",0
"vciom","conflict_security",0
"fom_russia","conflict_security",0
"russian_field","conflict_security",0
"kiis","conflict_security",2
"rating_group","conflict_security",0
"razumkov_centre","conflict_security",2
"info_sapiens","conflict_security",0
"gradus_research","conflict_security",0
"crrc","conflict_security",0
"act_georgia","conflict_security",0
"central_asia_barometer","conflict_security",0
"m_vector","conflict_security",0
"siar_research","conflict_security",0
"ipm_belarus","conflict_security",0
"roy_morgan","conflict_security",0
"essential_research","conflict_security",0
"oztam","conflict_security",0
"barb_uk","conflict_security",0
"mediametrie","conflict_security",0
"barc_india","conflict_security",0
"video_research_jp","conflict_security",0
"numeris","conflict_security",0
"scale_ai","conflict_security",1
"surge_ai","conflict_security",0
"mercor","conflict_security",0
"handshake_ai","conflict_security",0
"micro1","conflict_security",0
"turing_com","conflict_security",0
"invisible_tech","conflict_security",0
"appen","conflict_security",0
"toloka","conflict_security",0
"telus_digital_ai","conflict_security",0
"imerit","conflict_security",0
"sama","conflict_security",0
"cloudfactory","conflict_security",0
"superannotate","conflict_security",0
"labelbox","conflict_security",0
"snorkel_ai","conflict_security",0
"encord","conflict_security",0
"v7_labs","conflict_security",0
"kili_technology","conflict_security",0
"dataloop","conflict_security",0
"roboflow","conflict_security",0
"defined_ai","conflict_security",0
"shaip","conflict_security",0
"innodata","conflict_security",0
"transperfect_dataforce","conflict_security",0
"speechocean","conflict_security",0
"datatang","conflict_security",0
"magic_data_tech","conflict_security",0
"dataannotation_tech","conflict_security",0
"pareto_ai","conflict_security",0
"mturk","conflict_security",0
"clickworker","conflict_security",0
"premise_data","conflict_security",2
"streetbees","conflict_security",0
"roamler","conflict_security",0
"field_agent","conflict_security",0
"gigwalk","conflict_security",0
"glg","conflict_security",0
"third_bridge","conflict_security",0
"guidepoint","conflict_security",0
"alphasense","conflict_security",0
"dialectica","conflict_security",0
"bright_data","conflict_security",0
"oxylabs","conflict_security",0
"decodo","conflict_security",0
"zyte","conflict_security",0
"apify","conflict_security",0
"firecrawl","conflict_security",0
"tavily","conflict_security",0
"diffbot","conflict_security",0
"common_crawl","conflict_security",0
"promptcloud","conflict_security",0
"grepsr","conflict_security",0
"nimble_data","conflict_security",0
"coresignal","conflict_security",0
"acxiom","conflict_security",0
"experian","conflict_security",0
"equifax","conflict_security",0
"transunion","conflict_security",0
"liveramp","conflict_security",0
"epsilon","conflict_security",0
"lexisnexis_risk","conflict_security",0
"dun_bradstreet","conflict_security",0
"cotality","conflict_security",0
"verisk","conflict_security",0
"crif","conflict_security",0
"serasa_experian","conflict_security",0
"spokeo","conflict_security",0
"safegraph","conflict_security",0
"placer_ai","conflict_security",0
"veraset","conflict_security",0
"unacast","conflict_security",0
"foursquare","conflict_security",0
"kochava_collective","conflict_security",0
"azira","conflict_security",0
"advan_research","conflict_security",0
"huq_industries","conflict_security",0
"predicio","conflict_security",0
"positium","conflict_security",0
"teralytics","conflict_security",0
"orange_flux_vision","conflict_security",0
"flowminder","conflict_security",0
"planet_labs","conflict_security",1
"vantor","conflict_security",2
"blacksky","conflict_security",2
"iceye","conflict_security",1
"satellogic","conflict_security",0
"capella_space","conflict_security",2
"umbra_space","conflict_security",2
"airbus_ds_geo","conflict_security",2
"spire_global","conflict_security",0
"ursa_space","conflict_security",0
"pixxel","conflict_security",0
"skyfi","conflict_security",0
"earthdaily","conflict_security",0
"satvu","conflict_security",0
"ghgsat","conflict_security",0
"kayrros","conflict_security",0
"descartes_labs","conflict_security",0
"spaceknow","conflict_security",1
"synspective","conflict_security",0
"axelspace","conflict_security",0
"changguang","conflict_security",1
"twentyone_at","conflict_security",0
"tomorrow_io","conflict_security",0
"windborne","conflict_security",0
"saildrone","conflict_security",2
"sofar_ocean","conflict_security",0
"jupiter_intelligence","conflict_security",0
"first_street","conflict_security",0
"fathom_global","conflict_security",0
"jba_risk","conflict_security",0
"moodys_rms","conflict_security",1
"mitiga_solutions","conflict_security",0
"climateai","conflict_security",0
"descartes_underwriting","conflict_security",0
"sylvera","conflict_security",0
"bezero_carbon","conflict_security",0
"carbon_mapper","conflict_security",0
"chloris_geospatial","conflict_security",0
"nielsen","conflict_security",0
"comscore","conflict_security",0
"samba_tv","conflict_security",0
"ispot_tv","conflict_security",0
"videoamp","conflict_security",0
"similarweb","conflict_security",0
"sensor_tower","conflict_security",0
"yipitdata","conflict_security",0
"m_science","conflict_security",0
"consumer_edge","conflict_security",0
"earnest_analytics","conflict_security",0
"facteus","conflict_security",0
"measurable_ai","conflict_security",0
"plaid","conflict_security",0
"tink","conflict_security",0
"kpler","conflict_security",0
"vortexa","conflict_security",0
"windward_ai","conflict_security",2
"panjiva","conflict_security",0
"importgenius","conflict_security",0
"iqvia","conflict_security",0
"komodo_health","conflict_security",0
"truveta","conflict_security",0
"healthverity","conflict_security",0
"tempus_ai","conflict_security",0
"datavant","conflict_security",0
"flatiron_health","conflict_security",0
"trinetx","conflict_security",0
"picnichealth","conflict_security",0
"evidation_health","conflict_security",0
"medidata","conflict_security",0
"veeva_crossix","conflict_security",0
"definitive_healthcare","conflict_security",0
"uk_biobank","conflict_security",0
"bgi_genomics","conflict_security",0
"samsara","conflict_security",0
"geotab","conflict_security",0
"inrix","conflict_security",0
"tomtom","conflict_security",0
"here_technologies","conflict_security",0
"cambridge_mobile","conflict_security",0
"arity","conflict_security",0
"smartcar","conflict_security",0
"high_mobility","conflict_security",0
"dataminr","conflict_security",2
"recorded_future","conflict_security",2
"meltwater","conflict_security",0
"brandwatch","conflict_security",0
"talkwalker","conflict_security",0
"sprinklr","conflict_security",0
"graphika","conflict_security",2
"babel_street","conflict_security",2
"sayari","conflict_security",0
"kharon","conflict_security",2
"janes","conflict_security",2
"acled","conflict_security",2
"gdelt","conflict_security",2
"bellingcat","conflict_security",2
"newsguard","conflict_security",0
"zoominfo","conflict_security",0
"apollo_io","conflict_security",0
"cognism","conflict_security",0
"lusha","conflict_security",0
"people_data_labs","conflict_security",0
"opencorporates","conflict_security",0
"moodys_bvd","conflict_security",0
"pitchbook","conflict_security",0
"crunchbase","conflict_security",0
"tracxn","conflict_security",0
"dealroom","conflict_security",0
"numerator","conflict_security",0
"profitero","conflict_security",0
"dataweave","conflict_security",0
"intelligence_node","conflict_security",0
"trax_retail","conflict_security",0
"dunnhumby","conflict_security",0
"eightyfour_51","conflict_security",0
"clearview_ai","conflict_security",0
"pimeyes","conflict_security",0
"tools_for_humanity","conflict_security",0
"yoti","conflict_security",0
"idemia","conflict_security",0
"sensetime","conflict_security",2
"megvii","conflict_security",0
"hikvision","conflict_security",2
"arab_advisors","conflict_security",0
"asdaa_bcw","conflict_security",0
"insight_discovery","conflict_security",0
"ventures_middle_east","conflict_security",0
"space42","conflict_security",1
"presight_ai","conflict_security",2
"lucidya","conflict_security",0
"mozn","conflict_security",0
"crowd_analyzer","conflict_security",0
"tarjama","conflict_security",0
"idsc_egypt","conflict_security",0
"rada_research","conflict_security",0
"statistics_lebanon","conflict_security",0
"information_international","conflict_security",0
"scpr_syria","conflict_security",2
"yemen_polling_center","conflict_security",2
"diwan_research","conflict_security",0
"immar_rc","conflict_security",0
"sunergia","conflict_security",0
"iranpoll","conflict_security",0
"turkiye_raporu","conflict_security",0
"geocartography","conflict_security",0
"near_east_consulting","conflict_security",0
"jmcc","conflict_security",1
"zogby_research","conflict_security",0
"reach_initiative","conflict_security",2
"acaps","conflict_security",2
"afriksurvey","conflict_security",0
"sagapoll","conflict_security",0
"dalberg_research","conflict_security",0
"stears","conflict_security",0
"datalens_africa","conflict_security",0
"creditregistry","conflict_security",0
"indicina","conflict_security",0
"africa_polling_institute","conflict_security",0
"global_infoanalytics","conflict_security",0
"amini","conflict_security",0
"research_solutions_africa","conflict_security",0
"msurvey","conflict_security",0
"echo_mobile","conflict_security",0
"viamo","conflict_security",0
"twaweza","conflict_security",0
"research_world_intl","conflict_security",0
"charis_uas","conflict_security",0
"digital_umuganda","conflict_security",0
"somali_public_agenda","conflict_security",2
"mpoi_zimbabwe","conflict_security",0
"social_research_foundation","conflict_security",0
"eighty20","conflict_security",0
"lightstone","conflict_security",0
"lelapa_ai","conflict_security",0
"masakhane","conflict_security",0
"awarri","conflict_security",0
"romir","conflict_security",0
"mediascope","conflict_security",0
"ipsos_comcon","conflict_security",0
"tiburon_research","conflict_security",0
"anketolog","conflict_security",0
"sberindex","conflict_security",0
"yandex_data","conflict_security",0
"baw_belarus","conflict_security",0
"bisam","conflict_security",0
"demoscope_kz","conflict_security",0
"ijtimoiy_fikr","conflict_security",0
"questmobile","conflict_security",0
"analysys_yiguan","conflict_security",0
"iimedia","conflict_security",0
"talkingdata","conflict_security",0
"aurora_mobile","conflict_security",0
"miaozhen_admaster","conflict_security",0
"qichacha","conflict_security",0
"tianyancha","conflict_security",0
"wind_information","conflict_security",0
"intron_health","conflict_security",0
"african_languages_lab","conflict_security",0
"aflabox","conflict_security",0
"tolbi","conflict_security",0
"soko_aerial","conflict_security",0
"geoinfotech","conflict_security",0
"helium_health","conflict_security",0
"pula","conflict_security",0
"apollo_agriculture","conflict_security",0
"hello_tractor","conflict_security",0
"mpharma","conflict_security",0
"ehealth_africa","conflict_security",0
"lacuna_fund","conflict_security",0
"makerere_ai","conflict_security",0
"cntxt_ai","conflict_security",0
"arabic_ai","conflict_security",0
"aydi","conflict_security",0
"widebot","conflict_security",0
"mawdoo3","conflict_security",0
"aaru","conflict_security",0
"simile","conflict_security",0
"conveo","conflict_security",0
"perspective_ai","conflict_security",0
"theysaid","conflict_security",0
"versive","conflict_security",0
"hivemapper","conflict_security",0
"dimo","conflict_security",0
"weatherxm","conflict_security",0
"nova_labs_helium","conflict_security",0
"safecast","conflict_security",0
"biobot","conflict_security",0
"verily","conflict_security",0
"wastewaterscan","conflict_security",0
"hawkeye_360","conflict_security",2
"unseenlabs","conflict_security",2
"kleos_space","conflict_security",2
"naturemetrics","conflict_security",0
"rainforest_connection","conflict_security",1
"fugro","conflict_security",0
"clarity_movement","conflict_security",0
"aclima","conflict_security",0
"nuview","conflict_security",0
"orbital_sidekick","conflict_security",0
"wyvern","conflict_security",0
"hydrosat","conflict_security",0
"muon_space","conflict_security",0
"myriota","conflict_security",0
"astrocast","conflict_security",0
"nearmap","conflict_security",0
"vexcel_imaging","conflict_security",0
"airqo","conflict_security",0
"code_for_africa","conflict_security",0
"aerobotics","conflict_security",0
"ujuzikilimo","conflict_security",0
"robocare","conflict_security",0
"astral_aerial","conflict_security",0
"earthranger","conflict_security",2
"falcon_eye_drones","conflict_security",0
"falcon_3d","conflict_security",0
"digital_earth_africa","conflict_security",0
"sansa","conflict_security",0
"nasrda","conflict_security",1
"egsa","conflict_security",0
"kenya_space_agency","conflict_security",0
"essti","conflict_security",0
"mbrsc","conflict_security",0
"tubitak_uzay","conflict_security",2
"imagesat","conflict_security",2
"taranis","conflict_security",0
"agritask","conflict_security",0
"asterra","conflict_security",0
"norc","conflict_security",0
"westat","conflict_security",0
"rti_international","conflict_security",0
"mathematica","conflict_security",0
"abt_global","conflict_security",0
"ssrs","conflict_security",0
"icf_international","conflict_security",0
"quinnipiac_poll","conflict_security",0
"marist_poll","conflict_security",0
"monmouth_poll","conflict_security",0
"siena_research","conflict_security",0
"emerson_polling","conflict_security",0
"surveyusa","conflict_security",0
"prri","conflict_security",0
"ap_norc","conflict_security",0
"civiqs","conflict_security",0
"echelon_insights","conflict_security",0
"data_for_progress","conflict_security",0
"cygnal","conflict_security",0
"leger","conflict_security",0
"angus_reid_institute","conflict_security",0
"nanos_research","conflict_security",0
"ekos_research","conflict_security",0
"abacus_data","conflict_security",0
"environics_research","conflict_security",0
"skywatch","conflict_security",0
"mda_space","conflict_security",0
"ecopia_ai","conflict_security",0
"farmers_edge","conflict_security",0
"deveron","conflict_security",0
"semios","conflict_security",0
"bluedot","conflict_security",0
"local_logic","conflict_security",0
"riskthinking_ai","conflict_security",0
"triton_digital","conflict_security",0
"descartes_datamyne","conflict_security",0
"browse_ai","conflict_security",0
"internet_archive","conflict_security",0
"exa_ai","conflict_security",0
"altana","conflict_security",0
"project44","conflict_security",0
"fourkites","conflict_security",0
"clear_secure","conflict_security",0
"id_me","conflict_security",0
"socure","conflict_security",0
"observa","conflict_security",0
"ookla","conflict_security",0
"purpleair","conflict_security",0
"motive","conflict_security",0
"lytx","conflict_security",0
"catalina_marketing","conflict_security",0
"inmar_intelligence","conflict_security",0
"data_axle","conflict_security",0
"bombora","conflict_security",0
"thinknum","conflict_security",0
"om1","conflict_security",0
"verana_health","conflict_security",0
"atropos_health","conflict_security",0
"aetion","conflict_security",0
"edison_research","conflict_security",0
"luminate_data","conflict_security",0
"flashpoint","conflict_security",2
"zignal_labs","conflict_security",0
"albedo","conflict_security",0
"centaur_labs","conflict_security",0
"fulcrum_app","conflict_security",0
"rep_data","conflict_security",0
"understanding_america","conflict_security",0
"forsa","conflict_security",0
"infratest_dimap","conflict_security",0
"allensbach","conflict_security",0
"civey","conflict_security",0
"insa_consulere","conflict_security",0
"infas","conflict_security",0
"gesis","conflict_security",0
"soep_diw","conflict_security",0
"ororatech","conflict_security",0
"liveeo","conflict_security",0
"constellr","conflict_security",0
"limesurvey","conflict_security",0
"agf_videoforschung","conflict_security",0
"ifop","conflict_security",0
"opinionway","conflict_security",0
"bva_xsight","conflict_security",0
"elabe","conflict_security",0
"odoxa","conflict_security",0
"csa_research","conflict_security",0
"credoc","conflict_security",0
"scrapingbee","conflict_security",0
"shippeo","conflict_security",0
"owkin","conflict_security",0
"doxa","conflict_security",0
"swg_italia","conflict_security",0
"cerved","conflict_security",0
"auditel_italia","conflict_security",0
"e_geos","conflict_security",2
"planetek_italia","conflict_security",0
"sigma_dos","conflict_security",0
"gad3","conflict_security",0
"metroscopia","conflict_security",0
"cuarenta_db","conflict_security",0
"kido_dynamics","conflict_security",0
"deimos_imaging","conflict_security",0
"marktest","conflict_security",0
"intercampus","conflict_security",0
"metron_analysis","conflict_security",0
"kapa_research","conflict_security",0
"marinetraffic","conflict_security",0
"kieskompas","conflict_security",0
"io_research","conflict_security",0
"motivaction","conflict_security",0
"nipo_nfield","conflict_security",0
"lifelines","conflict_security",0
"ivox","conflict_security",0
"sora_institute","conflict_security",0
"gfs_bern","conflict_security",0
"sotomo","conflict_security",0
"link_institut","conflict_security",0
"red_c","conflict_security",0
"epinion","conflict_security",0
"voxmeter","conflict_security",0
"novus","conflict_security",0
"taloustutkimus","conflict_security",0
"finngen","conflict_security",0
"decode_genetics","conflict_security",0
"signicat","conflict_security",0
"natcen","conflict_security",0
"understanding_society","conflict_security",0
"uk_data_service","conflict_security",0
"opinium","conflict_security",0
"survation","conflict_security",0
"deltapoll","conflict_security",0
"focaldata","conflict_security",0
"jl_partners","conflict_security",0
"more_in_common","conflict_security",0
"bmg_research","conflict_security",0
"signal_ai","conflict_security",0
"rezatec","conflict_security",0
"open_cosmos","conflict_security",0
"iproov","conflict_security",0
"truelayer","conflict_security",0
"yapily","conflict_security",0
"our_future_health","conflict_security",0
"lifebit","conflict_security",0
"ovilongwa","conflict_security",0
"star_awards_bwa","conflict_security",0
"igd_burkina","conflict_security",0
"gradis_burundi","conflict_security",0
"afrosondagem","conflict_security",0
"cible_cameroun","conflict_security",0
"laereag_tchad","conflict_security",0
"avenir_nepad_congo","conflict_security",0
"cofinco_comores","conflict_security",0
"zechlab","conflict_security",0
"qa_strategic_swz","conflict_security",0
"abcon_ethiopia","conflict_security",0
"cergep_gabon","conflict_security",0
"stat_view_guinea","conflict_security",0
"igpad_guinea_bissau","conflict_security",0
"advision_lesotho","conflict_security",0
"cdg_liberia","conflict_security",0
"coef_resources","conflict_security",0
"csr_malawi","conflict_security",0
"great_mali","conflict_security",0
"sista_consult","conflict_security",0
"straconsult_mus","conflict_security",0
"gsc_morocco","conflict_security",0
"cs_research_moz","conflict_security",0
"survey_warehouse","conflict_security",0
"lasdel_niger","conflict_security",0
"cres_senegal","conflict_security",0
"igr_sierra_leone","conflict_security",0
"sudan_polling_center","conflict_security",0
"repoa_tanzania","conflict_security",0
"crpd_gambia","conflict_security",0
"crop_togo","conflict_security",0
"hatchile_uganda","conflict_security",0
"cesor_zambia","conflict_security",0
"smile_identity","conflict_security",0
"zindi","conflict_security",0
"kartoza","conflict_security",0
"geoterraimage","conflict_security",0
"spatial_collective","conflict_security",0
"ramani_huria","conflict_security",0
"farmerline","conflict_security",0
"esoko","conflict_security",0
"sunculture","conflict_security",0
"thriveagric","conflict_security",0
"mono_nigeria","conflict_security",0
"stitch_za","conflict_security",0
"metropol_kenya","conflict_security",0
"crc_credit_bureau","conflict_security",0
"africa_check","conflict_security",0
"dubawa","conflict_security",0
"ilara_health","conflict_security",0
"jacaranda_health","conflict_security",0
"reelforge","conflict_security",0
"prembly","conflict_security",0
"youverify","conflict_security",0
"data_science_nigeria","conflict_security",0
"icog_labs","conflict_security",0
"lesan_ai","conflict_security",0
"kobo360","conflict_security",0
"lori_systems","conflict_security",0
"irsm_algeria","conflict_security",0
"cread_algeria","conflict_security",0
"optimar","conflict_security",0
"orc_arastirma","conflict_security",0
"avrasya_arastirma","conflict_security",0
"genar","conflict_security",0
"yoneylem","conflict_security",0
"sonar_arastirma","conflict_security",0
"gezici_arastirma","conflict_security",0
"mak_danismanlik","conflict_security",0
"piar_arastirma","conflict_security",0
"insider_tr","conflict_security",0
"acrps_doha","conflict_security",1
"sesri_qatar","conflict_security",0
"qcri","conflict_security",0
"sdaia","conflict_security",0
"elm_saudi","conflict_security",0
"saudi_space_agency","conflict_security",0
"simah","conflict_security",0
"derasat","conflict_security",0
"cri_lebanon","conflict_security",0
"infopro_lebanon","conflict_security",0
"albayan_iraq","conflict_security",1
"mas_palestine","conflict_security",0
"altibbi","conflict_security",0
"maqsam","conflict_security",0
"el_zanaty","conflict_security",0
"i_score_egypt","conflict_security",0
"intella_ai","conflict_security",0
"marocmetrie","conflict_security",0
"aarc_international","conflict_security",0
"chifco","conflict_security",0
"m42","conflict_security",0
"aecb","conflict_security",0
"derq","conflict_security",0
"israel_democracy_institute","conflict_security",0
"zencity","conflict_security",0
"cognyte","conflict_security",2
"ahri_south_africa","conflict_security",0
"agincourt_wits","conflict_security",0
"saprin","conflict_security",0
"aphrc","conflict_security",0
"kemri_wellcome","conflict_security",0
"ifakara_health","conflict_security",0
"manhica_cisim","conflict_security",0
"mrc_gambia","conflict_security",0
"navrongo_hrc","conflict_security",0
"rakai_health","conflict_security",0
"malawi_liverpool_wellcome","conflict_security",0
"cidrz","conflict_security",0
"kersa_hdss","conflict_security",0
"nouna_crsn","conflict_security",0
"apcc","conflict_security",0
"h3africa","conflict_security",0
"hsrc","conflict_security",0
"saldru","conflict_security",0
"datafirst","conflict_security",0
"isser_ghana","conflict_security",0
"eprc_uganda","conflict_security",0
"esrf_tanzania","conflict_security",0
"csea_nigeria","conflict_security",0
"pesacheck","conflict_security",0
"freshly_ground_insights","conflict_security",0
"columinate","conflict_security",0
"persian_cohort","conflict_security",0
"golestan_cohort","conflict_security",0
"qatar_biobank","conflict_security",0
"moroccan_genome","conflict_security",0
"afristat","conflict_security",0
"statafric","conflict_security",0
"afdb_statistics","conflict_security",0
"sanbi","conflict_security",0
"africas_talking","conflict_security",0
"onafriq","conflict_security",0
"cellulant","conflict_security",0
"codesria","conflict_security",0
"aerc","conflict_security",0
"pasgr","conflict_security",0
"iss_africa","conflict_security",2
"nextier_spd","conflict_security",2
"heritage_institute","conflict_security",2
"zeparu","conflict_security",0
"bidpa","conflict_security",0
"ippr_namibia","conflict_security",0
"nkafu","conflict_security",0
"cires_ivoire","conflict_security",0
"iese_mozambique","conflict_security",0
"zipar","conflict_security",0
"riwi","conflict_security",0
"pricestats","conflict_security",0
"soundthinking","conflict_security",2
"alphonso","conflict_security",0
"opensignal","conflict_security",0
"nexar","conflict_security",0
"geodnet","conflict_security",0
"wingbits","conflict_security",0
"flightradar24","conflict_security",0
"karya","conflict_security",0
"airwars","conflict_security",2
"mnemonic","conflict_security",2
"forensic_architecture","conflict_security",2
"atlas_ai","conflict_security",0
"fraym","conflict_security",0
"rs_metrics","conflict_security",0
"yodlee","conflict_security",0
"empatica","conflict_security",0
"sonde_health","conflict_security",0
"origin_wireless","conflict_security",0
"vayyar","conflict_security",0
"bidgely","conflict_security",0
"wildlife_insights","conflict_security",0
"atlan_space","conflict_security",2
"cellebrite","conflict_security",2
"nso_group","conflict_security",2
"candiru","conflict_security",2
"paragon_solutions","conflict_security",2
"kando","conflict_security",0
"beehero","conflict_security",0
"seetree","conflict_security",0
"lean_technologies","conflict_security",0
"ushahidi","conflict_security",2
"sunbird_ai","conflict_security",0
"terragon","conflict_security",0
"zenvus","conflict_security",0
"dataphyte","conflict_security",1
"berci","conflict_security",2
"iford","conflict_security",0
"iki_malawi","conflict_security",0
"jumo","conflict_security",0
"kifiya","conflict_security",0
"omnisient","conflict_security",0
"humangle","conflict_security",2
"timbuktu_institute","conflict_security",2
"ayin_network","conflict_security",2
"sudan_transparency","conflict_security",2
"ipsos","firmographic",0
"kantar","firmographic",0
"niq","firmographic",0
"circana","firmographic",0
"gallup","firmographic",0
"yougov","firmographic",0
"morning_consult","firmographic",0
"pew_research","firmographic",0
"verian","firmographic",0
"ipsos_mori_uk","firmographic",0
"savanta","firmographic",0
"system1_group","firmographic",0
"euromonitor","firmographic",0
"mintel","firmographic",0
"statista","firmographic",0
"m3_global_research","firmographic",0
"escalent","firmographic",0
"material_plus","firmographic",0
"c_space","firmographic",0
"hall_and_partners","firmographic",0
"appinio","firmographic",0
"attest","firmographic",0
"zappi","firmographic",0
"suzy","firmographic",0
"glimpse_ai","firmographic",0
"listen_labs","firmographic",0
"strella","firmographic",0
"outset_ai","firmographic",0
"cint","firmographic",0
"dynata","firmographic",0
"toluna","firmographic",0
"bilendi","firmographic",0
"norstat","firmographic",0
"prolific","firmographic",0
"cloudresearch","firmographic",0
"purespectrum","firmographic",0
"innovate_mr","firmographic",1
"prodege","firmographic",0
"disqo","firmographic",0
"rakuten_insight","firmographic",0
"borderless_access","firmographic",0
"milieu_insight","firmographic",0
"respondent_io","firmographic",1
"qualtrics","firmographic",0
"surveymonkey","firmographic",0
"alchemer","firmographic",0
"forsta","firmographic",0
"sawtooth_software","firmographic",0
"surveycto","firmographic",0
"kobotoolbox","firmographic",0
"odk","firmographic",0
"commcare_dimagi","firmographic",0
"ona","firmographic",0
"mwater","firmographic",0
"redcap","firmographic",0
"gorilla_sc","firmographic",0
"credamo","firmographic",0
"wenjuanxing","firmographic",0
"one_to_one_tunisia","firmographic",0
"sigma_conseil","firmographic",0
"emrhod_consulting","firmographic",0
"elka_consulting","firmographic",0
"bjka_consulting","firmographic",0
"lms_csa_maroc","firmographic",0
"baseera_egypt","firmographic",0
"pcpsr","firmographic",0
"awrad","firmographic",0
"nama_strategic","firmographic",0
"css_jordan","firmographic",0
"iiacss","firmographic",0
"parc_dubai","firmographic",0
"ispa_iran","firmographic",0
"gamaan","firmographic",0
"konda","firmographic",0
"metropoll","firmographic",0
"areda_survey","firmographic",0
"midgam_israel","firmographic",0
"ipanel_israel","firmographic",0
"arab_barometer","firmographic",0
"afrobarometer","firmographic",0
"cdd_ghana","firmographic",0
"ijr_south_africa","firmographic",0
"ids_nairobi","firmographic",0
"ireg_benin","firmographic",0
"infotrak","firmographic",0
"tifa_research","firmographic",0
"consumer_insight_africa","firmographic",0
"geopoll","firmographic",0
"sagaci_research","firmographic",0
"noipolls","firmographic",0
"sbm_intelligence","firmographic",0
"practical_sampling","firmographic",0
"ask_afrika","firmographic",0
"plus94_research","firmographic",0
"citizen_surveys","firmographic",0
"busara_center","firmographic",0
"ipa_research","firmographic",0
"jpal","firmographic",0
"laterite","firmographic",0
"sixty_decibels","firmographic",0
"lokniti_csds","firmographic",0
"cvoter","firmographic",0
"axis_my_india","firmographic",0
"hansa_research","firmographic",0
"q_and_q_research","firmographic",0
"outline_india","firmographic",0
"gallup_pakistan","firmographic",0
"lsi_indonesia","firmographic",0
"smrc_indonesia","firmographic",0
"indikator_politik","firmographic",0
"sws_philippines","firmographic",0
"pulse_asia","firmographic",0
"cimigo","firmographic",0
"q_and_me","firmographic",0
"indochina_research","firmographic",0
"deka_research","firmographic",0
"macromill","firmographic",0
"intage","firmographic",0
"nikkei_research","firmographic",2
"cross_marketing","firmographic",0
"embrain","firmographic",0
"hankook_research","firmographic",0
"realmeter","firmographic",0
"gallup_korea","firmographic",0
"horizon_china","firmographic",0
"ctr_china","firmographic",0
"csm_media","firmographic",0
"datafolha","firmographic",0
"ipec_brasil","firmographic",0
"quaest","firmographic",0
"atlasintel","firmographic",0
"consulta_mitofsky","firmographic",0
"enkoll","firmographic",0
"buendia_marquez","firmographic",0
"cadem","firmographic",0
"invamer","firmographic",0
"datexco","firmographic",0
"cid_gallup","firmographic",0
"poliarquia","firmographic",0
"latinobarometro","firmographic",0
"lapop","firmographic",0
"levada_center","firmographic",0
"vciom","firmographic",0
"fom_russia","firmographic",0
"russian_field","firmographic",0
"kiis","firmographic",0
"rating_group","firmographic",0
"razumkov_centre","firmographic",0
"info_sapiens","firmographic",0
"gradus_research","firmographic",0
"crrc","firmographic",0
"act_georgia","firmographic",0
"central_asia_barometer","firmographic",0
"m_vector","firmographic",0
"siar_research","firmographic",0
"ipm_belarus","firmographic",0
"roy_morgan","firmographic",0
"essential_research","firmographic",0
"oztam","firmographic",0
"barb_uk","firmographic",0
"mediametrie","firmographic",0
"barc_india","firmographic",0
"video_research_jp","firmographic",0
"numeris","firmographic",0
"scale_ai","firmographic",0
"surge_ai","firmographic",0
"mercor","firmographic",0
"handshake_ai","firmographic",0
"micro1","firmographic",0
"turing_com","firmographic",0
"invisible_tech","firmographic",0
"appen","firmographic",0
"toloka","firmographic",0
"telus_digital_ai","firmographic",0
"imerit","firmographic",0
"sama","firmographic",0
"cloudfactory","firmographic",0
"superannotate","firmographic",0
"labelbox","firmographic",0
"snorkel_ai","firmographic",0
"encord","firmographic",0
"v7_labs","firmographic",0
"kili_technology","firmographic",0
"dataloop","firmographic",0
"roboflow","firmographic",0
"defined_ai","firmographic",0
"shaip","firmographic",0
"innodata","firmographic",0
"transperfect_dataforce","firmographic",0
"speechocean","firmographic",0
"datatang","firmographic",0
"magic_data_tech","firmographic",0
"dataannotation_tech","firmographic",0
"pareto_ai","firmographic",0
"mturk","firmographic",0
"clickworker","firmographic",0
"premise_data","firmographic",0
"streetbees","firmographic",0
"roamler","firmographic",0
"field_agent","firmographic",0
"gigwalk","firmographic",0
"glg","firmographic",2
"third_bridge","firmographic",2
"guidepoint","firmographic",2
"alphasense","firmographic",2
"dialectica","firmographic",2
"bright_data","firmographic",1
"oxylabs","firmographic",1
"decodo","firmographic",0
"zyte","firmographic",0
"apify","firmographic",0
"firecrawl","firmographic",0
"tavily","firmographic",0
"diffbot","firmographic",2
"common_crawl","firmographic",0
"promptcloud","firmographic",0
"grepsr","firmographic",0
"nimble_data","firmographic",0
"coresignal","firmographic",2
"acxiom","firmographic",0
"experian","firmographic",0
"equifax","firmographic",0
"transunion","firmographic",0
"liveramp","firmographic",0
"epsilon","firmographic",0
"lexisnexis_risk","firmographic",0
"dun_bradstreet","firmographic",2
"cotality","firmographic",0
"verisk","firmographic",0
"crif","firmographic",2
"serasa_experian","firmographic",0
"spokeo","firmographic",0
"safegraph","firmographic",0
"placer_ai","firmographic",0
"veraset","firmographic",0
"unacast","firmographic",0
"foursquare","firmographic",0
"kochava_collective","firmographic",0
"azira","firmographic",0
"advan_research","firmographic",0
"huq_industries","firmographic",0
"predicio","firmographic",0
"positium","firmographic",0
"teralytics","firmographic",0
"orange_flux_vision","firmographic",0
"flowminder","firmographic",0
"planet_labs","firmographic",0
"vantor","firmographic",0
"blacksky","firmographic",0
"iceye","firmographic",0
"satellogic","firmographic",0
"capella_space","firmographic",0
"umbra_space","firmographic",0
"airbus_ds_geo","firmographic",0
"spire_global","firmographic",0
"ursa_space","firmographic",0
"pixxel","firmographic",0
"skyfi","firmographic",0
"earthdaily","firmographic",0
"satvu","firmographic",0
"ghgsat","firmographic",0
"kayrros","firmographic",0
"descartes_labs","firmographic",0
"spaceknow","firmographic",0
"synspective","firmographic",0
"axelspace","firmographic",0
"changguang","firmographic",0
"twentyone_at","firmographic",0
"tomorrow_io","firmographic",0
"windborne","firmographic",0
"saildrone","firmographic",0
"sofar_ocean","firmographic",0
"jupiter_intelligence","firmographic",0
"first_street","firmographic",0
"fathom_global","firmographic",0
"jba_risk","firmographic",0
"moodys_rms","firmographic",0
"mitiga_solutions","firmographic",0
"climateai","firmographic",0
"descartes_underwriting","firmographic",0
"sylvera","firmographic",0
"bezero_carbon","firmographic",0
"carbon_mapper","firmographic",0
"chloris_geospatial","firmographic",0
"nielsen","firmographic",0
"comscore","firmographic",0
"samba_tv","firmographic",0
"ispot_tv","firmographic",0
"videoamp","firmographic",0
"similarweb","firmographic",0
"sensor_tower","firmographic",0
"yipitdata","firmographic",0
"m_science","firmographic",0
"consumer_edge","firmographic",0
"earnest_analytics","firmographic",0
"facteus","firmographic",0
"measurable_ai","firmographic",0
"plaid","firmographic",0
"tink","firmographic",0
"kpler","firmographic",0
"vortexa","firmographic",0
"windward_ai","firmographic",0
"panjiva","firmographic",2
"importgenius","firmographic",2
"iqvia","firmographic",0
"komodo_health","firmographic",0
"truveta","firmographic",0
"healthverity","firmographic",0
"tempus_ai","firmographic",0
"datavant","firmographic",0
"flatiron_health","firmographic",0
"trinetx","firmographic",0
"picnichealth","firmographic",0
"evidation_health","firmographic",0
"medidata","firmographic",0
"veeva_crossix","firmographic",0
"definitive_healthcare","firmographic",2
"uk_biobank","firmographic",0
"bgi_genomics","firmographic",0
"samsara","firmographic",0
"geotab","firmographic",0
"inrix","firmographic",0
"tomtom","firmographic",0
"here_technologies","firmographic",0
"cambridge_mobile","firmographic",0
"arity","firmographic",0
"smartcar","firmographic",0
"high_mobility","firmographic",0
"dataminr","firmographic",0
"recorded_future","firmographic",1
"meltwater","firmographic",0
"brandwatch","firmographic",0
"talkwalker","firmographic",0
"sprinklr","firmographic",0
"graphika","firmographic",0
"babel_street","firmographic",0
"sayari","firmographic",2
"kharon","firmographic",2
"janes","firmographic",0
"acled","firmographic",0
"gdelt","firmographic",0
"bellingcat","firmographic",0
"newsguard","firmographic",0
"zoominfo","firmographic",2
"apollo_io","firmographic",2
"cognism","firmographic",2
"lusha","firmographic",2
"people_data_labs","firmographic",2
"opencorporates","firmographic",2
"moodys_bvd","firmographic",2
"pitchbook","firmographic",2
"crunchbase","firmographic",2
"tracxn","firmographic",2
"dealroom","firmographic",2
"numerator","firmographic",0
"profitero","firmographic",0
"dataweave","firmographic",0
"intelligence_node","firmographic",0
"trax_retail","firmographic",0
"dunnhumby","firmographic",0
"eightyfour_51","firmographic",0
"clearview_ai","firmographic",0
"pimeyes","firmographic",0
"tools_for_humanity","firmographic",0
"yoti","firmographic",0
"idemia","firmographic",0
"sensetime","firmographic",0
"megvii","firmographic",0
"hikvision","firmographic",0
"arab_advisors","firmographic",0
"asdaa_bcw","firmographic",0
"insight_discovery","firmographic",2
"ventures_middle_east","firmographic",2
"space42","firmographic",0
"presight_ai","firmographic",2
"lucidya","firmographic",0
"mozn","firmographic",2
"crowd_analyzer","firmographic",0
"tarjama","firmographic",0
"idsc_egypt","firmographic",0
"rada_research","firmographic",0
"statistics_lebanon","firmographic",0
"information_international","firmographic",2
"scpr_syria","firmographic",0
"yemen_polling_center","firmographic",0
"diwan_research","firmographic",0
"immar_rc","firmographic",0
"sunergia","firmographic",0
"iranpoll","firmographic",0
"turkiye_raporu","firmographic",0
"geocartography","firmographic",0
"near_east_consulting","firmographic",0
"jmcc","firmographic",0
"zogby_research","firmographic",0
"reach_initiative","firmographic",0
"acaps","firmographic",0
"afriksurvey","firmographic",0
"sagapoll","firmographic",0
"dalberg_research","firmographic",0
"stears","firmographic",2
"datalens_africa","firmographic",0
"creditregistry","firmographic",0
"indicina","firmographic",0
"africa_polling_institute","firmographic",0
"global_infoanalytics","firmographic",0
"amini","firmographic",0
"research_solutions_africa","firmographic",0
"msurvey","firmographic",0
"echo_mobile","firmographic",0
"viamo","firmographic",0
"twaweza","firmographic",0
"research_world_intl","firmographic",0
"charis_uas","firmographic",0
"digital_umuganda","firmographic",0
"somali_public_agenda","firmographic",0
"mpoi_zimbabwe","firmographic",0
"social_research_foundation","firmographic",0
"eighty20","firmographic",0
"lightstone","firmographic",0
"lelapa_ai","firmographic",0
"masakhane","firmographic",0
"awarri","firmographic",0
"romir","firmographic",0
"mediascope","firmographic",0
"ipsos_comcon","firmographic",0
"tiburon_research","firmographic",0
"anketolog","firmographic",0
"sberindex","firmographic",0
"yandex_data","firmographic",0
"baw_belarus","firmographic",0
"bisam","firmographic",0
"demoscope_kz","firmographic",0
"ijtimoiy_fikr","firmographic",0
"questmobile","firmographic",0
"analysys_yiguan","firmographic",1
"iimedia","firmographic",0
"talkingdata","firmographic",0
"aurora_mobile","firmographic",0
"miaozhen_admaster","firmographic",0
"qichacha","firmographic",2
"tianyancha","firmographic",2
"wind_information","firmographic",2
"intron_health","firmographic",0
"african_languages_lab","firmographic",0
"aflabox","firmographic",0
"tolbi","firmographic",0
"soko_aerial","firmographic",0
"geoinfotech","firmographic",0
"helium_health","firmographic",1
"pula","firmographic",0
"apollo_agriculture","firmographic",0
"hello_tractor","firmographic",0
"mpharma","firmographic",0
"ehealth_africa","firmographic",0
"lacuna_fund","firmographic",0
"makerere_ai","firmographic",0
"cntxt_ai","firmographic",0
"arabic_ai","firmographic",0
"aydi","firmographic",0
"widebot","firmographic",0
"mawdoo3","firmographic",0
"aaru","firmographic",0
"simile","firmographic",0
"conveo","firmographic",0
"perspective_ai","firmographic",0
"theysaid","firmographic",0
"versive","firmographic",0
"hivemapper","firmographic",0
"dimo","firmographic",0
"weatherxm","firmographic",0
"nova_labs_helium","firmographic",0
"safecast","firmographic",0
"biobot","firmographic",0
"verily","firmographic",0
"wastewaterscan","firmographic",0
"hawkeye_360","firmographic",0
"unseenlabs","firmographic",0
"kleos_space","firmographic",0
"naturemetrics","firmographic",0
"rainforest_connection","firmographic",0
"fugro","firmographic",0
"clarity_movement","firmographic",0
"aclima","firmographic",0
"nuview","firmographic",0
"orbital_sidekick","firmographic",0
"wyvern","firmographic",0
"hydrosat","firmographic",0
"muon_space","firmographic",0
"myriota","firmographic",0
"astrocast","firmographic",0
"nearmap","firmographic",0
"vexcel_imaging","firmographic",0
"airqo","firmographic",0
"code_for_africa","firmographic",0
"aerobotics","firmographic",0
"ujuzikilimo","firmographic",0
"robocare","firmographic",0
"astral_aerial","firmographic",0
"earthranger","firmographic",0
"falcon_eye_drones","firmographic",0
"falcon_3d","firmographic",0
"digital_earth_africa","firmographic",0
"sansa","firmographic",0
"nasrda","firmographic",0
"egsa","firmographic",0
"kenya_space_agency","firmographic",0
"essti","firmographic",0
"mbrsc","firmographic",0
"tubitak_uzay","firmographic",0
"imagesat","firmographic",0
"taranis","firmographic",0
"agritask","firmographic",0
"asterra","firmographic",0
"norc","firmographic",0
"westat","firmographic",0
"rti_international","firmographic",0
"mathematica","firmographic",0
"abt_global","firmographic",0
"ssrs","firmographic",0
"icf_international","firmographic",0
"quinnipiac_poll","firmographic",0
"marist_poll","firmographic",0
"monmouth_poll","firmographic",0
"siena_research","firmographic",0
"emerson_polling","firmographic",0
"surveyusa","firmographic",0
"prri","firmographic",0
"ap_norc","firmographic",0
"civiqs","firmographic",0
"echelon_insights","firmographic",0
"data_for_progress","firmographic",0
"cygnal","firmographic",0
"leger","firmographic",0
"angus_reid_institute","firmographic",0
"nanos_research","firmographic",0
"ekos_research","firmographic",0
"abacus_data","firmographic",0
"environics_research","firmographic",0
"skywatch","firmographic",0
"mda_space","firmographic",0
"ecopia_ai","firmographic",0
"farmers_edge","firmographic",0
"deveron","firmographic",0
"semios","firmographic",0
"bluedot","firmographic",0
"local_logic","firmographic",0
"riskthinking_ai","firmographic",0
"triton_digital","firmographic",0
"descartes_datamyne","firmographic",1
"browse_ai","firmographic",0
"internet_archive","firmographic",0
"exa_ai","firmographic",0
"altana","firmographic",2
"project44","firmographic",0
"fourkites","firmographic",0
"clear_secure","firmographic",0
"id_me","firmographic",0
"socure","firmographic",0
"observa","firmographic",0
"ookla","firmographic",0
"purpleair","firmographic",0
"motive","firmographic",0
"lytx","firmographic",0
"catalina_marketing","firmographic",0
"inmar_intelligence","firmographic",0
"data_axle","firmographic",2
"bombora","firmographic",2
"thinknum","firmographic",2
"om1","firmographic",0
"verana_health","firmographic",0
"atropos_health","firmographic",0
"aetion","firmographic",0
"edison_research","firmographic",0
"luminate_data","firmographic",0
"flashpoint","firmographic",0
"zignal_labs","firmographic",0
"albedo","firmographic",0
"centaur_labs","firmographic",0
"fulcrum_app","firmographic",0
"rep_data","firmographic",0
"understanding_america","firmographic",0
"forsa","firmographic",0
"infratest_dimap","firmographic",0
"allensbach","firmographic",0
"civey","firmographic",0
"insa_consulere","firmographic",0
"infas","firmographic",0
"gesis","firmographic",0
"soep_diw","firmographic",0
"ororatech","firmographic",0
"liveeo","firmographic",0
"constellr","firmographic",0
"limesurvey","firmographic",0
"agf_videoforschung","firmographic",0
"ifop","firmographic",0
"opinionway","firmographic",0
"bva_xsight","firmographic",0
"elabe","firmographic",0
"odoxa","firmographic",0
"csa_research","firmographic",0
"credoc","firmographic",0
"scrapingbee","firmographic",0
"shippeo","firmographic",0
"owkin","firmographic",0
"doxa","firmographic",0
"swg_italia","firmographic",0
"cerved","firmographic",2
"auditel_italia","firmographic",0
"e_geos","firmographic",0
"planetek_italia","firmographic",0
"sigma_dos","firmographic",0
"gad3","firmographic",0
"metroscopia","firmographic",0
"cuarenta_db","firmographic",0
"kido_dynamics","firmographic",0
"deimos_imaging","firmographic",0
"marktest","firmographic",0
"intercampus","firmographic",0
"metron_analysis","firmographic",0
"kapa_research","firmographic",0
"marinetraffic","firmographic",0
"kieskompas","firmographic",0
"io_research","firmographic",0
"motivaction","firmographic",0
"nipo_nfield","firmographic",0
"lifelines","firmographic",0
"ivox","firmographic",0
"sora_institute","firmographic",0
"gfs_bern","firmographic",0
"sotomo","firmographic",0
"link_institut","firmographic",0
"red_c","firmographic",0
"epinion","firmographic",0
"voxmeter","firmographic",0
"novus","firmographic",0
"taloustutkimus","firmographic",0
"finngen","firmographic",0
"decode_genetics","firmographic",0
"signicat","firmographic",0
"natcen","firmographic",0
"understanding_society","firmographic",0
"uk_data_service","firmographic",0
"opinium","firmographic",0
"survation","firmographic",0
"deltapoll","firmographic",0
"focaldata","firmographic",0
"jl_partners","firmographic",0
"more_in_common","firmographic",0
"bmg_research","firmographic",0
"signal_ai","firmographic",1
"rezatec","firmographic",0
"open_cosmos","firmographic",0
"iproov","firmographic",0
"truelayer","firmographic",0
"yapily","firmographic",0
"our_future_health","firmographic",0
"lifebit","firmographic",0
"ovilongwa","firmographic",0
"star_awards_bwa","firmographic",0
"igd_burkina","firmographic",0
"gradis_burundi","firmographic",0
"afrosondagem","firmographic",0
"cible_cameroun","firmographic",0
"laereag_tchad","firmographic",0
"avenir_nepad_congo","firmographic",0
"cofinco_comores","firmographic",0
"zechlab","firmographic",0
"qa_strategic_swz","firmographic",0
"abcon_ethiopia","firmographic",0
"cergep_gabon","firmographic",0
"stat_view_guinea","firmographic",0
"igpad_guinea_bissau","firmographic",0
"advision_lesotho","firmographic",0
"cdg_liberia","firmographic",0
"coef_resources","firmographic",0
"csr_malawi","firmographic",0
"great_mali","firmographic",0
"sista_consult","firmographic",0
"straconsult_mus","firmographic",0
"gsc_morocco","firmographic",0
"cs_research_moz","firmographic",0
"survey_warehouse","firmographic",0
"lasdel_niger","firmographic",0
"cres_senegal","firmographic",0
"igr_sierra_leone","firmographic",0
"sudan_polling_center","firmographic",0
"repoa_tanzania","firmographic",0
"crpd_gambia","firmographic",0
"crop_togo","firmographic",0
"hatchile_uganda","firmographic",0
"cesor_zambia","firmographic",0
"smile_identity","firmographic",0
"zindi","firmographic",0
"kartoza","firmographic",0
"geoterraimage","firmographic",0
"spatial_collective","firmographic",0
"ramani_huria","firmographic",0
"farmerline","firmographic",0
"esoko","firmographic",0
"sunculture","firmographic",0
"thriveagric","firmographic",0
"mono_nigeria","firmographic",0
"stitch_za","firmographic",0
"metropol_kenya","firmographic",2
"crc_credit_bureau","firmographic",2
"africa_check","firmographic",0
"dubawa","firmographic",0
"ilara_health","firmographic",0
"jacaranda_health","firmographic",0
"reelforge","firmographic",0
"prembly","firmographic",1
"youverify","firmographic",0
"data_science_nigeria","firmographic",0
"icog_labs","firmographic",0
"lesan_ai","firmographic",0
"kobo360","firmographic",0
"lori_systems","firmographic",0
"irsm_algeria","firmographic",0
"cread_algeria","firmographic",0
"optimar","firmographic",0
"orc_arastirma","firmographic",0
"avrasya_arastirma","firmographic",0
"genar","firmographic",0
"yoneylem","firmographic",0
"sonar_arastirma","firmographic",0
"gezici_arastirma","firmographic",0
"mak_danismanlik","firmographic",0
"piar_arastirma","firmographic",0
"insider_tr","firmographic",0
"acrps_doha","firmographic",0
"sesri_qatar","firmographic",0
"qcri","firmographic",0
"sdaia","firmographic",2
"elm_saudi","firmographic",2
"saudi_space_agency","firmographic",0
"simah","firmographic",2
"derasat","firmographic",0
"cri_lebanon","firmographic",0
"infopro_lebanon","firmographic",2
"albayan_iraq","firmographic",0
"mas_palestine","firmographic",0
"altibbi","firmographic",0
"maqsam","firmographic",0
"el_zanaty","firmographic",0
"i_score_egypt","firmographic",2
"intella_ai","firmographic",0
"marocmetrie","firmographic",0
"aarc_international","firmographic",0
"chifco","firmographic",0
"m42","firmographic",0
"aecb","firmographic",2
"derq","firmographic",0
"israel_democracy_institute","firmographic",0
"zencity","firmographic",0
"cognyte","firmographic",0
"ahri_south_africa","firmographic",0
"agincourt_wits","firmographic",0
"saprin","firmographic",0
"aphrc","firmographic",0
"kemri_wellcome","firmographic",0
"ifakara_health","firmographic",0
"manhica_cisim","firmographic",0
"mrc_gambia","firmographic",0
"navrongo_hrc","firmographic",0
"rakai_health","firmographic",0
"malawi_liverpool_wellcome","firmographic",0
"cidrz","firmographic",0
"kersa_hdss","firmographic",0
"nouna_crsn","firmographic",0
"apcc","firmographic",0
"h3africa","firmographic",0
"hsrc","firmographic",0
"saldru","firmographic",0
"datafirst","firmographic",0
"isser_ghana","firmographic",0
"eprc_uganda","firmographic",0
"esrf_tanzania","firmographic",0
"csea_nigeria","firmographic",2
"pesacheck","firmographic",0
"freshly_ground_insights","firmographic",0
"columinate","firmographic",0
"persian_cohort","firmographic",0
"golestan_cohort","firmographic",0
"qatar_biobank","firmographic",0
"moroccan_genome","firmographic",0
"afristat","firmographic",1
"statafric","firmographic",2
"afdb_statistics","firmographic",2
"sanbi","firmographic",0
"africas_talking","firmographic",0
"onafriq","firmographic",0
"cellulant","firmographic",0
"codesria","firmographic",0
"aerc","firmographic",0
"pasgr","firmographic",0
"iss_africa","firmographic",0
"nextier_spd","firmographic",0
"heritage_institute","firmographic",0
"zeparu","firmographic",0
"bidpa","firmographic",0
"ippr_namibia","firmographic",0
"nkafu","firmographic",0
"cires_ivoire","firmographic",0
"iese_mozambique","firmographic",0
"zipar","firmographic",0
"riwi","firmographic",0
"pricestats","firmographic",0
"soundthinking","firmographic",0
"alphonso","firmographic",0
"opensignal","firmographic",0
"nexar","firmographic",0
"geodnet","firmographic",0
"wingbits","firmographic",0
"flightradar24","firmographic",0
"karya","firmographic",0
"airwars","firmographic",0
"mnemonic","firmographic",0
"forensic_architecture","firmographic",0
"atlas_ai","firmographic",0
"fraym","firmographic",0
"rs_metrics","firmographic",0
"yodlee","firmographic",0
"empatica","firmographic",0
"sonde_health","firmographic",0
"origin_wireless","firmographic",0
"vayyar","firmographic",0
"bidgely","firmographic",0
"wildlife_insights","firmographic",0
"atlan_space","firmographic",0
"cellebrite","firmographic",0
"nso_group","firmographic",0
"candiru","firmographic",0
"paragon_solutions","firmographic",0
"kando","firmographic",0
"beehero","firmographic",0
"seetree","firmographic",0
"lean_technologies","firmographic",0
"ushahidi","firmographic",0
"sunbird_ai","firmographic",0
"terragon","firmographic",0
"zenvus","firmographic",0
"dataphyte","firmographic",0
"berci","firmographic",0
"iford","firmographic",0
"iki_malawi","firmographic",0
"jumo","firmographic",0
"kifiya","firmographic",0
"omnisient","firmographic",0
"humangle","firmographic",0
"timbuktu_institute","firmographic",0
"ayin_network","firmographic",0
"sudan_transparency","firmographic",1
"ipsos","prices_retail",0
"kantar","prices_retail",1
"niq","prices_retail",2
"circana","prices_retail",2
"gallup","prices_retail",0
"yougov","prices_retail",0
"morning_consult","prices_retail",0
"pew_research","prices_retail",0
"verian","prices_retail",0
"ipsos_mori_uk","prices_retail",0
"savanta","prices_retail",0
"system1_group","prices_retail",0
"euromonitor","prices_retail",2
"mintel","prices_retail",2
"statista","prices_retail",2
"m3_global_research","prices_retail",0
"escalent","prices_retail",0
"material_plus","prices_retail",0
"c_space","prices_retail",0
"hall_and_partners","prices_retail",0
"appinio","prices_retail",0
"attest","prices_retail",0
"zappi","prices_retail",0
"suzy","prices_retail",0
"glimpse_ai","prices_retail",0
"listen_labs","prices_retail",0
"strella","prices_retail",0
"outset_ai","prices_retail",0
"cint","prices_retail",0
"dynata","prices_retail",0
"toluna","prices_retail",0
"bilendi","prices_retail",0
"norstat","prices_retail",0
"prolific","prices_retail",0
"cloudresearch","prices_retail",0
"purespectrum","prices_retail",0
"innovate_mr","prices_retail",0
"prodege","prices_retail",0
"disqo","prices_retail",0
"rakuten_insight","prices_retail",0
"borderless_access","prices_retail",0
"milieu_insight","prices_retail",0
"respondent_io","prices_retail",0
"qualtrics","prices_retail",0
"surveymonkey","prices_retail",0
"alchemer","prices_retail",0
"forsta","prices_retail",0
"sawtooth_software","prices_retail",0
"surveycto","prices_retail",0
"kobotoolbox","prices_retail",0
"odk","prices_retail",0
"commcare_dimagi","prices_retail",0
"ona","prices_retail",0
"mwater","prices_retail",0
"redcap","prices_retail",0
"gorilla_sc","prices_retail",0
"credamo","prices_retail",0
"wenjuanxing","prices_retail",0
"one_to_one_tunisia","prices_retail",0
"sigma_conseil","prices_retail",0
"emrhod_consulting","prices_retail",0
"elka_consulting","prices_retail",0
"bjka_consulting","prices_retail",0
"lms_csa_maroc","prices_retail",0
"baseera_egypt","prices_retail",0
"pcpsr","prices_retail",0
"awrad","prices_retail",0
"nama_strategic","prices_retail",0
"css_jordan","prices_retail",0
"iiacss","prices_retail",0
"parc_dubai","prices_retail",0
"ispa_iran","prices_retail",0
"gamaan","prices_retail",0
"konda","prices_retail",0
"metropoll","prices_retail",0
"areda_survey","prices_retail",0
"midgam_israel","prices_retail",0
"ipanel_israel","prices_retail",0
"arab_barometer","prices_retail",0
"afrobarometer","prices_retail",0
"cdd_ghana","prices_retail",0
"ijr_south_africa","prices_retail",0
"ids_nairobi","prices_retail",0
"ireg_benin","prices_retail",0
"infotrak","prices_retail",0
"tifa_research","prices_retail",0
"consumer_insight_africa","prices_retail",0
"geopoll","prices_retail",0
"sagaci_research","prices_retail",2
"noipolls","prices_retail",0
"sbm_intelligence","prices_retail",1
"practical_sampling","prices_retail",0
"ask_afrika","prices_retail",0
"plus94_research","prices_retail",0
"citizen_surveys","prices_retail",0
"busara_center","prices_retail",0
"ipa_research","prices_retail",0
"jpal","prices_retail",0
"laterite","prices_retail",0
"sixty_decibels","prices_retail",0
"lokniti_csds","prices_retail",0
"cvoter","prices_retail",0
"axis_my_india","prices_retail",0
"hansa_research","prices_retail",0
"q_and_q_research","prices_retail",0
"outline_india","prices_retail",0
"gallup_pakistan","prices_retail",0
"lsi_indonesia","prices_retail",0
"smrc_indonesia","prices_retail",0
"indikator_politik","prices_retail",0
"sws_philippines","prices_retail",0
"pulse_asia","prices_retail",0
"cimigo","prices_retail",0
"q_and_me","prices_retail",0
"indochina_research","prices_retail",0
"deka_research","prices_retail",0
"macromill","prices_retail",0
"intage","prices_retail",2
"nikkei_research","prices_retail",0
"cross_marketing","prices_retail",0
"embrain","prices_retail",0
"hankook_research","prices_retail",0
"realmeter","prices_retail",0
"gallup_korea","prices_retail",0
"horizon_china","prices_retail",0
"ctr_china","prices_retail",1
"csm_media","prices_retail",0
"datafolha","prices_retail",0
"ipec_brasil","prices_retail",0
"quaest","prices_retail",0
"atlasintel","prices_retail",0
"consulta_mitofsky","prices_retail",0
"enkoll","prices_retail",0
"buendia_marquez","prices_retail",0
"cadem","prices_retail",0
"invamer","prices_retail",0
"datexco","prices_retail",0
"cid_gallup","prices_retail",0
"poliarquia","prices_retail",0
"latinobarometro","prices_retail",0
"lapop","prices_retail",0
"levada_center","prices_retail",0
"vciom","prices_retail",0
"fom_russia","prices_retail",0
"russian_field","prices_retail",0
"kiis","prices_retail",0
"rating_group","prices_retail",0
"razumkov_centre","prices_retail",0
"info_sapiens","prices_retail",0
"gradus_research","prices_retail",0
"crrc","prices_retail",0
"act_georgia","prices_retail",0
"central_asia_barometer","prices_retail",0
"m_vector","prices_retail",0
"siar_research","prices_retail",0
"ipm_belarus","prices_retail",0
"roy_morgan","prices_retail",0
"essential_research","prices_retail",0
"oztam","prices_retail",0
"barb_uk","prices_retail",0
"mediametrie","prices_retail",0
"barc_india","prices_retail",0
"video_research_jp","prices_retail",0
"numeris","prices_retail",0
"scale_ai","prices_retail",0
"surge_ai","prices_retail",0
"mercor","prices_retail",0
"handshake_ai","prices_retail",0
"micro1","prices_retail",0
"turing_com","prices_retail",0
"invisible_tech","prices_retail",0
"appen","prices_retail",0
"toloka","prices_retail",0
"telus_digital_ai","prices_retail",0
"imerit","prices_retail",0
"sama","prices_retail",0
"cloudfactory","prices_retail",0
"superannotate","prices_retail",0
"labelbox","prices_retail",0
"snorkel_ai","prices_retail",0
"encord","prices_retail",0
"v7_labs","prices_retail",0
"kili_technology","prices_retail",0
"dataloop","prices_retail",0
"roboflow","prices_retail",0
"defined_ai","prices_retail",0
"shaip","prices_retail",0
"innodata","prices_retail",0
"transperfect_dataforce","prices_retail",0
"speechocean","prices_retail",0
"datatang","prices_retail",0
"magic_data_tech","prices_retail",0
"dataannotation_tech","prices_retail",0
"pareto_ai","prices_retail",0
"mturk","prices_retail",0
"clickworker","prices_retail",0
"premise_data","prices_retail",2
"streetbees","prices_retail",0
"roamler","prices_retail",2
"field_agent","prices_retail",2
"gigwalk","prices_retail",2
"glg","prices_retail",0
"third_bridge","prices_retail",0
"guidepoint","prices_retail",0
"alphasense","prices_retail",0
"dialectica","prices_retail",0
"bright_data","prices_retail",2
"oxylabs","prices_retail",2
"decodo","prices_retail",1
"zyte","prices_retail",2
"apify","prices_retail",1
"firecrawl","prices_retail",0
"tavily","prices_retail",0
"diffbot","prices_retail",0
"common_crawl","prices_retail",0
"promptcloud","prices_retail",2
"grepsr","prices_retail",2
"nimble_data","prices_retail",2
"coresignal","prices_retail",0
"acxiom","prices_retail",0
"experian","prices_retail",0
"equifax","prices_retail",0
"transunion","prices_retail",0
"liveramp","prices_retail",0
"epsilon","prices_retail",0
"lexisnexis_risk","prices_retail",0
"dun_bradstreet","prices_retail",0
"cotality","prices_retail",0
"verisk","prices_retail",0
"crif","prices_retail",0
"serasa_experian","prices_retail",0
"spokeo","prices_retail",0
"safegraph","prices_retail",2
"placer_ai","prices_retail",2
"veraset","prices_retail",0
"unacast","prices_retail",0
"foursquare","prices_retail",0
"kochava_collective","prices_retail",0
"azira","prices_retail",0
"advan_research","prices_retail",0
"huq_industries","prices_retail",1
"predicio","prices_retail",0
"positium","prices_retail",0
"teralytics","prices_retail",0
"orange_flux_vision","prices_retail",0
"flowminder","prices_retail",0
"planet_labs","prices_retail",0
"vantor","prices_retail",0
"blacksky","prices_retail",0
"iceye","prices_retail",0
"satellogic","prices_retail",0
"capella_space","prices_retail",0
"umbra_space","prices_retail",0
"airbus_ds_geo","prices_retail",0
"spire_global","prices_retail",0
"ursa_space","prices_retail",0
"pixxel","prices_retail",0
"skyfi","prices_retail",0
"earthdaily","prices_retail",0
"satvu","prices_retail",0
"ghgsat","prices_retail",0
"kayrros","prices_retail",0
"descartes_labs","prices_retail",0
"spaceknow","prices_retail",0
"synspective","prices_retail",0
"axelspace","prices_retail",0
"changguang","prices_retail",0
"twentyone_at","prices_retail",0
"tomorrow_io","prices_retail",0
"windborne","prices_retail",0
"saildrone","prices_retail",0
"sofar_ocean","prices_retail",0
"jupiter_intelligence","prices_retail",0
"first_street","prices_retail",0
"fathom_global","prices_retail",0
"jba_risk","prices_retail",0
"moodys_rms","prices_retail",0
"mitiga_solutions","prices_retail",0
"climateai","prices_retail",0
"descartes_underwriting","prices_retail",0
"sylvera","prices_retail",0
"bezero_carbon","prices_retail",0
"carbon_mapper","prices_retail",0
"chloris_geospatial","prices_retail",0
"nielsen","prices_retail",0
"comscore","prices_retail",0
"samba_tv","prices_retail",0
"ispot_tv","prices_retail",0
"videoamp","prices_retail",0
"similarweb","prices_retail",1
"sensor_tower","prices_retail",0
"yipitdata","prices_retail",1
"m_science","prices_retail",0
"consumer_edge","prices_retail",0
"earnest_analytics","prices_retail",0
"facteus","prices_retail",0
"measurable_ai","prices_retail",0
"plaid","prices_retail",0
"tink","prices_retail",0
"kpler","prices_retail",0
"vortexa","prices_retail",0
"windward_ai","prices_retail",0
"panjiva","prices_retail",0
"importgenius","prices_retail",0
"iqvia","prices_retail",1
"komodo_health","prices_retail",0
"truveta","prices_retail",0
"healthverity","prices_retail",0
"tempus_ai","prices_retail",0
"datavant","prices_retail",0
"flatiron_health","prices_retail",0
"trinetx","prices_retail",0
"picnichealth","prices_retail",0
"evidation_health","prices_retail",0
"medidata","prices_retail",0
"veeva_crossix","prices_retail",0
"definitive_healthcare","prices_retail",0
"uk_biobank","prices_retail",0
"bgi_genomics","prices_retail",0
"samsara","prices_retail",0
"geotab","prices_retail",0
"inrix","prices_retail",0
"tomtom","prices_retail",0
"here_technologies","prices_retail",0
"cambridge_mobile","prices_retail",0
"arity","prices_retail",0
"smartcar","prices_retail",0
"high_mobility","prices_retail",0
"dataminr","prices_retail",0
"recorded_future","prices_retail",0
"meltwater","prices_retail",0
"brandwatch","prices_retail",0
"talkwalker","prices_retail",0
"sprinklr","prices_retail",0
"graphika","prices_retail",0
"babel_street","prices_retail",0
"sayari","prices_retail",0
"kharon","prices_retail",0
"janes","prices_retail",0
"acled","prices_retail",0
"gdelt","prices_retail",0
"bellingcat","prices_retail",0
"newsguard","prices_retail",0
"zoominfo","prices_retail",0
"apollo_io","prices_retail",0
"cognism","prices_retail",0
"lusha","prices_retail",0
"people_data_labs","prices_retail",0
"opencorporates","prices_retail",0
"moodys_bvd","prices_retail",0
"pitchbook","prices_retail",0
"crunchbase","prices_retail",0
"tracxn","prices_retail",0
"dealroom","prices_retail",0
"numerator","prices_retail",2
"profitero","prices_retail",2
"dataweave","prices_retail",2
"intelligence_node","prices_retail",2
"trax_retail","prices_retail",2
"dunnhumby","prices_retail",2
"eightyfour_51","prices_retail",2
"clearview_ai","prices_retail",0
"pimeyes","prices_retail",0
"tools_for_humanity","prices_retail",0
"yoti","prices_retail",0
"idemia","prices_retail",0
"sensetime","prices_retail",0
"megvii","prices_retail",0
"hikvision","prices_retail",0
"arab_advisors","prices_retail",0
"asdaa_bcw","prices_retail",0
"insight_discovery","prices_retail",0
"ventures_middle_east","prices_retail",0
"space42","prices_retail",0
"presight_ai","prices_retail",0
"lucidya","prices_retail",0
"mozn","prices_retail",0
"crowd_analyzer","prices_retail",0
"tarjama","prices_retail",0
"idsc_egypt","prices_retail",0
"rada_research","prices_retail",0
"statistics_lebanon","prices_retail",0
"information_international","prices_retail",0
"scpr_syria","prices_retail",0
"yemen_polling_center","prices_retail",0
"diwan_research","prices_retail",0
"immar_rc","prices_retail",0
"sunergia","prices_retail",0
"iranpoll","prices_retail",0
"turkiye_raporu","prices_retail",0
"geocartography","prices_retail",0
"near_east_consulting","prices_retail",0
"jmcc","prices_retail",0
"zogby_research","prices_retail",0
"reach_initiative","prices_retail",0
"acaps","prices_retail",0
"afriksurvey","prices_retail",0
"sagapoll","prices_retail",0
"dalberg_research","prices_retail",0
"stears","prices_retail",0
"datalens_africa","prices_retail",0
"creditregistry","prices_retail",0
"indicina","prices_retail",0
"africa_polling_institute","prices_retail",0
"global_infoanalytics","prices_retail",0
"amini","prices_retail",0
"research_solutions_africa","prices_retail",0
"msurvey","prices_retail",0
"echo_mobile","prices_retail",0
"viamo","prices_retail",0
"twaweza","prices_retail",0
"research_world_intl","prices_retail",0
"charis_uas","prices_retail",0
"digital_umuganda","prices_retail",0
"somali_public_agenda","prices_retail",0
"mpoi_zimbabwe","prices_retail",0
"social_research_foundation","prices_retail",0
"eighty20","prices_retail",0
"lightstone","prices_retail",0
"lelapa_ai","prices_retail",0
"masakhane","prices_retail",0
"awarri","prices_retail",0
"romir","prices_retail",2
"mediascope","prices_retail",0
"ipsos_comcon","prices_retail",0
"tiburon_research","prices_retail",0
"anketolog","prices_retail",0
"sberindex","prices_retail",2
"yandex_data","prices_retail",0
"baw_belarus","prices_retail",0
"bisam","prices_retail",0
"demoscope_kz","prices_retail",0
"ijtimoiy_fikr","prices_retail",0
"questmobile","prices_retail",0
"analysys_yiguan","prices_retail",0
"iimedia","prices_retail",0
"talkingdata","prices_retail",0
"aurora_mobile","prices_retail",0
"miaozhen_admaster","prices_retail",0
"qichacha","prices_retail",0
"tianyancha","prices_retail",0
"wind_information","prices_retail",0
"intron_health","prices_retail",0
"african_languages_lab","prices_retail",0
"aflabox","prices_retail",2
"tolbi","prices_retail",0
"soko_aerial","prices_retail",0
"geoinfotech","prices_retail",0
"helium_health","prices_retail",0
"pula","prices_retail",0
"apollo_agriculture","prices_retail",0
"hello_tractor","prices_retail",0
"mpharma","prices_retail",2
"ehealth_africa","prices_retail",0
"lacuna_fund","prices_retail",0
"makerere_ai","prices_retail",0
"cntxt_ai","prices_retail",0
"arabic_ai","prices_retail",0
"aydi","prices_retail",2
"widebot","prices_retail",0
"mawdoo3","prices_retail",0
"aaru","prices_retail",0
"simile","prices_retail",0
"conveo","prices_retail",0
"perspective_ai","prices_retail",0
"theysaid","prices_retail",0
"versive","prices_retail",0
"hivemapper","prices_retail",0
"dimo","prices_retail",0
"weatherxm","prices_retail",0
"nova_labs_helium","prices_retail",0
"safecast","prices_retail",0
"biobot","prices_retail",0
"verily","prices_retail",0
"wastewaterscan","prices_retail",0
"hawkeye_360","prices_retail",0
"unseenlabs","prices_retail",0
"kleos_space","prices_retail",0
"naturemetrics","prices_retail",0
"rainforest_connection","prices_retail",0
"fugro","prices_retail",0
"clarity_movement","prices_retail",0
"aclima","prices_retail",0
"nuview","prices_retail",0
"orbital_sidekick","prices_retail",0
"wyvern","prices_retail",0
"hydrosat","prices_retail",0
"muon_space","prices_retail",0
"myriota","prices_retail",0
"astrocast","prices_retail",0
"nearmap","prices_retail",0
"vexcel_imaging","prices_retail",0
"airqo","prices_retail",0
"code_for_africa","prices_retail",0
"aerobotics","prices_retail",0
"ujuzikilimo","prices_retail",0
"robocare","prices_retail",0
"astral_aerial","prices_retail",0
"earthranger","prices_retail",0
"falcon_eye_drones","prices_retail",0
"falcon_3d","prices_retail",0
"digital_earth_africa","prices_retail",0
"sansa","prices_retail",0
"nasrda","prices_retail",0
"egsa","prices_retail",0
"kenya_space_agency","prices_retail",0
"essti","prices_retail",0
"mbrsc","prices_retail",0
"tubitak_uzay","prices_retail",0
"imagesat","prices_retail",0
"taranis","prices_retail",0
"agritask","prices_retail",0
"asterra","prices_retail",0
"norc","prices_retail",0
"westat","prices_retail",0
"rti_international","prices_retail",0
"mathematica","prices_retail",0
"abt_global","prices_retail",0
"ssrs","prices_retail",0
"icf_international","prices_retail",0
"quinnipiac_poll","prices_retail",0
"marist_poll","prices_retail",0
"monmouth_poll","prices_retail",0
"siena_research","prices_retail",0
"emerson_polling","prices_retail",0
"surveyusa","prices_retail",0
"prri","prices_retail",0
"ap_norc","prices_retail",0
"civiqs","prices_retail",0
"echelon_insights","prices_retail",0
"data_for_progress","prices_retail",0
"cygnal","prices_retail",0
"leger","prices_retail",0
"angus_reid_institute","prices_retail",0
"nanos_research","prices_retail",0
"ekos_research","prices_retail",0
"abacus_data","prices_retail",0
"environics_research","prices_retail",0
"skywatch","prices_retail",0
"mda_space","prices_retail",0
"ecopia_ai","prices_retail",0
"farmers_edge","prices_retail",0
"deveron","prices_retail",0
"semios","prices_retail",0
"bluedot","prices_retail",0
"local_logic","prices_retail",0
"riskthinking_ai","prices_retail",0
"triton_digital","prices_retail",0
"descartes_datamyne","prices_retail",0
"browse_ai","prices_retail",1
"internet_archive","prices_retail",0
"exa_ai","prices_retail",0
"altana","prices_retail",0
"project44","prices_retail",0
"fourkites","prices_retail",0
"clear_secure","prices_retail",0
"id_me","prices_retail",0
"socure","prices_retail",0
"observa","prices_retail",2
"ookla","prices_retail",0
"purpleair","prices_retail",0
"motive","prices_retail",0
"lytx","prices_retail",0
"catalina_marketing","prices_retail",2
"inmar_intelligence","prices_retail",2
"data_axle","prices_retail",0
"bombora","prices_retail",0
"thinknum","prices_retail",0
"om1","prices_retail",0
"verana_health","prices_retail",0
"atropos_health","prices_retail",0
"aetion","prices_retail",0
"edison_research","prices_retail",0
"luminate_data","prices_retail",0
"flashpoint","prices_retail",0
"zignal_labs","prices_retail",0
"albedo","prices_retail",0
"centaur_labs","prices_retail",0
"fulcrum_app","prices_retail",0
"rep_data","prices_retail",0
"understanding_america","prices_retail",0
"forsa","prices_retail",0
"infratest_dimap","prices_retail",0
"allensbach","prices_retail",0
"civey","prices_retail",0
"insa_consulere","prices_retail",0
"infas","prices_retail",0
"gesis","prices_retail",0
"soep_diw","prices_retail",0
"ororatech","prices_retail",0
"liveeo","prices_retail",0
"constellr","prices_retail",0
"limesurvey","prices_retail",0
"agf_videoforschung","prices_retail",0
"ifop","prices_retail",0
"opinionway","prices_retail",0
"bva_xsight","prices_retail",0
"elabe","prices_retail",0
"odoxa","prices_retail",0
"csa_research","prices_retail",0
"credoc","prices_retail",0
"scrapingbee","prices_retail",1
"shippeo","prices_retail",0
"owkin","prices_retail",0
"doxa","prices_retail",0
"swg_italia","prices_retail",0
"cerved","prices_retail",0
"auditel_italia","prices_retail",0
"e_geos","prices_retail",0
"planetek_italia","prices_retail",0
"sigma_dos","prices_retail",0
"gad3","prices_retail",0
"metroscopia","prices_retail",0
"cuarenta_db","prices_retail",0
"kido_dynamics","prices_retail",0
"deimos_imaging","prices_retail",0
"marktest","prices_retail",0
"intercampus","prices_retail",0
"metron_analysis","prices_retail",0
"kapa_research","prices_retail",0
"marinetraffic","prices_retail",0
"kieskompas","prices_retail",0
"io_research","prices_retail",0
"motivaction","prices_retail",0
"nipo_nfield","prices_retail",0
"lifelines","prices_retail",0
"ivox","prices_retail",0
"sora_institute","prices_retail",0
"gfs_bern","prices_retail",0
"sotomo","prices_retail",0
"link_institut","prices_retail",0
"red_c","prices_retail",0
"epinion","prices_retail",0
"voxmeter","prices_retail",0
"novus","prices_retail",0
"taloustutkimus","prices_retail",0
"finngen","prices_retail",0
"decode_genetics","prices_retail",0
"signicat","prices_retail",0
"natcen","prices_retail",0
"understanding_society","prices_retail",0
"uk_data_service","prices_retail",0
"opinium","prices_retail",0
"survation","prices_retail",0
"deltapoll","prices_retail",0
"focaldata","prices_retail",0
"jl_partners","prices_retail",0
"more_in_common","prices_retail",0
"bmg_research","prices_retail",0
"signal_ai","prices_retail",0
"rezatec","prices_retail",0
"open_cosmos","prices_retail",0
"iproov","prices_retail",0
"truelayer","prices_retail",0
"yapily","prices_retail",0
"our_future_health","prices_retail",0
"lifebit","prices_retail",0
"ovilongwa","prices_retail",0
"star_awards_bwa","prices_retail",0
"igd_burkina","prices_retail",0
"gradis_burundi","prices_retail",0
"afrosondagem","prices_retail",0
"cible_cameroun","prices_retail",0
"laereag_tchad","prices_retail",0
"avenir_nepad_congo","prices_retail",0
"cofinco_comores","prices_retail",0
"zechlab","prices_retail",0
"qa_strategic_swz","prices_retail",0
"abcon_ethiopia","prices_retail",0
"cergep_gabon","prices_retail",0
"stat_view_guinea","prices_retail",0
"igpad_guinea_bissau","prices_retail",0
"advision_lesotho","prices_retail",0
"cdg_liberia","prices_retail",0
"coef_resources","prices_retail",0
"csr_malawi","prices_retail",0
"great_mali","prices_retail",0
"sista_consult","prices_retail",0
"straconsult_mus","prices_retail",0
"gsc_morocco","prices_retail",0
"cs_research_moz","prices_retail",0
"survey_warehouse","prices_retail",0
"lasdel_niger","prices_retail",0
"cres_senegal","prices_retail",0
"igr_sierra_leone","prices_retail",0
"sudan_polling_center","prices_retail",0
"repoa_tanzania","prices_retail",0
"crpd_gambia","prices_retail",0
"crop_togo","prices_retail",0
"hatchile_uganda","prices_retail",0
"cesor_zambia","prices_retail",0
"smile_identity","prices_retail",0
"zindi","prices_retail",0
"kartoza","prices_retail",0
"geoterraimage","prices_retail",0
"spatial_collective","prices_retail",0
"ramani_huria","prices_retail",0
"farmerline","prices_retail",1
"esoko","prices_retail",2
"sunculture","prices_retail",0
"thriveagric","prices_retail",0
"mono_nigeria","prices_retail",0
"stitch_za","prices_retail",0
"metropol_kenya","prices_retail",0
"crc_credit_bureau","prices_retail",0
"africa_check","prices_retail",0
"dubawa","prices_retail",0
"ilara_health","prices_retail",0
"jacaranda_health","prices_retail",0
"reelforge","prices_retail",0
"prembly","prices_retail",0
"youverify","prices_retail",0
"data_science_nigeria","prices_retail",0
"icog_labs","prices_retail",0
"lesan_ai","prices_retail",0
"kobo360","prices_retail",0
"lori_systems","prices_retail",0
"irsm_algeria","prices_retail",0
"cread_algeria","prices_retail",0
"optimar","prices_retail",0
"orc_arastirma","prices_retail",0
"avrasya_arastirma","prices_retail",0
"genar","prices_retail",0
"yoneylem","prices_retail",0
"sonar_arastirma","prices_retail",0
"gezici_arastirma","prices_retail",0
"mak_danismanlik","prices_retail",0
"piar_arastirma","prices_retail",0
"insider_tr","prices_retail",0
"acrps_doha","prices_retail",0
"sesri_qatar","prices_retail",0
"qcri","prices_retail",0
"sdaia","prices_retail",0
"elm_saudi","prices_retail",0
"saudi_space_agency","prices_retail",0
"simah","prices_retail",0
"derasat","prices_retail",0
"cri_lebanon","prices_retail",0
"infopro_lebanon","prices_retail",2
"albayan_iraq","prices_retail",0
"mas_palestine","prices_retail",1
"altibbi","prices_retail",0
"maqsam","prices_retail",0
"el_zanaty","prices_retail",0
"i_score_egypt","prices_retail",0
"intella_ai","prices_retail",0
"marocmetrie","prices_retail",0
"aarc_international","prices_retail",0
"chifco","prices_retail",0
"m42","prices_retail",0
"aecb","prices_retail",0
"derq","prices_retail",0
"israel_democracy_institute","prices_retail",0
"zencity","prices_retail",0
"cognyte","prices_retail",0
"ahri_south_africa","prices_retail",0
"agincourt_wits","prices_retail",0
"saprin","prices_retail",0
"aphrc","prices_retail",0
"kemri_wellcome","prices_retail",0
"ifakara_health","prices_retail",0
"manhica_cisim","prices_retail",0
"mrc_gambia","prices_retail",0
"navrongo_hrc","prices_retail",0
"rakai_health","prices_retail",0
"malawi_liverpool_wellcome","prices_retail",0
"cidrz","prices_retail",0
"kersa_hdss","prices_retail",0
"nouna_crsn","prices_retail",0
"apcc","prices_retail",0
"h3africa","prices_retail",0
"hsrc","prices_retail",0
"saldru","prices_retail",0
"datafirst","prices_retail",0
"isser_ghana","prices_retail",1
"eprc_uganda","prices_retail",2
"esrf_tanzania","prices_retail",1
"csea_nigeria","prices_retail",1
"pesacheck","prices_retail",0
"freshly_ground_insights","prices_retail",0
"columinate","prices_retail",0
"persian_cohort","prices_retail",0
"golestan_cohort","prices_retail",0
"qatar_biobank","prices_retail",0
"moroccan_genome","prices_retail",0
"afristat","prices_retail",2
"statafric","prices_retail",0
"afdb_statistics","prices_retail",1
"sanbi","prices_retail",0
"africas_talking","prices_retail",0
"onafriq","prices_retail",0
"cellulant","prices_retail",0
"codesria","prices_retail",0
"aerc","prices_retail",2
"pasgr","prices_retail",0
"iss_africa","prices_retail",0
"nextier_spd","prices_retail",0
"heritage_institute","prices_retail",0
"zeparu","prices_retail",2
"bidpa","prices_retail",0
"ippr_namibia","prices_retail",0
"nkafu","prices_retail",0
"cires_ivoire","prices_retail",2
"iese_mozambique","prices_retail",1
"zipar","prices_retail",2
"riwi","prices_retail",0
"pricestats","prices_retail",2
"soundthinking","prices_retail",0
"alphonso","prices_retail",0
"opensignal","prices_retail",0
"nexar","prices_retail",0
"geodnet","prices_retail",0
"wingbits","prices_retail",0
"flightradar24","prices_retail",0
"karya","prices_retail",0
"airwars","prices_retail",0
"mnemonic","prices_retail",0
"forensic_architecture","prices_retail",0
"atlas_ai","prices_retail",0
"fraym","prices_retail",0
"rs_metrics","prices_retail",0
"yodlee","prices_retail",0
"empatica","prices_retail",0
"sonde_health","prices_retail",0
"origin_wireless","prices_retail",0
"vayyar","prices_retail",0
"bidgely","prices_retail",0
"wildlife_insights","prices_retail",0
"atlan_space","prices_retail",0
"cellebrite","prices_retail",0
"nso_group","prices_retail",0
"candiru","prices_retail",0
"paragon_solutions","prices_retail",0
"kando","prices_retail",0
"beehero","prices_retail",0
"seetree","prices_retail",0
"lean_technologies","prices_retail",0
"ushahidi","prices_retail",0
"sunbird_ai","prices_retail",0
"terragon","prices_retail",0
"zenvus","prices_retail",0
"dataphyte","prices_retail",0
"berci","prices_retail",0
"iford","prices_retail",0
"iki_malawi","prices_retail",0
"jumo","prices_retail",0
"kifiya","prices_retail",0
"omnisient","prices_retail",0
"humangle","prices_retail",0
"timbuktu_institute","prices_retail",0
"ayin_network","prices_retail",0
"sudan_transparency","prices_retail",0
"ipsos","identity_biometric",0
"kantar","identity_biometric",0
"niq","identity_biometric",0
"circana","identity_biometric",0
"gallup","identity_biometric",0
"yougov","identity_biometric",0
"morning_consult","identity_biometric",0
"pew_research","identity_biometric",0
"verian","identity_biometric",0
"ipsos_mori_uk","identity_biometric",0
"savanta","identity_biometric",0
"system1_group","identity_biometric",0
"euromonitor","identity_biometric",0
"mintel","identity_biometric",0
"statista","identity_biometric",0
"m3_global_research","identity_biometric",0
"escalent","identity_biometric",0
"material_plus","identity_biometric",0
"c_space","identity_biometric",0
"hall_and_partners","identity_biometric",0
"appinio","identity_biometric",0
"attest","identity_biometric",0
"zappi","identity_biometric",0
"suzy","identity_biometric",0
"glimpse_ai","identity_biometric",0
"listen_labs","identity_biometric",0
"strella","identity_biometric",0
"outset_ai","identity_biometric",0
"cint","identity_biometric",0
"dynata","identity_biometric",0
"toluna","identity_biometric",0
"bilendi","identity_biometric",0
"norstat","identity_biometric",0
"prolific","identity_biometric",0
"cloudresearch","identity_biometric",0
"purespectrum","identity_biometric",0
"innovate_mr","identity_biometric",0
"prodege","identity_biometric",0
"disqo","identity_biometric",0
"rakuten_insight","identity_biometric",0
"borderless_access","identity_biometric",0
"milieu_insight","identity_biometric",0
"respondent_io","identity_biometric",0
"qualtrics","identity_biometric",0
"surveymonkey","identity_biometric",0
"alchemer","identity_biometric",0
"forsta","identity_biometric",0
"sawtooth_software","identity_biometric",0
"surveycto","identity_biometric",0
"kobotoolbox","identity_biometric",0
"odk","identity_biometric",0
"commcare_dimagi","identity_biometric",0
"ona","identity_biometric",0
"mwater","identity_biometric",0
"redcap","identity_biometric",0
"gorilla_sc","identity_biometric",0
"credamo","identity_biometric",0
"wenjuanxing","identity_biometric",0
"one_to_one_tunisia","identity_biometric",0
"sigma_conseil","identity_biometric",0
"emrhod_consulting","identity_biometric",0
"elka_consulting","identity_biometric",0
"bjka_consulting","identity_biometric",0
"lms_csa_maroc","identity_biometric",0
"baseera_egypt","identity_biometric",0
"pcpsr","identity_biometric",0
"awrad","identity_biometric",0
"nama_strategic","identity_biometric",0
"css_jordan","identity_biometric",0
"iiacss","identity_biometric",0
"parc_dubai","identity_biometric",0
"ispa_iran","identity_biometric",0
"gamaan","identity_biometric",0
"konda","identity_biometric",0
"metropoll","identity_biometric",0
"areda_survey","identity_biometric",0
"midgam_israel","identity_biometric",0
"ipanel_israel","identity_biometric",0
"arab_barometer","identity_biometric",0
"afrobarometer","identity_biometric",0
"cdd_ghana","identity_biometric",0
"ijr_south_africa","identity_biometric",0
"ids_nairobi","identity_biometric",0
"ireg_benin","identity_biometric",0
"infotrak","identity_biometric",0
"tifa_research","identity_biometric",0
"consumer_insight_africa","identity_biometric",0
"geopoll","identity_biometric",0
"sagaci_research","identity_biometric",0
"noipolls","identity_biometric",0
"sbm_intelligence","identity_biometric",0
"practical_sampling","identity_biometric",0
"ask_afrika","identity_biometric",0
"plus94_research","identity_biometric",0
"citizen_surveys","identity_biometric",0
"busara_center","identity_biometric",0
"ipa_research","identity_biometric",0
"jpal","identity_biometric",0
"laterite","identity_biometric",0
"sixty_decibels","identity_biometric",0
"lokniti_csds","identity_biometric",0
"cvoter","identity_biometric",0
"axis_my_india","identity_biometric",0
"hansa_research","identity_biometric",0
"q_and_q_research","identity_biometric",0
"outline_india","identity_biometric",0
"gallup_pakistan","identity_biometric",0
"lsi_indonesia","identity_biometric",0
"smrc_indonesia","identity_biometric",0
"indikator_politik","identity_biometric",0
"sws_philippines","identity_biometric",0
"pulse_asia","identity_biometric",0
"cimigo","identity_biometric",0
"q_and_me","identity_biometric",0
"indochina_research","identity_biometric",0
"deka_research","identity_biometric",0
"macromill","identity_biometric",0
"intage","identity_biometric",0
"nikkei_research","identity_biometric",0
"cross_marketing","identity_biometric",0
"embrain","identity_biometric",0
"hankook_research","identity_biometric",0
"realmeter","identity_biometric",0
"gallup_korea","identity_biometric",0
"horizon_china","identity_biometric",0
"ctr_china","identity_biometric",0
"csm_media","identity_biometric",0
"datafolha","identity_biometric",0
"ipec_brasil","identity_biometric",0
"quaest","identity_biometric",0
"atlasintel","identity_biometric",0
"consulta_mitofsky","identity_biometric",0
"enkoll","identity_biometric",0
"buendia_marquez","identity_biometric",0
"cadem","identity_biometric",0
"invamer","identity_biometric",0
"datexco","identity_biometric",0
"cid_gallup","identity_biometric",0
"poliarquia","identity_biometric",0
"latinobarometro","identity_biometric",0
"lapop","identity_biometric",0
"levada_center","identity_biometric",0
"vciom","identity_biometric",0
"fom_russia","identity_biometric",0
"russian_field","identity_biometric",0
"kiis","identity_biometric",0
"rating_group","identity_biometric",0
"razumkov_centre","identity_biometric",0
"info_sapiens","identity_biometric",0
"gradus_research","identity_biometric",0
"crrc","identity_biometric",0
"act_georgia","identity_biometric",0
"central_asia_barometer","identity_biometric",0
"m_vector","identity_biometric",0
"siar_research","identity_biometric",0
"ipm_belarus","identity_biometric",0
"roy_morgan","identity_biometric",0
"essential_research","identity_biometric",0
"oztam","identity_biometric",0
"barb_uk","identity_biometric",0
"mediametrie","identity_biometric",0
"barc_india","identity_biometric",0
"video_research_jp","identity_biometric",0
"numeris","identity_biometric",0
"scale_ai","identity_biometric",0
"surge_ai","identity_biometric",0
"mercor","identity_biometric",0
"handshake_ai","identity_biometric",0
"micro1","identity_biometric",0
"turing_com","identity_biometric",0
"invisible_tech","identity_biometric",0
"appen","identity_biometric",2
"toloka","identity_biometric",0
"telus_digital_ai","identity_biometric",2
"imerit","identity_biometric",0
"sama","identity_biometric",0
"cloudfactory","identity_biometric",0
"superannotate","identity_biometric",0
"labelbox","identity_biometric",0
"snorkel_ai","identity_biometric",0
"encord","identity_biometric",0
"v7_labs","identity_biometric",0
"kili_technology","identity_biometric",0
"dataloop","identity_biometric",0
"roboflow","identity_biometric",0
"defined_ai","identity_biometric",2
"shaip","identity_biometric",1
"innodata","identity_biometric",0
"transperfect_dataforce","identity_biometric",2
"speechocean","identity_biometric",2
"datatang","identity_biometric",2
"magic_data_tech","identity_biometric",1
"dataannotation_tech","identity_biometric",0
"pareto_ai","identity_biometric",0
"mturk","identity_biometric",0
"clickworker","identity_biometric",0
"premise_data","identity_biometric",0
"streetbees","identity_biometric",0
"roamler","identity_biometric",0
"field_agent","identity_biometric",0
"gigwalk","identity_biometric",0
"glg","identity_biometric",0
"third_bridge","identity_biometric",0
"guidepoint","identity_biometric",0
"alphasense","identity_biometric",0
"dialectica","identity_biometric",0
"bright_data","identity_biometric",0
"oxylabs","identity_biometric",0
"decodo","identity_biometric",0
"zyte","identity_biometric",0
"apify","identity_biometric",0
"firecrawl","identity_biometric",0
"tavily","identity_biometric",0
"diffbot","identity_biometric",0
"common_crawl","identity_biometric",0
"promptcloud","identity_biometric",0
"grepsr","identity_biometric",0
"nimble_data","identity_biometric",0
"coresignal","identity_biometric",0
"acxiom","identity_biometric",0
"experian","identity_biometric",1
"equifax","identity_biometric",0
"transunion","identity_biometric",2
"liveramp","identity_biometric",0
"epsilon","identity_biometric",0
"lexisnexis_risk","identity_biometric",2
"dun_bradstreet","identity_biometric",0
"cotality","identity_biometric",0
"verisk","identity_biometric",0
"crif","identity_biometric",0
"serasa_experian","identity_biometric",0
"spokeo","identity_biometric",2
"safegraph","identity_biometric",0
"placer_ai","identity_biometric",0
"veraset","identity_biometric",0
"unacast","identity_biometric",0
"foursquare","identity_biometric",0
"kochava_collective","identity_biometric",0
"azira","identity_biometric",0
"advan_research","identity_biometric",0
"huq_industries","identity_biometric",0
"predicio","identity_biometric",0
"positium","identity_biometric",0
"teralytics","identity_biometric",0
"orange_flux_vision","identity_biometric",0
"flowminder","identity_biometric",0
"planet_labs","identity_biometric",0
"vantor","identity_biometric",0
"blacksky","identity_biometric",0
"iceye","identity_biometric",0
"satellogic","identity_biometric",0
"capella_space","identity_biometric",0
"umbra_space","identity_biometric",0
"airbus_ds_geo","identity_biometric",0
"spire_global","identity_biometric",0
"ursa_space","identity_biometric",0
"pixxel","identity_biometric",0
"skyfi","identity_biometric",0
"earthdaily","identity_biometric",0
"satvu","identity_biometric",0
"ghgsat","identity_biometric",0
"kayrros","identity_biometric",0
"descartes_labs","identity_biometric",0
"spaceknow","identity_biometric",0
"synspective","identity_biometric",0
"axelspace","identity_biometric",0
"changguang","identity_biometric",0
"twentyone_at","identity_biometric",0
"tomorrow_io","identity_biometric",0
"windborne","identity_biometric",0
"saildrone","identity_biometric",0
"sofar_ocean","identity_biometric",0
"jupiter_intelligence","identity_biometric",0
"first_street","identity_biometric",0
"fathom_global","identity_biometric",0
"jba_risk","identity_biometric",0
"moodys_rms","identity_biometric",0
"mitiga_solutions","identity_biometric",0
"climateai","identity_biometric",0
"descartes_underwriting","identity_biometric",0
"sylvera","identity_biometric",0
"bezero_carbon","identity_biometric",0
"carbon_mapper","identity_biometric",0
"chloris_geospatial","identity_biometric",0
"nielsen","identity_biometric",0
"comscore","identity_biometric",0
"samba_tv","identity_biometric",0
"ispot_tv","identity_biometric",0
"videoamp","identity_biometric",0
"similarweb","identity_biometric",0
"sensor_tower","identity_biometric",0
"yipitdata","identity_biometric",0
"m_science","identity_biometric",0
"consumer_edge","identity_biometric",0
"earnest_analytics","identity_biometric",0
"facteus","identity_biometric",0
"measurable_ai","identity_biometric",0
"plaid","identity_biometric",0
"tink","identity_biometric",0
"kpler","identity_biometric",0
"vortexa","identity_biometric",0
"windward_ai","identity_biometric",0
"panjiva","identity_biometric",0
"importgenius","identity_biometric",0
"iqvia","identity_biometric",0
"komodo_health","identity_biometric",0
"truveta","identity_biometric",0
"healthverity","identity_biometric",0
"tempus_ai","identity_biometric",0
"datavant","identity_biometric",0
"flatiron_health","identity_biometric",0
"trinetx","identity_biometric",0
"picnichealth","identity_biometric",0
"evidation_health","identity_biometric",0
"medidata","identity_biometric",0
"veeva_crossix","identity_biometric",0
"definitive_healthcare","identity_biometric",0
"uk_biobank","identity_biometric",0
"bgi_genomics","identity_biometric",0
"samsara","identity_biometric",0
"geotab","identity_biometric",0
"inrix","identity_biometric",0
"tomtom","identity_biometric",0
"here_technologies","identity_biometric",0
"cambridge_mobile","identity_biometric",0
"arity","identity_biometric",0
"smartcar","identity_biometric",0
"high_mobility","identity_biometric",0
"dataminr","identity_biometric",0
"recorded_future","identity_biometric",0
"meltwater","identity_biometric",0
"brandwatch","identity_biometric",0
"talkwalker","identity_biometric",0
"sprinklr","identity_biometric",0
"graphika","identity_biometric",0
"babel_street","identity_biometric",0
"sayari","identity_biometric",0
"kharon","identity_biometric",0
"janes","identity_biometric",0
"acled","identity_biometric",0
"gdelt","identity_biometric",0
"bellingcat","identity_biometric",0
"newsguard","identity_biometric",0
"zoominfo","identity_biometric",0
"apollo_io","identity_biometric",0
"cognism","identity_biometric",0
"lusha","identity_biometric",0
"people_data_labs","identity_biometric",0
"opencorporates","identity_biometric",0
"moodys_bvd","identity_biometric",0
"pitchbook","identity_biometric",0
"crunchbase","identity_biometric",0
"tracxn","identity_biometric",0
"dealroom","identity_biometric",0
"numerator","identity_biometric",0
"profitero","identity_biometric",0
"dataweave","identity_biometric",0
"intelligence_node","identity_biometric",0
"trax_retail","identity_biometric",0
"dunnhumby","identity_biometric",0
"eightyfour_51","identity_biometric",0
"clearview_ai","identity_biometric",2
"pimeyes","identity_biometric",2
"tools_for_humanity","identity_biometric",2
"yoti","identity_biometric",2
"idemia","identity_biometric",2
"sensetime","identity_biometric",2
"megvii","identity_biometric",2
"hikvision","identity_biometric",2
"arab_advisors","identity_biometric",0
"asdaa_bcw","identity_biometric",0
"insight_discovery","identity_biometric",0
"ventures_middle_east","identity_biometric",0
"space42","identity_biometric",0
"presight_ai","identity_biometric",0
"lucidya","identity_biometric",0
"mozn","identity_biometric",2
"crowd_analyzer","identity_biometric",0
"tarjama","identity_biometric",0
"idsc_egypt","identity_biometric",0
"rada_research","identity_biometric",0
"statistics_lebanon","identity_biometric",0
"information_international","identity_biometric",0
"scpr_syria","identity_biometric",0
"yemen_polling_center","identity_biometric",0
"diwan_research","identity_biometric",0
"immar_rc","identity_biometric",0
"sunergia","identity_biometric",0
"iranpoll","identity_biometric",0
"turkiye_raporu","identity_biometric",0
"geocartography","identity_biometric",0
"near_east_consulting","identity_biometric",0
"jmcc","identity_biometric",0
"zogby_research","identity_biometric",0
"reach_initiative","identity_biometric",0
"acaps","identity_biometric",0
"afriksurvey","identity_biometric",0
"sagapoll","identity_biometric",0
"dalberg_research","identity_biometric",0
"stears","identity_biometric",0
"datalens_africa","identity_biometric",0
"creditregistry","identity_biometric",2
"indicina","identity_biometric",0
"africa_polling_institute","identity_biometric",0
"global_infoanalytics","identity_biometric",0
"amini","identity_biometric",0
"research_solutions_africa","identity_biometric",0
"msurvey","identity_biometric",0
"echo_mobile","identity_biometric",0
"viamo","identity_biometric",0
"twaweza","identity_biometric",0
"research_world_intl","identity_biometric",0
"charis_uas","identity_biometric",0
"digital_umuganda","identity_biometric",2
"somali_public_agenda","identity_biometric",0
"mpoi_zimbabwe","identity_biometric",0
"social_research_foundation","identity_biometric",0
"eighty20","identity_biometric",0
"lightstone","identity_biometric",0
"lelapa_ai","identity_biometric",0
"masakhane","identity_biometric",0
"awarri","identity_biometric",0
"romir","identity_biometric",0
"mediascope","identity_biometric",0
"ipsos_comcon","identity_biometric",0
"tiburon_research","identity_biometric",0
"anketolog","identity_biometric",0
"sberindex","identity_biometric",0
"yandex_data","identity_biometric",0
"baw_belarus","identity_biometric",0
"bisam","identity_biometric",0
"demoscope_kz","identity_biometric",0
"ijtimoiy_fikr","identity_biometric",0
"questmobile","identity_biometric",0
"analysys_yiguan","identity_biometric",0
"iimedia","identity_biometric",0
"talkingdata","identity_biometric",0
"aurora_mobile","identity_biometric",0
"miaozhen_admaster","identity_biometric",0
"qichacha","identity_biometric",0
"tianyancha","identity_biometric",0
"wind_information","identity_biometric",0
"intron_health","identity_biometric",1
"african_languages_lab","identity_biometric",0
"aflabox","identity_biometric",0
"tolbi","identity_biometric",0
"soko_aerial","identity_biometric",0
"geoinfotech","identity_biometric",0
"helium_health","identity_biometric",0
"pula","identity_biometric",0
"apollo_agriculture","identity_biometric",0
"hello_tractor","identity_biometric",0
"mpharma","identity_biometric",0
"ehealth_africa","identity_biometric",0
"lacuna_fund","identity_biometric",0
"makerere_ai","identity_biometric",0
"cntxt_ai","identity_biometric",2
"arabic_ai","identity_biometric",0
"aydi","identity_biometric",0
"widebot","identity_biometric",0
"mawdoo3","identity_biometric",0
"aaru","identity_biometric",0
"simile","identity_biometric",0
"conveo","identity_biometric",0
"perspective_ai","identity_biometric",0
"theysaid","identity_biometric",0
"versive","identity_biometric",0
"hivemapper","identity_biometric",0
"dimo","identity_biometric",0
"weatherxm","identity_biometric",0
"nova_labs_helium","identity_biometric",0
"safecast","identity_biometric",0
"biobot","identity_biometric",0
"verily","identity_biometric",0
"wastewaterscan","identity_biometric",0
"hawkeye_360","identity_biometric",0
"unseenlabs","identity_biometric",0
"kleos_space","identity_biometric",0
"naturemetrics","identity_biometric",0
"rainforest_connection","identity_biometric",0
"fugro","identity_biometric",0
"clarity_movement","identity_biometric",0
"aclima","identity_biometric",0
"nuview","identity_biometric",0
"orbital_sidekick","identity_biometric",0
"wyvern","identity_biometric",0
"hydrosat","identity_biometric",0
"muon_space","identity_biometric",0
"myriota","identity_biometric",0
"astrocast","identity_biometric",0
"nearmap","identity_biometric",0
"vexcel_imaging","identity_biometric",0
"airqo","identity_biometric",0
"code_for_africa","identity_biometric",0
"aerobotics","identity_biometric",0
"ujuzikilimo","identity_biometric",0
"robocare","identity_biometric",0
"astral_aerial","identity_biometric",0
"earthranger","identity_biometric",0
"falcon_eye_drones","identity_biometric",0
"falcon_3d","identity_biometric",0
"digital_earth_africa","identity_biometric",0
"sansa","identity_biometric",0
"nasrda","identity_biometric",0
"egsa","identity_biometric",0
"kenya_space_agency","identity_biometric",0
"essti","identity_biometric",0
"mbrsc","identity_biometric",0
"tubitak_uzay","identity_biometric",0
"imagesat","identity_biometric",0
"taranis","identity_biometric",0
"agritask","identity_biometric",0
"asterra","identity_biometric",0
"norc","identity_biometric",0
"westat","identity_biometric",0
"rti_international","identity_biometric",0
"mathematica","identity_biometric",0
"abt_global","identity_biometric",0
"ssrs","identity_biometric",0
"icf_international","identity_biometric",0
"quinnipiac_poll","identity_biometric",0
"marist_poll","identity_biometric",0
"monmouth_poll","identity_biometric",0
"siena_research","identity_biometric",0
"emerson_polling","identity_biometric",0
"surveyusa","identity_biometric",0
"prri","identity_biometric",0
"ap_norc","identity_biometric",0
"civiqs","identity_biometric",0
"echelon_insights","identity_biometric",0
"data_for_progress","identity_biometric",0
"cygnal","identity_biometric",0
"leger","identity_biometric",0
"angus_reid_institute","identity_biometric",0
"nanos_research","identity_biometric",0
"ekos_research","identity_biometric",0
"abacus_data","identity_biometric",0
"environics_research","identity_biometric",0
"skywatch","identity_biometric",0
"mda_space","identity_biometric",0
"ecopia_ai","identity_biometric",0
"farmers_edge","identity_biometric",0
"deveron","identity_biometric",0
"semios","identity_biometric",0
"bluedot","identity_biometric",0
"local_logic","identity_biometric",0
"riskthinking_ai","identity_biometric",0
"triton_digital","identity_biometric",0
"descartes_datamyne","identity_biometric",0
"browse_ai","identity_biometric",0
"internet_archive","identity_biometric",0
"exa_ai","identity_biometric",0
"altana","identity_biometric",0
"project44","identity_biometric",0
"fourkites","identity_biometric",0
"clear_secure","identity_biometric",2
"id_me","identity_biometric",2
"socure","identity_biometric",2
"observa","identity_biometric",0
"ookla","identity_biometric",0
"purpleair","identity_biometric",0
"motive","identity_biometric",0
"lytx","identity_biometric",0
"catalina_marketing","identity_biometric",0
"inmar_intelligence","identity_biometric",0
"data_axle","identity_biometric",0
"bombora","identity_biometric",0
"thinknum","identity_biometric",0
"om1","identity_biometric",0
"verana_health","identity_biometric",0
"atropos_health","identity_biometric",0
"aetion","identity_biometric",0
"edison_research","identity_biometric",0
"luminate_data","identity_biometric",0
"flashpoint","identity_biometric",0
"zignal_labs","identity_biometric",0
"albedo","identity_biometric",0
"centaur_labs","identity_biometric",0
"fulcrum_app","identity_biometric",0
"rep_data","identity_biometric",0
"understanding_america","identity_biometric",0
"forsa","identity_biometric",0
"infratest_dimap","identity_biometric",0
"allensbach","identity_biometric",0
"civey","identity_biometric",0
"insa_consulere","identity_biometric",0
"infas","identity_biometric",0
"gesis","identity_biometric",0
"soep_diw","identity_biometric",0
"ororatech","identity_biometric",0
"liveeo","identity_biometric",0
"constellr","identity_biometric",0
"limesurvey","identity_biometric",0
"agf_videoforschung","identity_biometric",0
"ifop","identity_biometric",0
"opinionway","identity_biometric",0
"bva_xsight","identity_biometric",0
"elabe","identity_biometric",0
"odoxa","identity_biometric",0
"csa_research","identity_biometric",0
"credoc","identity_biometric",0
"scrapingbee","identity_biometric",0
"shippeo","identity_biometric",0
"owkin","identity_biometric",0
"doxa","identity_biometric",0
"swg_italia","identity_biometric",0
"cerved","identity_biometric",0
"auditel_italia","identity_biometric",0
"e_geos","identity_biometric",0
"planetek_italia","identity_biometric",0
"sigma_dos","identity_biometric",0
"gad3","identity_biometric",0
"metroscopia","identity_biometric",0
"cuarenta_db","identity_biometric",0
"kido_dynamics","identity_biometric",0
"deimos_imaging","identity_biometric",0
"marktest","identity_biometric",0
"intercampus","identity_biometric",0
"metron_analysis","identity_biometric",0
"kapa_research","identity_biometric",0
"marinetraffic","identity_biometric",0
"kieskompas","identity_biometric",0
"io_research","identity_biometric",0
"motivaction","identity_biometric",0
"nipo_nfield","identity_biometric",0
"lifelines","identity_biometric",0
"ivox","identity_biometric",0
"sora_institute","identity_biometric",0
"gfs_bern","identity_biometric",0
"sotomo","identity_biometric",0
"link_institut","identity_biometric",0
"red_c","identity_biometric",0
"epinion","identity_biometric",0
"voxmeter","identity_biometric",0
"novus","identity_biometric",0
"taloustutkimus","identity_biometric",0
"finngen","identity_biometric",0
"decode_genetics","identity_biometric",0
"signicat","identity_biometric",2
"natcen","identity_biometric",0
"understanding_society","identity_biometric",0
"uk_data_service","identity_biometric",0
"opinium","identity_biometric",0
"survation","identity_biometric",0
"deltapoll","identity_biometric",0
"focaldata","identity_biometric",0
"jl_partners","identity_biometric",0
"more_in_common","identity_biometric",0
"bmg_research","identity_biometric",0
"signal_ai","identity_biometric",0
"rezatec","identity_biometric",0
"open_cosmos","identity_biometric",0
"iproov","identity_biometric",2
"truelayer","identity_biometric",0
"yapily","identity_biometric",0
"our_future_health","identity_biometric",0
"lifebit","identity_biometric",0
"ovilongwa","identity_biometric",0
"star_awards_bwa","identity_biometric",0
"igd_burkina","identity_biometric",0
"gradis_burundi","identity_biometric",0
"afrosondagem","identity_biometric",0
"cible_cameroun","identity_biometric",0
"laereag_tchad","identity_biometric",0
"avenir_nepad_congo","identity_biometric",0
"cofinco_comores","identity_biometric",0
"zechlab","identity_biometric",0
"qa_strategic_swz","identity_biometric",0
"abcon_ethiopia","identity_biometric",0
"cergep_gabon","identity_biometric",0
"stat_view_guinea","identity_biometric",0
"igpad_guinea_bissau","identity_biometric",0
"advision_lesotho","identity_biometric",0
"cdg_liberia","identity_biometric",0
"coef_resources","identity_biometric",0
"csr_malawi","identity_biometric",0
"great_mali","identity_biometric",0
"sista_consult","identity_biometric",0
"straconsult_mus","identity_biometric",0
"gsc_morocco","identity_biometric",0
"cs_research_moz","identity_biometric",0
"survey_warehouse","identity_biometric",0
"lasdel_niger","identity_biometric",0
"cres_senegal","identity_biometric",0
"igr_sierra_leone","identity_biometric",0
"sudan_polling_center","identity_biometric",0
"repoa_tanzania","identity_biometric",0
"crpd_gambia","identity_biometric",0
"crop_togo","identity_biometric",0
"hatchile_uganda","identity_biometric",0
"cesor_zambia","identity_biometric",0
"smile_identity","identity_biometric",2
"zindi","identity_biometric",0
"kartoza","identity_biometric",0
"geoterraimage","identity_biometric",0
"spatial_collective","identity_biometric",0
"ramani_huria","identity_biometric",0
"farmerline","identity_biometric",0
"esoko","identity_biometric",0
"sunculture","identity_biometric",0
"thriveagric","identity_biometric",0
"mono_nigeria","identity_biometric",0
"stitch_za","identity_biometric",0
"metropol_kenya","identity_biometric",0
"crc_credit_bureau","identity_biometric",0
"africa_check","identity_biometric",0
"dubawa","identity_biometric",0
"ilara_health","identity_biometric",0
"jacaranda_health","identity_biometric",0
"reelforge","identity_biometric",0
"prembly","identity_biometric",2
"youverify","identity_biometric",2
"data_science_nigeria","identity_biometric",0
"icog_labs","identity_biometric",0
"lesan_ai","identity_biometric",0
"kobo360","identity_biometric",0
"lori_systems","identity_biometric",0
"irsm_algeria","identity_biometric",0
"cread_algeria","identity_biometric",0
"optimar","identity_biometric",0
"orc_arastirma","identity_biometric",0
"avrasya_arastirma","identity_biometric",0
"genar","identity_biometric",0
"yoneylem","identity_biometric",0
"sonar_arastirma","identity_biometric",0
"gezici_arastirma","identity_biometric",0
"mak_danismanlik","identity_biometric",0
"piar_arastirma","identity_biometric",0
"insider_tr","identity_biometric",0
"acrps_doha","identity_biometric",0
"sesri_qatar","identity_biometric",0
"qcri","identity_biometric",0
"sdaia","identity_biometric",2
"elm_saudi","identity_biometric",2
"saudi_space_agency","identity_biometric",0
"simah","identity_biometric",0
"derasat","identity_biometric",0
"cri_lebanon","identity_biometric",0
"infopro_lebanon","identity_biometric",0
"albayan_iraq","identity_biometric",0
"mas_palestine","identity_biometric",0
"altibbi","identity_biometric",0
"maqsam","identity_biometric",0
"el_zanaty","identity_biometric",0
"i_score_egypt","identity_biometric",0
"intella_ai","identity_biometric",0
"marocmetrie","identity_biometric",0
"aarc_international","identity_biometric",0
"chifco","identity_biometric",0
"m42","identity_biometric",0
"aecb","identity_biometric",0
"derq","identity_biometric",0
"israel_democracy_institute","identity_biometric",0
"zencity","identity_biometric",0
"cognyte","identity_biometric",1
"ahri_south_africa","identity_biometric",0
"agincourt_wits","identity_biometric",0
"saprin","identity_biometric",0
"aphrc","identity_biometric",0
"kemri_wellcome","identity_biometric",0
"ifakara_health","identity_biometric",0
"manhica_cisim","identity_biometric",0
"mrc_gambia","identity_biometric",0
"navrongo_hrc","identity_biometric",0
"rakai_health","identity_biometric",0
"malawi_liverpool_wellcome","identity_biometric",0
"cidrz","identity_biometric",0
"kersa_hdss","identity_biometric",0
"nouna_crsn","identity_biometric",0
"apcc","identity_biometric",0
"h3africa","identity_biometric",0
"hsrc","identity_biometric",0
"saldru","identity_biometric",0
"datafirst","identity_biometric",0
"isser_ghana","identity_biometric",0
"eprc_uganda","identity_biometric",0
"esrf_tanzania","identity_biometric",0
"csea_nigeria","identity_biometric",0
"pesacheck","identity_biometric",0
"freshly_ground_insights","identity_biometric",0
"columinate","identity_biometric",0
"persian_cohort","identity_biometric",0
"golestan_cohort","identity_biometric",0
"qatar_biobank","identity_biometric",0
"moroccan_genome","identity_biometric",0
"afristat","identity_biometric",0
"statafric","identity_biometric",0
"afdb_statistics","identity_biometric",0
"sanbi","identity_biometric",0
"africas_talking","identity_biometric",0
"onafriq","identity_biometric",0
"cellulant","identity_biometric",0
"codesria","identity_biometric",0
"aerc","identity_biometric",0
"pasgr","identity_biometric",0
"iss_africa","identity_biometric",0
"nextier_spd","identity_biometric",0
"heritage_institute","identity_biometric",0
"zeparu","identity_biometric",0
"bidpa","identity_biometric",0
"ippr_namibia","identity_biometric",0
"nkafu","identity_biometric",0
"cires_ivoire","identity_biometric",0
"iese_mozambique","identity_biometric",0
"zipar","identity_biometric",0
"riwi","identity_biometric",0
"pricestats","identity_biometric",0
"soundthinking","identity_biometric",0
"alphonso","identity_biometric",0
"opensignal","identity_biometric",0
"nexar","identity_biometric",0
"geodnet","identity_biometric",0
"wingbits","identity_biometric",0
"flightradar24","identity_biometric",0
"karya","identity_biometric",0
"airwars","identity_biometric",0
"mnemonic","identity_biometric",0
"forensic_architecture","identity_biometric",0
"atlas_ai","identity_biometric",0
"fraym","identity_biometric",0
"rs_metrics","identity_biometric",0
"yodlee","identity_biometric",0
"empatica","identity_biometric",0
"sonde_health","identity_biometric",0
"origin_wireless","identity_biometric",0
"vayyar","identity_biometric",0
"bidgely","identity_biometric",0
"wildlife_insights","identity_biometric",0
"atlan_space","identity_biometric",0
"cellebrite","identity_biometric",2
"nso_group","identity_biometric",2
"candiru","identity_biometric",2
"paragon_solutions","identity_biometric",2
"kando","identity_biometric",0
"beehero","identity_biometric",0
"seetree","identity_biometric",0
"lean_technologies","identity_biometric",0
"ushahidi","identity_biometric",0
"sunbird_ai","identity_biometric",0
"terragon","identity_biometric",2
"zenvus","identity_biometric",0
"dataphyte","identity_biometric",0
"berci","identity_biometric",0
"iford","identity_biometric",0
"iki_malawi","identity_biometric",0
"jumo","identity_biometric",0
"kifiya","identity_biometric",0
"omnisient","identity_biometric",1
"humangle","identity_biometric",0
"timbuktu_institute","identity_biometric",0
"ayin_network","identity_biometric",0
"sudan_transparency","identity_biometric",0
"ipsos","device_telemetry",0
"kantar","device_telemetry",0
"niq","device_telemetry",0
"circana","device_telemetry",0
"gallup","device_telemetry",0
"yougov","device_telemetry",0
"morning_consult","device_telemetry",0
"pew_research","device_telemetry",0
"verian","device_telemetry",0
"ipsos_mori_uk","device_telemetry",0
"savanta","device_telemetry",0
"system1_group","device_telemetry",0
"euromonitor","device_telemetry",0
"mintel","device_telemetry",0
"statista","device_telemetry",0
"m3_global_research","device_telemetry",0
"escalent","device_telemetry",1
"material_plus","device_telemetry",0
"c_space","device_telemetry",0
"hall_and_partners","device_telemetry",0
"appinio","device_telemetry",0
"attest","device_telemetry",0
"zappi","device_telemetry",0
"suzy","device_telemetry",0
"glimpse_ai","device_telemetry",0
"listen_labs","device_telemetry",0
"strella","device_telemetry",0
"outset_ai","device_telemetry",0
"cint","device_telemetry",0
"dynata","device_telemetry",0
"toluna","device_telemetry",0
"bilendi","device_telemetry",0
"norstat","device_telemetry",0
"prolific","device_telemetry",0
"cloudresearch","device_telemetry",0
"purespectrum","device_telemetry",0
"innovate_mr","device_telemetry",0
"prodege","device_telemetry",0
"disqo","device_telemetry",0
"rakuten_insight","device_telemetry",0
"borderless_access","device_telemetry",0
"milieu_insight","device_telemetry",0
"respondent_io","device_telemetry",0
"qualtrics","device_telemetry",0
"surveymonkey","device_telemetry",0
"alchemer","device_telemetry",0
"forsta","device_telemetry",0
"sawtooth_software","device_telemetry",0
"surveycto","device_telemetry",0
"kobotoolbox","device_telemetry",0
"odk","device_telemetry",0
"commcare_dimagi","device_telemetry",0
"ona","device_telemetry",0
"mwater","device_telemetry",0
"redcap","device_telemetry",0
"gorilla_sc","device_telemetry",0
"credamo","device_telemetry",0
"wenjuanxing","device_telemetry",0
"one_to_one_tunisia","device_telemetry",0
"sigma_conseil","device_telemetry",0
"emrhod_consulting","device_telemetry",0
"elka_consulting","device_telemetry",0
"bjka_consulting","device_telemetry",0
"lms_csa_maroc","device_telemetry",0
"baseera_egypt","device_telemetry",0
"pcpsr","device_telemetry",0
"awrad","device_telemetry",0
"nama_strategic","device_telemetry",0
"css_jordan","device_telemetry",0
"iiacss","device_telemetry",0
"parc_dubai","device_telemetry",0
"ispa_iran","device_telemetry",0
"gamaan","device_telemetry",0
"konda","device_telemetry",0
"metropoll","device_telemetry",0
"areda_survey","device_telemetry",0
"midgam_israel","device_telemetry",0
"ipanel_israel","device_telemetry",0
"arab_barometer","device_telemetry",0
"afrobarometer","device_telemetry",0
"cdd_ghana","device_telemetry",0
"ijr_south_africa","device_telemetry",0
"ids_nairobi","device_telemetry",0
"ireg_benin","device_telemetry",0
"infotrak","device_telemetry",0
"tifa_research","device_telemetry",0
"consumer_insight_africa","device_telemetry",0
"geopoll","device_telemetry",0
"sagaci_research","device_telemetry",0
"noipolls","device_telemetry",0
"sbm_intelligence","device_telemetry",0
"practical_sampling","device_telemetry",0
"ask_afrika","device_telemetry",0
"plus94_research","device_telemetry",0
"citizen_surveys","device_telemetry",0
"busara_center","device_telemetry",0
"ipa_research","device_telemetry",0
"jpal","device_telemetry",0
"laterite","device_telemetry",0
"sixty_decibels","device_telemetry",0
"lokniti_csds","device_telemetry",0
"cvoter","device_telemetry",0
"axis_my_india","device_telemetry",0
"hansa_research","device_telemetry",0
"q_and_q_research","device_telemetry",0
"outline_india","device_telemetry",0
"gallup_pakistan","device_telemetry",0
"lsi_indonesia","device_telemetry",0
"smrc_indonesia","device_telemetry",0
"indikator_politik","device_telemetry",0
"sws_philippines","device_telemetry",0
"pulse_asia","device_telemetry",0
"cimigo","device_telemetry",0
"q_and_me","device_telemetry",0
"indochina_research","device_telemetry",0
"deka_research","device_telemetry",0
"macromill","device_telemetry",0
"intage","device_telemetry",0
"nikkei_research","device_telemetry",0
"cross_marketing","device_telemetry",0
"embrain","device_telemetry",0
"hankook_research","device_telemetry",0
"realmeter","device_telemetry",0
"gallup_korea","device_telemetry",0
"horizon_china","device_telemetry",0
"ctr_china","device_telemetry",0
"csm_media","device_telemetry",0
"datafolha","device_telemetry",0
"ipec_brasil","device_telemetry",0
"quaest","device_telemetry",0
"atlasintel","device_telemetry",0
"consulta_mitofsky","device_telemetry",0
"enkoll","device_telemetry",0
"buendia_marquez","device_telemetry",0
"cadem","device_telemetry",0
"invamer","device_telemetry",0
"datexco","device_telemetry",0
"cid_gallup","device_telemetry",0
"poliarquia","device_telemetry",0
"latinobarometro","device_telemetry",0
"lapop","device_telemetry",0
"levada_center","device_telemetry",0
"vciom","device_telemetry",0
"fom_russia","device_telemetry",0
"russian_field","device_telemetry",0
"kiis","device_telemetry",0
"rating_group","device_telemetry",0
"razumkov_centre","device_telemetry",0
"info_sapiens","device_telemetry",0
"gradus_research","device_telemetry",0
"crrc","device_telemetry",0
"act_georgia","device_telemetry",0
"central_asia_barometer","device_telemetry",0
"m_vector","device_telemetry",0
"siar_research","device_telemetry",0
"ipm_belarus","device_telemetry",0
"roy_morgan","device_telemetry",0
"essential_research","device_telemetry",0
"oztam","device_telemetry",0
"barb_uk","device_telemetry",0
"mediametrie","device_telemetry",0
"barc_india","device_telemetry",0
"video_research_jp","device_telemetry",0
"numeris","device_telemetry",0
"scale_ai","device_telemetry",0
"surge_ai","device_telemetry",0
"mercor","device_telemetry",0
"handshake_ai","device_telemetry",0
"micro1","device_telemetry",0
"turing_com","device_telemetry",0
"invisible_tech","device_telemetry",0
"appen","device_telemetry",0
"toloka","device_telemetry",0
"telus_digital_ai","device_telemetry",0
"imerit","device_telemetry",0
"sama","device_telemetry",0
"cloudfactory","device_telemetry",0
"superannotate","device_telemetry",0
"labelbox","device_telemetry",0
"snorkel_ai","device_telemetry",0
"encord","device_telemetry",0
"v7_labs","device_telemetry",0
"kili_technology","device_telemetry",0
"dataloop","device_telemetry",0
"roboflow","device_telemetry",0
"defined_ai","device_telemetry",0
"shaip","device_telemetry",0
"innodata","device_telemetry",0
"transperfect_dataforce","device_telemetry",0
"speechocean","device_telemetry",0
"datatang","device_telemetry",0
"magic_data_tech","device_telemetry",0
"dataannotation_tech","device_telemetry",0
"pareto_ai","device_telemetry",0
"mturk","device_telemetry",0
"clickworker","device_telemetry",0
"premise_data","device_telemetry",0
"streetbees","device_telemetry",0
"roamler","device_telemetry",0
"field_agent","device_telemetry",0
"gigwalk","device_telemetry",0
"glg","device_telemetry",0
"third_bridge","device_telemetry",0
"guidepoint","device_telemetry",0
"alphasense","device_telemetry",0
"dialectica","device_telemetry",0
"bright_data","device_telemetry",0
"oxylabs","device_telemetry",0
"decodo","device_telemetry",0
"zyte","device_telemetry",0
"apify","device_telemetry",0
"firecrawl","device_telemetry",0
"tavily","device_telemetry",0
"diffbot","device_telemetry",0
"common_crawl","device_telemetry",0
"promptcloud","device_telemetry",0
"grepsr","device_telemetry",0
"nimble_data","device_telemetry",0
"coresignal","device_telemetry",0
"acxiom","device_telemetry",0
"experian","device_telemetry",0
"equifax","device_telemetry",0
"transunion","device_telemetry",0
"liveramp","device_telemetry",0
"epsilon","device_telemetry",0
"lexisnexis_risk","device_telemetry",0
"dun_bradstreet","device_telemetry",0
"cotality","device_telemetry",0
"verisk","device_telemetry",0
"crif","device_telemetry",0
"serasa_experian","device_telemetry",0
"spokeo","device_telemetry",0
"safegraph","device_telemetry",0
"placer_ai","device_telemetry",0
"veraset","device_telemetry",0
"unacast","device_telemetry",0
"foursquare","device_telemetry",0
"kochava_collective","device_telemetry",0
"azira","device_telemetry",0
"advan_research","device_telemetry",0
"huq_industries","device_telemetry",0
"predicio","device_telemetry",0
"positium","device_telemetry",0
"teralytics","device_telemetry",0
"orange_flux_vision","device_telemetry",0
"flowminder","device_telemetry",0
"planet_labs","device_telemetry",0
"vantor","device_telemetry",0
"blacksky","device_telemetry",0
"iceye","device_telemetry",0
"satellogic","device_telemetry",0
"capella_space","device_telemetry",0
"umbra_space","device_telemetry",0
"airbus_ds_geo","device_telemetry",0
"spire_global","device_telemetry",0
"ursa_space","device_telemetry",0
"pixxel","device_telemetry",0
"skyfi","device_telemetry",0
"earthdaily","device_telemetry",0
"satvu","device_telemetry",0
"ghgsat","device_telemetry",0
"kayrros","device_telemetry",0
"descartes_labs","device_telemetry",0
"spaceknow","device_telemetry",0
"synspective","device_telemetry",0
"axelspace","device_telemetry",0
"changguang","device_telemetry",0
"twentyone_at","device_telemetry",0
"tomorrow_io","device_telemetry",0
"windborne","device_telemetry",0
"saildrone","device_telemetry",0
"sofar_ocean","device_telemetry",0
"jupiter_intelligence","device_telemetry",0
"first_street","device_telemetry",0
"fathom_global","device_telemetry",0
"jba_risk","device_telemetry",0
"moodys_rms","device_telemetry",0
"mitiga_solutions","device_telemetry",0
"climateai","device_telemetry",0
"descartes_underwriting","device_telemetry",0
"sylvera","device_telemetry",0
"bezero_carbon","device_telemetry",0
"carbon_mapper","device_telemetry",0
"chloris_geospatial","device_telemetry",0
"nielsen","device_telemetry",0
"comscore","device_telemetry",0
"samba_tv","device_telemetry",0
"ispot_tv","device_telemetry",0
"videoamp","device_telemetry",0
"similarweb","device_telemetry",0
"sensor_tower","device_telemetry",0
"yipitdata","device_telemetry",0
"m_science","device_telemetry",0
"consumer_edge","device_telemetry",0
"earnest_analytics","device_telemetry",0
"facteus","device_telemetry",0
"measurable_ai","device_telemetry",0
"plaid","device_telemetry",0
"tink","device_telemetry",0
"kpler","device_telemetry",0
"vortexa","device_telemetry",0
"windward_ai","device_telemetry",0
"panjiva","device_telemetry",0
"importgenius","device_telemetry",0
"iqvia","device_telemetry",0
"komodo_health","device_telemetry",0
"truveta","device_telemetry",0
"healthverity","device_telemetry",0
"tempus_ai","device_telemetry",0
"datavant","device_telemetry",0
"flatiron_health","device_telemetry",0
"trinetx","device_telemetry",0
"picnichealth","device_telemetry",0
"evidation_health","device_telemetry",2
"medidata","device_telemetry",0
"veeva_crossix","device_telemetry",0
"definitive_healthcare","device_telemetry",0
"uk_biobank","device_telemetry",0
"bgi_genomics","device_telemetry",0
"samsara","device_telemetry",2
"geotab","device_telemetry",2
"inrix","device_telemetry",2
"tomtom","device_telemetry",2
"here_technologies","device_telemetry",2
"cambridge_mobile","device_telemetry",2
"arity","device_telemetry",2
"smartcar","device_telemetry",2
"high_mobility","device_telemetry",2
"dataminr","device_telemetry",0
"recorded_future","device_telemetry",0
"meltwater","device_telemetry",0
"brandwatch","device_telemetry",0
"talkwalker","device_telemetry",0
"sprinklr","device_telemetry",0
"graphika","device_telemetry",0
"babel_street","device_telemetry",0
"sayari","device_telemetry",0
"kharon","device_telemetry",0
"janes","device_telemetry",0
"acled","device_telemetry",0
"gdelt","device_telemetry",0
"bellingcat","device_telemetry",0
"newsguard","device_telemetry",0
"zoominfo","device_telemetry",0
"apollo_io","device_telemetry",0
"cognism","device_telemetry",0
"lusha","device_telemetry",0
"people_data_labs","device_telemetry",0
"opencorporates","device_telemetry",0
"moodys_bvd","device_telemetry",0
"pitchbook","device_telemetry",0
"crunchbase","device_telemetry",0
"tracxn","device_telemetry",0
"dealroom","device_telemetry",0
"numerator","device_telemetry",0
"profitero","device_telemetry",0
"dataweave","device_telemetry",0
"intelligence_node","device_telemetry",0
"trax_retail","device_telemetry",0
"dunnhumby","device_telemetry",0
"eightyfour_51","device_telemetry",0
"clearview_ai","device_telemetry",0
"pimeyes","device_telemetry",0
"tools_for_humanity","device_telemetry",0
"yoti","device_telemetry",0
"idemia","device_telemetry",0
"sensetime","device_telemetry",0
"megvii","device_telemetry",0
"hikvision","device_telemetry",0
"arab_advisors","device_telemetry",0
"asdaa_bcw","device_telemetry",0
"insight_discovery","device_telemetry",0
"ventures_middle_east","device_telemetry",0
"space42","device_telemetry",0
"presight_ai","device_telemetry",0
"lucidya","device_telemetry",0
"mozn","device_telemetry",0
"crowd_analyzer","device_telemetry",0
"tarjama","device_telemetry",0
"idsc_egypt","device_telemetry",0
"rada_research","device_telemetry",0
"statistics_lebanon","device_telemetry",0
"information_international","device_telemetry",0
"scpr_syria","device_telemetry",0
"yemen_polling_center","device_telemetry",0
"diwan_research","device_telemetry",0
"immar_rc","device_telemetry",0
"sunergia","device_telemetry",0
"iranpoll","device_telemetry",0
"turkiye_raporu","device_telemetry",0
"geocartography","device_telemetry",0
"near_east_consulting","device_telemetry",0
"jmcc","device_telemetry",0
"zogby_research","device_telemetry",0
"reach_initiative","device_telemetry",0
"acaps","device_telemetry",0
"afriksurvey","device_telemetry",0
"sagapoll","device_telemetry",0
"dalberg_research","device_telemetry",0
"stears","device_telemetry",0
"datalens_africa","device_telemetry",0
"creditregistry","device_telemetry",0
"indicina","device_telemetry",0
"africa_polling_institute","device_telemetry",0
"global_infoanalytics","device_telemetry",0
"amini","device_telemetry",0
"research_solutions_africa","device_telemetry",0
"msurvey","device_telemetry",0
"echo_mobile","device_telemetry",0
"viamo","device_telemetry",0
"twaweza","device_telemetry",0
"research_world_intl","device_telemetry",0
"charis_uas","device_telemetry",0
"digital_umuganda","device_telemetry",0
"somali_public_agenda","device_telemetry",0
"mpoi_zimbabwe","device_telemetry",0
"social_research_foundation","device_telemetry",0
"eighty20","device_telemetry",0
"lightstone","device_telemetry",0
"lelapa_ai","device_telemetry",0
"masakhane","device_telemetry",0
"awarri","device_telemetry",0
"romir","device_telemetry",0
"mediascope","device_telemetry",0
"ipsos_comcon","device_telemetry",0
"tiburon_research","device_telemetry",0
"anketolog","device_telemetry",0
"sberindex","device_telemetry",0
"yandex_data","device_telemetry",0
"baw_belarus","device_telemetry",0
"bisam","device_telemetry",0
"demoscope_kz","device_telemetry",0
"ijtimoiy_fikr","device_telemetry",0
"questmobile","device_telemetry",0
"analysys_yiguan","device_telemetry",0
"iimedia","device_telemetry",0
"talkingdata","device_telemetry",1
"aurora_mobile","device_telemetry",2
"miaozhen_admaster","device_telemetry",0
"qichacha","device_telemetry",0
"tianyancha","device_telemetry",0
"wind_information","device_telemetry",0
"intron_health","device_telemetry",0
"african_languages_lab","device_telemetry",0
"aflabox","device_telemetry",0
"tolbi","device_telemetry",0
"soko_aerial","device_telemetry",0
"geoinfotech","device_telemetry",0
"helium_health","device_telemetry",0
"pula","device_telemetry",0
"apollo_agriculture","device_telemetry",0
"hello_tractor","device_telemetry",2
"mpharma","device_telemetry",0
"ehealth_africa","device_telemetry",0
"lacuna_fund","device_telemetry",0
"makerere_ai","device_telemetry",0
"cntxt_ai","device_telemetry",0
"arabic_ai","device_telemetry",0
"aydi","device_telemetry",0
"widebot","device_telemetry",0
"mawdoo3","device_telemetry",0
"aaru","device_telemetry",0
"simile","device_telemetry",0
"conveo","device_telemetry",0
"perspective_ai","device_telemetry",0
"theysaid","device_telemetry",0
"versive","device_telemetry",0
"hivemapper","device_telemetry",0
"dimo","device_telemetry",2
"weatherxm","device_telemetry",0
"nova_labs_helium","device_telemetry",2
"safecast","device_telemetry",0
"biobot","device_telemetry",0
"verily","device_telemetry",0
"wastewaterscan","device_telemetry",0
"hawkeye_360","device_telemetry",0
"unseenlabs","device_telemetry",0
"kleos_space","device_telemetry",0
"naturemetrics","device_telemetry",0
"rainforest_connection","device_telemetry",0
"fugro","device_telemetry",0
"clarity_movement","device_telemetry",0
"aclima","device_telemetry",0
"nuview","device_telemetry",0
"orbital_sidekick","device_telemetry",0
"wyvern","device_telemetry",0
"hydrosat","device_telemetry",0
"muon_space","device_telemetry",0
"myriota","device_telemetry",2
"astrocast","device_telemetry",2
"nearmap","device_telemetry",0
"vexcel_imaging","device_telemetry",0
"airqo","device_telemetry",0
"code_for_africa","device_telemetry",0
"aerobotics","device_telemetry",0
"ujuzikilimo","device_telemetry",0
"robocare","device_telemetry",0
"astral_aerial","device_telemetry",0
"earthranger","device_telemetry",0
"falcon_eye_drones","device_telemetry",0
"falcon_3d","device_telemetry",0
"digital_earth_africa","device_telemetry",0
"sansa","device_telemetry",0
"nasrda","device_telemetry",0
"egsa","device_telemetry",0
"kenya_space_agency","device_telemetry",0
"essti","device_telemetry",0
"mbrsc","device_telemetry",0
"tubitak_uzay","device_telemetry",0
"imagesat","device_telemetry",0
"taranis","device_telemetry",0
"agritask","device_telemetry",0
"asterra","device_telemetry",0
"norc","device_telemetry",0
"westat","device_telemetry",0
"rti_international","device_telemetry",0
"mathematica","device_telemetry",0
"abt_global","device_telemetry",0
"ssrs","device_telemetry",0
"icf_international","device_telemetry",0
"quinnipiac_poll","device_telemetry",0
"marist_poll","device_telemetry",0
"monmouth_poll","device_telemetry",0
"siena_research","device_telemetry",0
"emerson_polling","device_telemetry",0
"surveyusa","device_telemetry",0
"prri","device_telemetry",0
"ap_norc","device_telemetry",0
"civiqs","device_telemetry",0
"echelon_insights","device_telemetry",0
"data_for_progress","device_telemetry",0
"cygnal","device_telemetry",0
"leger","device_telemetry",0
"angus_reid_institute","device_telemetry",0
"nanos_research","device_telemetry",0
"ekos_research","device_telemetry",0
"abacus_data","device_telemetry",0
"environics_research","device_telemetry",0
"skywatch","device_telemetry",0
"mda_space","device_telemetry",0
"ecopia_ai","device_telemetry",0
"farmers_edge","device_telemetry",0
"deveron","device_telemetry",0
"semios","device_telemetry",0
"bluedot","device_telemetry",0
"local_logic","device_telemetry",0
"riskthinking_ai","device_telemetry",0
"triton_digital","device_telemetry",0
"descartes_datamyne","device_telemetry",0
"browse_ai","device_telemetry",0
"internet_archive","device_telemetry",0
"exa_ai","device_telemetry",0
"altana","device_telemetry",0
"project44","device_telemetry",0
"fourkites","device_telemetry",0
"clear_secure","device_telemetry",0
"id_me","device_telemetry",0
"socure","device_telemetry",0
"observa","device_telemetry",0
"ookla","device_telemetry",2
"purpleair","device_telemetry",0
"motive","device_telemetry",2
"lytx","device_telemetry",2
"catalina_marketing","device_telemetry",0
"inmar_intelligence","device_telemetry",0
"data_axle","device_telemetry",0
"bombora","device_telemetry",0
"thinknum","device_telemetry",0
"om1","device_telemetry",0
"verana_health","device_telemetry",0
"atropos_health","device_telemetry",0
"aetion","device_telemetry",0
"edison_research","device_telemetry",0
"luminate_data","device_telemetry",0
"flashpoint","device_telemetry",0
"zignal_labs","device_telemetry",0
"albedo","device_telemetry",0
"centaur_labs","device_telemetry",0
"fulcrum_app","device_telemetry",0
"rep_data","device_telemetry",0
"understanding_america","device_telemetry",0
"forsa","device_telemetry",0
"infratest_dimap","device_telemetry",0
"allensbach","device_telemetry",0
"civey","device_telemetry",0
"insa_consulere","device_telemetry",0
"infas","device_telemetry",0
"gesis","device_telemetry",0
"soep_diw","device_telemetry",0
"ororatech","device_telemetry",0
"liveeo","device_telemetry",0
"constellr","device_telemetry",0
"limesurvey","device_telemetry",0
"agf_videoforschung","device_telemetry",0
"ifop","device_telemetry",0
"opinionway","device_telemetry",0
"bva_xsight","device_telemetry",0
"elabe","device_telemetry",0
"odoxa","device_telemetry",0
"csa_research","device_telemetry",0
"credoc","device_telemetry",0
"scrapingbee","device_telemetry",0
"shippeo","device_telemetry",0
"owkin","device_telemetry",0
"doxa","device_telemetry",0
"swg_italia","device_telemetry",0
"cerved","device_telemetry",0
"auditel_italia","device_telemetry",0
"e_geos","device_telemetry",0
"planetek_italia","device_telemetry",0
"sigma_dos","device_telemetry",0
"gad3","device_telemetry",0
"metroscopia","device_telemetry",0
"cuarenta_db","device_telemetry",0
"kido_dynamics","device_telemetry",0
"deimos_imaging","device_telemetry",0
"marktest","device_telemetry",0
"intercampus","device_telemetry",0
"metron_analysis","device_telemetry",0
"kapa_research","device_telemetry",0
"marinetraffic","device_telemetry",0
"kieskompas","device_telemetry",0
"io_research","device_telemetry",0
"motivaction","device_telemetry",0
"nipo_nfield","device_telemetry",0
"lifelines","device_telemetry",0
"ivox","device_telemetry",0
"sora_institute","device_telemetry",0
"gfs_bern","device_telemetry",0
"sotomo","device_telemetry",0
"link_institut","device_telemetry",0
"red_c","device_telemetry",0
"epinion","device_telemetry",0
"voxmeter","device_telemetry",0
"novus","device_telemetry",0
"taloustutkimus","device_telemetry",0
"finngen","device_telemetry",0
"decode_genetics","device_telemetry",0
"signicat","device_telemetry",0
"natcen","device_telemetry",0
"understanding_society","device_telemetry",0
"uk_data_service","device_telemetry",0
"opinium","device_telemetry",0
"survation","device_telemetry",0
"deltapoll","device_telemetry",0
"focaldata","device_telemetry",0
"jl_partners","device_telemetry",0
"more_in_common","device_telemetry",0
"bmg_research","device_telemetry",0
"signal_ai","device_telemetry",0
"rezatec","device_telemetry",0
"open_cosmos","device_telemetry",0
"iproov","device_telemetry",0
"truelayer","device_telemetry",0
"yapily","device_telemetry",0
"our_future_health","device_telemetry",0
"lifebit","device_telemetry",0
"ovilongwa","device_telemetry",0
"star_awards_bwa","device_telemetry",0
"igd_burkina","device_telemetry",0
"gradis_burundi","device_telemetry",0
"afrosondagem","device_telemetry",0
"cible_cameroun","device_telemetry",0
"laereag_tchad","device_telemetry",0
"avenir_nepad_congo","device_telemetry",0
"cofinco_comores","device_telemetry",0
"zechlab","device_telemetry",0
"qa_strategic_swz","device_telemetry",0
"abcon_ethiopia","device_telemetry",0
"cergep_gabon","device_telemetry",0
"stat_view_guinea","device_telemetry",0
"igpad_guinea_bissau","device_telemetry",0
"advision_lesotho","device_telemetry",0
"cdg_liberia","device_telemetry",0
"coef_resources","device_telemetry",0
"csr_malawi","device_telemetry",0
"great_mali","device_telemetry",0
"sista_consult","device_telemetry",0
"straconsult_mus","device_telemetry",0
"gsc_morocco","device_telemetry",0
"cs_research_moz","device_telemetry",0
"survey_warehouse","device_telemetry",0
"lasdel_niger","device_telemetry",0
"cres_senegal","device_telemetry",0
"igr_sierra_leone","device_telemetry",0
"sudan_polling_center","device_telemetry",0
"repoa_tanzania","device_telemetry",0
"crpd_gambia","device_telemetry",0
"crop_togo","device_telemetry",0
"hatchile_uganda","device_telemetry",0
"cesor_zambia","device_telemetry",0
"smile_identity","device_telemetry",0
"zindi","device_telemetry",0
"kartoza","device_telemetry",0
"geoterraimage","device_telemetry",0
"spatial_collective","device_telemetry",0
"ramani_huria","device_telemetry",0
"farmerline","device_telemetry",0
"esoko","device_telemetry",0
"sunculture","device_telemetry",2
"thriveagric","device_telemetry",0
"mono_nigeria","device_telemetry",0
"stitch_za","device_telemetry",0
"metropol_kenya","device_telemetry",0
"crc_credit_bureau","device_telemetry",0
"africa_check","device_telemetry",0
"dubawa","device_telemetry",0
"ilara_health","device_telemetry",1
"jacaranda_health","device_telemetry",0
"reelforge","device_telemetry",0
"prembly","device_telemetry",0
"youverify","device_telemetry",0
"data_science_nigeria","device_telemetry",0
"icog_labs","device_telemetry",0
"lesan_ai","device_telemetry",0
"kobo360","device_telemetry",0
"lori_systems","device_telemetry",0
"irsm_algeria","device_telemetry",0
"cread_algeria","device_telemetry",0
"optimar","device_telemetry",0
"orc_arastirma","device_telemetry",0
"avrasya_arastirma","device_telemetry",0
"genar","device_telemetry",0
"yoneylem","device_telemetry",0
"sonar_arastirma","device_telemetry",0
"gezici_arastirma","device_telemetry",0
"mak_danismanlik","device_telemetry",0
"piar_arastirma","device_telemetry",0
"insider_tr","device_telemetry",0
"acrps_doha","device_telemetry",0
"sesri_qatar","device_telemetry",0
"qcri","device_telemetry",0
"sdaia","device_telemetry",0
"elm_saudi","device_telemetry",0
"saudi_space_agency","device_telemetry",0
"simah","device_telemetry",0
"derasat","device_telemetry",0
"cri_lebanon","device_telemetry",0
"infopro_lebanon","device_telemetry",0
"albayan_iraq","device_telemetry",0
"mas_palestine","device_telemetry",0
"altibbi","device_telemetry",0
"maqsam","device_telemetry",0
"el_zanaty","device_telemetry",0
"i_score_egypt","device_telemetry",0
"intella_ai","device_telemetry",0
"marocmetrie","device_telemetry",0
"aarc_international","device_telemetry",0
"chifco","device_telemetry",2
"m42","device_telemetry",0
"aecb","device_telemetry",0
"derq","device_telemetry",0
"israel_democracy_institute","device_telemetry",0
"zencity","device_telemetry",0
"cognyte","device_telemetry",0
"ahri_south_africa","device_telemetry",0
"agincourt_wits","device_telemetry",0
"saprin","device_telemetry",0
"aphrc","device_telemetry",0
"kemri_wellcome","device_telemetry",0
"ifakara_health","device_telemetry",0
"manhica_cisim","device_telemetry",0
"mrc_gambia","device_telemetry",0
"navrongo_hrc","device_telemetry",0
"rakai_health","device_telemetry",0
"malawi_liverpool_wellcome","device_telemetry",0
"cidrz","device_telemetry",0
"kersa_hdss","device_telemetry",0
"nouna_crsn","device_telemetry",0
"apcc","device_telemetry",0
"h3africa","device_telemetry",0
"hsrc","device_telemetry",0
"saldru","device_telemetry",0
"datafirst","device_telemetry",0
"isser_ghana","device_telemetry",0
"eprc_uganda","device_telemetry",0
"esrf_tanzania","device_telemetry",0
"csea_nigeria","device_telemetry",0
"pesacheck","device_telemetry",0
"freshly_ground_insights","device_telemetry",0
"columinate","device_telemetry",0
"persian_cohort","device_telemetry",0
"golestan_cohort","device_telemetry",0
"qatar_biobank","device_telemetry",0
"moroccan_genome","device_telemetry",0
"afristat","device_telemetry",0
"statafric","device_telemetry",0
"afdb_statistics","device_telemetry",0
"sanbi","device_telemetry",0
"africas_talking","device_telemetry",2
"onafriq","device_telemetry",0
"cellulant","device_telemetry",0
"codesria","device_telemetry",0
"aerc","device_telemetry",0
"pasgr","device_telemetry",0
"iss_africa","device_telemetry",0
"nextier_spd","device_telemetry",0
"heritage_institute","device_telemetry",0
"zeparu","device_telemetry",0
"bidpa","device_telemetry",0
"ippr_namibia","device_telemetry",0
"nkafu","device_telemetry",0
"cires_ivoire","device_telemetry",0
"iese_mozambique","device_telemetry",0
"zipar","device_telemetry",0
"riwi","device_telemetry",0
"pricestats","device_telemetry",0
"soundthinking","device_telemetry",0
"alphonso","device_telemetry",0
"opensignal","device_telemetry",2
"nexar","device_telemetry",0
"geodnet","device_telemetry",0
"wingbits","device_telemetry",0
"flightradar24","device_telemetry",0
"karya","device_telemetry",0
"airwars","device_telemetry",0
"mnemonic","device_telemetry",0
"forensic_architecture","device_telemetry",0
"atlas_ai","device_telemetry",0
"fraym","device_telemetry",0
"rs_metrics","device_telemetry",0
"yodlee","device_telemetry",0
"empatica","device_telemetry",2
"sonde_health","device_telemetry",1
"origin_wireless","device_telemetry",2
"vayyar","device_telemetry",2
"bidgely","device_telemetry",2
"wildlife_insights","device_telemetry",0
"atlan_space","device_telemetry",0
"cellebrite","device_telemetry",0
"nso_group","device_telemetry",0
"candiru","device_telemetry",0
"paragon_solutions","device_telemetry",0
"kando","device_telemetry",0
"beehero","device_telemetry",0
"seetree","device_telemetry",0
"lean_technologies","device_telemetry",0
"ushahidi","device_telemetry",0
"sunbird_ai","device_telemetry",0
"terragon","device_telemetry",0
"zenvus","device_telemetry",0
"dataphyte","device_telemetry",0
"berci","device_telemetry",0
"iford","device_telemetry",0
"iki_malawi","device_telemetry",0
"jumo","device_telemetry",0
"kifiya","device_telemetry",0
"omnisient","device_telemetry",0
"humangle","device_telemetry",0
"timbuktu_institute","device_telemetry",0
"ayin_network","device_telemetry",0
"sudan_transparency","device_telemetry",0
"ipsos","education",0
"kantar","education",0
"niq","education",0
"circana","education",0
"gallup","education",0
"yougov","education",0
"morning_consult","education",0
"pew_research","education",0
"verian","education",1
"ipsos_mori_uk","education",0
"savanta","education",0
"system1_group","education",0
"euromonitor","education",0
"mintel","education",0
"statista","education",0
"m3_global_research","education",0
"escalent","education",0
"material_plus","education",0
"c_space","education",0
"hall_and_partners","education",0
"appinio","education",0
"attest","education",0
"zappi","education",0
"suzy","education",0
"glimpse_ai","education",0
"listen_labs","education",0
"strella","education",0
"outset_ai","education",0
"cint","education",0
"dynata","education",0
"toluna","education",0
"bilendi","education",0
"norstat","education",0
"prolific","education",0
"cloudresearch","education",0
"purespectrum","education",0
"innovate_mr","education",0
"prodege","education",0
"disqo","education",0
"rakuten_insight","education",0
"borderless_access","education",0
"milieu_insight","education",0
"respondent_io","education",0
"qualtrics","education",0
"surveymonkey","education",0
"alchemer","education",0
"forsta","education",0
"sawtooth_software","education",0
"surveycto","education",1
"kobotoolbox","education",1
"odk","education",1
"commcare_dimagi","education",1
"ona","education",1
"mwater","education",0
"redcap","education",1
"gorilla_sc","education",1
"credamo","education",0
"wenjuanxing","education",0
"one_to_one_tunisia","education",0
"sigma_conseil","education",0
"emrhod_consulting","education",0
"elka_consulting","education",0
"bjka_consulting","education",0
"lms_csa_maroc","education",0
"baseera_egypt","education",0
"pcpsr","education",0
"awrad","education",0
"nama_strategic","education",0
"css_jordan","education",0
"iiacss","education",0
"parc_dubai","education",0
"ispa_iran","education",0
"gamaan","education",0
"konda","education",0
"metropoll","education",0
"areda_survey","education",0
"midgam_israel","education",0
"ipanel_israel","education",0
"arab_barometer","education",0
"afrobarometer","education",1
"cdd_ghana","education",0
"ijr_south_africa","education",0
"ids_nairobi","education",0
"ireg_benin","education",0
"infotrak","education",0
"tifa_research","education",0
"consumer_insight_africa","education",0
"geopoll","education",0
"sagaci_research","education",0
"noipolls","education",0
"sbm_intelligence","education",0
"practical_sampling","education",0
"ask_afrika","education",0
"plus94_research","education",0
"citizen_surveys","education",0
"busara_center","education",1
"ipa_research","education",2
"jpal","education",2
"laterite","education",2
"sixty_decibels","education",1
"lokniti_csds","education",1
"cvoter","education",0
"axis_my_india","education",0
"hansa_research","education",0
"q_and_q_research","education",0
"outline_india","education",2
"gallup_pakistan","education",0
"lsi_indonesia","education",0
"smrc_indonesia","education",0
"indikator_politik","education",0
"sws_philippines","education",0
"pulse_asia","education",0
"cimigo","education",0
"q_and_me","education",0
"indochina_research","education",0
"deka_research","education",0
"macromill","education",0
"intage","education",0
"nikkei_research","education",0
"cross_marketing","education",0
"embrain","education",0
"hankook_research","education",0
"realmeter","education",0
"gallup_korea","education",0
"horizon_china","education",0
"ctr_china","education",0
"csm_media","education",0
"datafolha","education",0
"ipec_brasil","education",0
"quaest","education",0
"atlasintel","education",0
"consulta_mitofsky","education",0
"enkoll","education",0
"buendia_marquez","education",0
"cadem","education",0
"invamer","education",0
"datexco","education",0
"cid_gallup","education",0
"poliarquia","education",0
"latinobarometro","education",0
"lapop","education",0
"levada_center","education",0
"vciom","education",0
"fom_russia","education",0
"russian_field","education",0
"kiis","education",0
"rating_group","education",0
"razumkov_centre","education",0
"info_sapiens","education",0
"gradus_research","education",0
"crrc","education",0
"act_georgia","education",0
"central_asia_barometer","education",0
"m_vector","education",0
"siar_research","education",0
"ipm_belarus","education",0
"roy_morgan","education",0
"essential_research","education",0
"oztam","education",0
"barb_uk","education",0
"mediametrie","education",0
"barc_india","education",0
"video_research_jp","education",0
"numeris","education",0
"scale_ai","education",0
"surge_ai","education",0
"mercor","education",0
"handshake_ai","education",2
"micro1","education",0
"turing_com","education",0
"invisible_tech","education",0
"appen","education",0
"toloka","education",0
"telus_digital_ai","education",0
"imerit","education",0
"sama","education",0
"cloudfactory","education",0
"superannotate","education",0
"labelbox","education",0
"snorkel_ai","education",0
"encord","education",0
"v7_labs","education",0
"kili_technology","education",0
"dataloop","education",0
"roboflow","education",0
"defined_ai","education",0
"shaip","education",0
"innodata","education",0
"transperfect_dataforce","education",0
"speechocean","education",0
"datatang","education",0
"magic_data_tech","education",0
"dataannotation_tech","education",0
"pareto_ai","education",0
"mturk","education",0
"clickworker","education",0
"premise_data","education",0
"streetbees","education",0
"roamler","education",0
"field_agent","education",0
"gigwalk","education",0
"glg","education",0
"third_bridge","education",0
"guidepoint","education",0
"alphasense","education",0
"dialectica","education",0
"bright_data","education",0
"oxylabs","education",0
"decodo","education",0
"zyte","education",0
"apify","education",0
"firecrawl","education",0
"tavily","education",0
"diffbot","education",0
"common_crawl","education",0
"promptcloud","education",0
"grepsr","education",0
"nimble_data","education",0
"coresignal","education",0
"acxiom","education",0
"experian","education",0
"equifax","education",0
"transunion","education",0
"liveramp","education",0
"epsilon","education",0
"lexisnexis_risk","education",0
"dun_bradstreet","education",0
"cotality","education",0
"verisk","education",0
"crif","education",0
"serasa_experian","education",0
"spokeo","education",0
"safegraph","education",0
"placer_ai","education",0
"veraset","education",0
"unacast","education",0
"foursquare","education",0
"kochava_collective","education",0
"azira","education",0
"advan_research","education",0
"huq_industries","education",0
"predicio","education",0
"positium","education",0
"teralytics","education",0
"orange_flux_vision","education",0
"flowminder","education",0
"planet_labs","education",0
"vantor","education",0
"blacksky","education",0
"iceye","education",0
"satellogic","education",0
"capella_space","education",0
"umbra_space","education",0
"airbus_ds_geo","education",0
"spire_global","education",0
"ursa_space","education",0
"pixxel","education",0
"skyfi","education",0
"earthdaily","education",0
"satvu","education",0
"ghgsat","education",0
"kayrros","education",0
"descartes_labs","education",0
"spaceknow","education",0
"synspective","education",0
"axelspace","education",0
"changguang","education",0
"twentyone_at","education",0
"tomorrow_io","education",0
"windborne","education",0
"saildrone","education",0
"sofar_ocean","education",0
"jupiter_intelligence","education",0
"first_street","education",0
"fathom_global","education",0
"jba_risk","education",0
"moodys_rms","education",0
"mitiga_solutions","education",0
"climateai","education",0
"descartes_underwriting","education",0
"sylvera","education",0
"bezero_carbon","education",0
"carbon_mapper","education",0
"chloris_geospatial","education",0
"nielsen","education",0
"comscore","education",0
"samba_tv","education",0
"ispot_tv","education",0
"videoamp","education",0
"similarweb","education",0
"sensor_tower","education",0
"yipitdata","education",0
"m_science","education",0
"consumer_edge","education",0
"earnest_analytics","education",0
"facteus","education",0
"measurable_ai","education",0
"plaid","education",0
"tink","education",0
"kpler","education",0
"vortexa","education",0
"windward_ai","education",0
"panjiva","education",0
"importgenius","education",0
"iqvia","education",0
"komodo_health","education",0
"truveta","education",0
"healthverity","education",0
"tempus_ai","education",0
"datavant","education",0
"flatiron_health","education",0
"trinetx","education",0
"picnichealth","education",0
"evidation_health","education",0
"medidata","education",0
"veeva_crossix","education",0
"definitive_healthcare","education",0
"uk_biobank","education",0
"bgi_genomics","education",0
"samsara","education",0
"geotab","education",0
"inrix","education",0
"tomtom","education",0
"here_technologies","education",0
"cambridge_mobile","education",0
"arity","education",0
"smartcar","education",0
"high_mobility","education",0
"dataminr","education",0
"recorded_future","education",0
"meltwater","education",0
"brandwatch","education",0
"talkwalker","education",0
"sprinklr","education",0
"graphika","education",0
"babel_street","education",0
"sayari","education",0
"kharon","education",0
"janes","education",0
"acled","education",0
"gdelt","education",0
"bellingcat","education",0
"newsguard","education",0
"zoominfo","education",0
"apollo_io","education",0
"cognism","education",0
"lusha","education",0
"people_data_labs","education",0
"opencorporates","education",0
"moodys_bvd","education",0
"pitchbook","education",0
"crunchbase","education",0
"tracxn","education",0
"dealroom","education",0
"numerator","education",0
"profitero","education",0
"dataweave","education",0
"intelligence_node","education",0
"trax_retail","education",0
"dunnhumby","education",0
"eightyfour_51","education",0
"clearview_ai","education",0
"pimeyes","education",0
"tools_for_humanity","education",0
"yoti","education",0
"idemia","education",0
"sensetime","education",0
"megvii","education",0
"hikvision","education",0
"arab_advisors","education",0
"asdaa_bcw","education",0
"insight_discovery","education",0
"ventures_middle_east","education",0
"space42","education",0
"presight_ai","education",0
"lucidya","education",0
"mozn","education",0
"crowd_analyzer","education",0
"tarjama","education",0
"idsc_egypt","education",0
"rada_research","education",0
"statistics_lebanon","education",0
"information_international","education",0
"scpr_syria","education",0
"yemen_polling_center","education",0
"diwan_research","education",0
"immar_rc","education",0
"sunergia","education",0
"iranpoll","education",0
"turkiye_raporu","education",0
"geocartography","education",0
"near_east_consulting","education",0
"jmcc","education",0
"zogby_research","education",0
"reach_initiative","education",0
"acaps","education",0
"afriksurvey","education",0
"sagapoll","education",0
"dalberg_research","education",1
"stears","education",0
"datalens_africa","education",0
"creditregistry","education",0
"indicina","education",0
"africa_polling_institute","education",0
"global_infoanalytics","education",0
"amini","education",0
"research_solutions_africa","education",0
"msurvey","education",0
"echo_mobile","education",1
"viamo","education",2
"twaweza","education",2
"research_world_intl","education",0
"charis_uas","education",0
"digital_umuganda","education",1
"somali_public_agenda","education",0
"mpoi_zimbabwe","education",0
"social_research_foundation","education",0
"eighty20","education",0
"lightstone","education",0
"lelapa_ai","education",1
"masakhane","education",1
"awarri","education",1
"romir","education",0
"mediascope","education",0
"ipsos_comcon","education",0
"tiburon_research","education",0
"anketolog","education",0
"sberindex","education",0
"yandex_data","education",0
"baw_belarus","education",0
"bisam","education",0
"demoscope_kz","education",0
"ijtimoiy_fikr","education",0
"questmobile","education",0
"analysys_yiguan","education",0
"iimedia","education",0
"talkingdata","education",0
"aurora_mobile","education",0
"miaozhen_admaster","education",0
"qichacha","education",0
"tianyancha","education",0
"wind_information","education",0
"intron_health","education",0
"african_languages_lab","education",2
"aflabox","education",0
"tolbi","education",0
"soko_aerial","education",0
"geoinfotech","education",0
"helium_health","education",0
"pula","education",0
"apollo_agriculture","education",0
"hello_tractor","education",0
"mpharma","education",0
"ehealth_africa","education",0
"lacuna_fund","education",1
"makerere_ai","education",1
"cntxt_ai","education",0
"arabic_ai","education",2
"aydi","education",0
"widebot","education",0
"mawdoo3","education",1
"aaru","education",0
"simile","education",0
"conveo","education",0
"perspective_ai","education",0
"theysaid","education",0
"versive","education",0
"hivemapper","education",0
"dimo","education",0
"weatherxm","education",0
"nova_labs_helium","education",0
"safecast","education",0
"biobot","education",0
"verily","education",0
"wastewaterscan","education",0
"hawkeye_360","education",0
"unseenlabs","education",0
"kleos_space","education",0
"naturemetrics","education",0
"rainforest_connection","education",0
"fugro","education",0
"clarity_movement","education",0
"aclima","education",0
"nuview","education",0
"orbital_sidekick","education",0
"wyvern","education",0
"hydrosat","education",0
"muon_space","education",0
"myriota","education",0
"astrocast","education",0
"nearmap","education",0
"vexcel_imaging","education",0
"airqo","education",0
"code_for_africa","education",0
"aerobotics","education",0
"ujuzikilimo","education",0
"robocare","education",0
"astral_aerial","education",0
"earthranger","education",0
"falcon_eye_drones","education",0
"falcon_3d","education",0
"digital_earth_africa","education",0
"sansa","education",0
"nasrda","education",0
"egsa","education",0
"kenya_space_agency","education",0
"essti","education",0
"mbrsc","education",0
"tubitak_uzay","education",0
"imagesat","education",0
"taranis","education",0
"agritask","education",0
"asterra","education",0
"norc","education",1
"westat","education",1
"rti_international","education",1
"mathematica","education",1
"abt_global","education",1
"ssrs","education",0
"icf_international","education",0
"quinnipiac_poll","education",0
"marist_poll","education",0
"monmouth_poll","education",0
"siena_research","education",0
"emerson_polling","education",0
"surveyusa","education",0
"prri","education",0
"ap_norc","education",0
"civiqs","education",0
"echelon_insights","education",0
"data_for_progress","education",0
"cygnal","education",0
"leger","education",0
"angus_reid_institute","education",0
"nanos_research","education",0
"ekos_research","education",0
"abacus_data","education",0
"environics_research","education",0
"skywatch","education",0
"mda_space","education",0
"ecopia_ai","education",0
"farmers_edge","education",0
"deveron","education",0
"semios","education",0
"bluedot","education",0
"local_logic","education",0
"riskthinking_ai","education",0
"triton_digital","education",0
"descartes_datamyne","education",0
"browse_ai","education",0
"internet_archive","education",0
"exa_ai","education",0
"altana","education",0
"project44","education",0
"fourkites","education",0
"clear_secure","education",0
"id_me","education",0
"socure","education",0
"observa","education",0
"ookla","education",0
"purpleair","education",0
"motive","education",0
"lytx","education",0
"catalina_marketing","education",0
"inmar_intelligence","education",0
"data_axle","education",0
"bombora","education",0
"thinknum","education",0
"om1","education",0
"verana_health","education",0
"atropos_health","education",0
"aetion","education",0
"edison_research","education",0
"luminate_data","education",0
"flashpoint","education",0
"zignal_labs","education",0
"albedo","education",0
"centaur_labs","education",0
"fulcrum_app","education",0
"rep_data","education",0
"understanding_america","education",0
"forsa","education",0
"infratest_dimap","education",0
"allensbach","education",0
"civey","education",0
"insa_consulere","education",0
"infas","education",0
"gesis","education",1
"soep_diw","education",1
"ororatech","education",0
"liveeo","education",0
"constellr","education",0
"limesurvey","education",1
"agf_videoforschung","education",0
"ifop","education",0
"opinionway","education",0
"bva_xsight","education",0
"elabe","education",0
"odoxa","education",0
"csa_research","education",0
"credoc","education",0
"scrapingbee","education",0
"shippeo","education",0
"owkin","education",0
"doxa","education",0
"swg_italia","education",0
"cerved","education",0
"auditel_italia","education",0
"e_geos","education",0
"planetek_italia","education",0
"sigma_dos","education",0
"gad3","education",0
"metroscopia","education",0
"cuarenta_db","education",0
"kido_dynamics","education",0
"deimos_imaging","education",0
"marktest","education",0
"intercampus","education",0
"metron_analysis","education",0
"kapa_research","education",0
"marinetraffic","education",0
"kieskompas","education",0
"io_research","education",0
"motivaction","education",0
"nipo_nfield","education",0
"lifelines","education",0
"ivox","education",0
"sora_institute","education",0
"gfs_bern","education",0
"sotomo","education",0
"link_institut","education",0
"red_c","education",0
"epinion","education",0
"voxmeter","education",0
"novus","education",0
"taloustutkimus","education",0
"finngen","education",0
"decode_genetics","education",0
"signicat","education",0
"natcen","education",1
"understanding_society","education",1
"uk_data_service","education",1
"opinium","education",0
"survation","education",0
"deltapoll","education",0
"focaldata","education",0
"jl_partners","education",0
"more_in_common","education",0
"bmg_research","education",0
"signal_ai","education",0
"rezatec","education",0
"open_cosmos","education",0
"iproov","education",0
"truelayer","education",0
"yapily","education",0
"our_future_health","education",0
"lifebit","education",0
"ovilongwa","education",0
"star_awards_bwa","education",0
"igd_burkina","education",0
"gradis_burundi","education",0
"afrosondagem","education",0
"cible_cameroun","education",0
"laereag_tchad","education",0
"avenir_nepad_congo","education",0
"cofinco_comores","education",0
"zechlab","education",0
"qa_strategic_swz","education",0
"abcon_ethiopia","education",0
"cergep_gabon","education",0
"stat_view_guinea","education",0
"igpad_guinea_bissau","education",0
"advision_lesotho","education",0
"cdg_liberia","education",0
"coef_resources","education",0
"csr_malawi","education",0
"great_mali","education",0
"sista_consult","education",0
"straconsult_mus","education",0
"gsc_morocco","education",0
"cs_research_moz","education",0
"survey_warehouse","education",0
"lasdel_niger","education",0
"cres_senegal","education",0
"igr_sierra_leone","education",0
"sudan_polling_center","education",0
"repoa_tanzania","education",0
"crpd_gambia","education",0
"crop_togo","education",0
"hatchile_uganda","education",0
"cesor_zambia","education",0
"smile_identity","education",0
"zindi","education",0
"kartoza","education",0
"geoterraimage","education",0
"spatial_collective","education",0
"ramani_huria","education",0
"farmerline","education",0
"esoko","education",0
"sunculture","education",0
"thriveagric","education",0
"mono_nigeria","education",0
"stitch_za","education",0
"metropol_kenya","education",0
"crc_credit_bureau","education",0
"africa_check","education",0
"dubawa","education",0
"ilara_health","education",0
"jacaranda_health","education",0
"reelforge","education",0
"prembly","education",0
"youverify","education",0
"data_science_nigeria","education",1
"icog_labs","education",0
"lesan_ai","education",0
"kobo360","education",0
"lori_systems","education",0
"irsm_algeria","education",0
"cread_algeria","education",1
"optimar","education",0
"orc_arastirma","education",0
"avrasya_arastirma","education",0
"genar","education",0
"yoneylem","education",0
"sonar_arastirma","education",0
"gezici_arastirma","education",0
"mak_danismanlik","education",0
"piar_arastirma","education",0
"insider_tr","education",0
"acrps_doha","education",0
"sesri_qatar","education",1
"qcri","education",0
"sdaia","education",0
"elm_saudi","education",0
"saudi_space_agency","education",0
"simah","education",0
"derasat","education",0
"cri_lebanon","education",0
"infopro_lebanon","education",0
"albayan_iraq","education",0
"mas_palestine","education",0
"altibbi","education",0
"maqsam","education",0
"el_zanaty","education",0
"i_score_egypt","education",0
"intella_ai","education",0
"marocmetrie","education",0
"aarc_international","education",0
"chifco","education",0
"m42","education",0
"aecb","education",0
"derq","education",0
"israel_democracy_institute","education",0
"zencity","education",0
"cognyte","education",0
"ahri_south_africa","education",0
"agincourt_wits","education",0
"saprin","education",0
"aphrc","education",2
"kemri_wellcome","education",0
"ifakara_health","education",0
"manhica_cisim","education",0
"mrc_gambia","education",0
"navrongo_hrc","education",0
"rakai_health","education",0
"malawi_liverpool_wellcome","education",0
"cidrz","education",0
"kersa_hdss","education",0
"nouna_crsn","education",0
"apcc","education",0
"h3africa","education",0
"hsrc","education",1
"saldru","education",1
"datafirst","education",1
"isser_ghana","education",2
"eprc_uganda","education",0
"esrf_tanzania","education",0
"csea_nigeria","education",0
"pesacheck","education",0
"freshly_ground_insights","education",0
"columinate","education",0
"persian_cohort","education",0
"golestan_cohort","education",0
"qatar_biobank","education",0
"moroccan_genome","education",0
"afristat","education",0
"statafric","education",1
"afdb_statistics","education",0
"sanbi","education",0
"africas_talking","education",0
"onafriq","education",0
"cellulant","education",0
"codesria","education",2
"aerc","education",1
"pasgr","education",1
"iss_africa","education",0
"nextier_spd","education",0
"heritage_institute","education",0
"zeparu","education",0
"bidpa","education",1
"ippr_namibia","education",0
"nkafu","education",0
"cires_ivoire","education",1
"iese_mozambique","education",0
"zipar","education",0
"riwi","education",0
"pricestats","education",0
"soundthinking","education",0
"alphonso","education",0
"opensignal","education",0
"nexar","education",0
"geodnet","education",0
"wingbits","education",0
"flightradar24","education",0
"karya","education",1
"airwars","education",0
"mnemonic","education",0
"forensic_architecture","education",0
"atlas_ai","education",0
"fraym","education",0
"rs_metrics","education",0
"yodlee","education",0
"empatica","education",0
"sonde_health","education",0
"origin_wireless","education",0
"vayyar","education",0
"bidgely","education",0
"wildlife_insights","education",0
"atlan_space","education",0
"cellebrite","education",0
"nso_group","education",0
"candiru","education",0
"paragon_solutions","education",0
"kando","education",0
"beehero","education",0
"seetree","education",0
"lean_technologies","education",0
"ushahidi","education",0
"sunbird_ai","education",0
"terragon","education",0
"zenvus","education",0
"dataphyte","education",0
"berci","education",0
"iford","education",0
"iki_malawi","education",2
"jumo","education",0
"kifiya","education",0
"omnisient","education",0
"humangle","education",0
"timbuktu_institute","education",0
"ayin_network","education",0
"sudan_transparency","education",0
"ipsos","migration_displacement",0
"kantar","migration_displacement",0
"niq","migration_displacement",0
"circana","migration_displacement",0
"gallup","migration_displacement",0
"yougov","migration_displacement",0
"morning_consult","migration_displacement",0
"pew_research","migration_displacement",0
"verian","migration_displacement",0
"ipsos_mori_uk","migration_displacement",0
"savanta","migration_displacement",0
"system1_group","migration_displacement",0
"euromonitor","migration_displacement",0
"mintel","migration_displacement",0
"statista","migration_displacement",0
"m3_global_research","migration_displacement",0
"escalent","migration_displacement",0
"material_plus","migration_displacement",0
"c_space","migration_displacement",0
"hall_and_partners","migration_displacement",0
"appinio","migration_displacement",0
"attest","migration_displacement",0
"zappi","migration_displacement",0
"suzy","migration_displacement",0
"glimpse_ai","migration_displacement",0
"listen_labs","migration_displacement",0
"strella","migration_displacement",0
"outset_ai","migration_displacement",0
"cint","migration_displacement",0
"dynata","migration_displacement",0
"toluna","migration_displacement",0
"bilendi","migration_displacement",0
"norstat","migration_displacement",0
"prolific","migration_displacement",0
"cloudresearch","migration_displacement",0
"purespectrum","migration_displacement",0
"innovate_mr","migration_displacement",0
"prodege","migration_displacement",0
"disqo","migration_displacement",0
"rakuten_insight","migration_displacement",0
"borderless_access","migration_displacement",0
"milieu_insight","migration_displacement",0
"respondent_io","migration_displacement",0
"qualtrics","migration_displacement",0
"surveymonkey","migration_displacement",0
"alchemer","migration_displacement",0
"forsta","migration_displacement",0
"sawtooth_software","migration_displacement",0
"surveycto","migration_displacement",0
"kobotoolbox","migration_displacement",2
"odk","migration_displacement",0
"commcare_dimagi","migration_displacement",0
"ona","migration_displacement",0
"mwater","migration_displacement",0
"redcap","migration_displacement",0
"gorilla_sc","migration_displacement",0
"credamo","migration_displacement",0
"wenjuanxing","migration_displacement",0
"one_to_one_tunisia","migration_displacement",0
"sigma_conseil","migration_displacement",0
"emrhod_consulting","migration_displacement",0
"elka_consulting","migration_displacement",0
"bjka_consulting","migration_displacement",0
"lms_csa_maroc","migration_displacement",0
"baseera_egypt","migration_displacement",0
"pcpsr","migration_displacement",0
"awrad","migration_displacement",1
"nama_strategic","migration_displacement",0
"css_jordan","migration_displacement",0
"iiacss","migration_displacement",0
"parc_dubai","migration_displacement",0
"ispa_iran","migration_displacement",0
"gamaan","migration_displacement",0
"konda","migration_displacement",0
"metropoll","migration_displacement",0
"areda_survey","migration_displacement",0
"midgam_israel","migration_displacement",0
"ipanel_israel","migration_displacement",0
"arab_barometer","migration_displacement",1
"afrobarometer","migration_displacement",0
"cdd_ghana","migration_displacement",0
"ijr_south_africa","migration_displacement",0
"ids_nairobi","migration_displacement",0
"ireg_benin","migration_displacement",0
"infotrak","migration_displacement",0
"tifa_research","migration_displacement",0
"consumer_insight_africa","migration_displacement",0
"geopoll","migration_displacement",1
"sagaci_research","migration_displacement",0
"noipolls","migration_displacement",0
"sbm_intelligence","migration_displacement",0
"practical_sampling","migration_displacement",0
"ask_afrika","migration_displacement",0
"plus94_research","migration_displacement",0
"citizen_surveys","migration_displacement",0
"busara_center","migration_displacement",0
"ipa_research","migration_displacement",0
"jpal","migration_displacement",0
"laterite","migration_displacement",0
"sixty_decibels","migration_displacement",0
"lokniti_csds","migration_displacement",0
"cvoter","migration_displacement",0
"axis_my_india","migration_displacement",0
"hansa_research","migration_displacement",0
"q_and_q_research","migration_displacement",0
"outline_india","migration_displacement",0
"gallup_pakistan","migration_displacement",0
"lsi_indonesia","migration_displacement",0
"smrc_indonesia","migration_displacement",0
"indikator_politik","migration_displacement",0
"sws_philippines","migration_displacement",0
"pulse_asia","migration_displacement",0
"cimigo","migration_displacement",0
"q_and_me","migration_displacement",0
"indochina_research","migration_displacement",0
"deka_research","migration_displacement",0
"macromill","migration_displacement",0
"intage","migration_displacement",0
"nikkei_research","migration_displacement",0
"cross_marketing","migration_displacement",0
"embrain","migration_displacement",0
"hankook_research","migration_displacement",0
"realmeter","migration_displacement",0
"gallup_korea","migration_displacement",0
"horizon_china","migration_displacement",0
"ctr_china","migration_displacement",0
"csm_media","migration_displacement",0
"datafolha","migration_displacement",0
"ipec_brasil","migration_displacement",0
"quaest","migration_displacement",0
"atlasintel","migration_displacement",0
"consulta_mitofsky","migration_displacement",0
"enkoll","migration_displacement",0
"buendia_marquez","migration_displacement",0
"cadem","migration_displacement",0
"invamer","migration_displacement",0
"datexco","migration_displacement",0
"cid_gallup","migration_displacement",0
"poliarquia","migration_displacement",0
"latinobarometro","migration_displacement",0
"lapop","migration_displacement",1
"levada_center","migration_displacement",0
"vciom","migration_displacement",0
"fom_russia","migration_displacement",0
"russian_field","migration_displacement",0
"kiis","migration_displacement",1
"rating_group","migration_displacement",0
"razumkov_centre","migration_displacement",0
"info_sapiens","migration_displacement",0
"gradus_research","migration_displacement",0
"crrc","migration_displacement",1
"act_georgia","migration_displacement",0
"central_asia_barometer","migration_displacement",1
"m_vector","migration_displacement",0
"siar_research","migration_displacement",0
"ipm_belarus","migration_displacement",0
"roy_morgan","migration_displacement",0
"essential_research","migration_displacement",0
"oztam","migration_displacement",0
"barb_uk","migration_displacement",0
"mediametrie","migration_displacement",0
"barc_india","migration_displacement",0
"video_research_jp","migration_displacement",0
"numeris","migration_displacement",0
"scale_ai","migration_displacement",0
"surge_ai","migration_displacement",0
"mercor","migration_displacement",0
"handshake_ai","migration_displacement",0
"micro1","migration_displacement",0
"turing_com","migration_displacement",0
"invisible_tech","migration_displacement",0
"appen","migration_displacement",0
"toloka","migration_displacement",0
"telus_digital_ai","migration_displacement",0
"imerit","migration_displacement",0
"sama","migration_displacement",0
"cloudfactory","migration_displacement",0
"superannotate","migration_displacement",0
"labelbox","migration_displacement",0
"snorkel_ai","migration_displacement",0
"encord","migration_displacement",0
"v7_labs","migration_displacement",0
"kili_technology","migration_displacement",0
"dataloop","migration_displacement",0
"roboflow","migration_displacement",0
"defined_ai","migration_displacement",0
"shaip","migration_displacement",0
"innodata","migration_displacement",0
"transperfect_dataforce","migration_displacement",0
"speechocean","migration_displacement",0
"datatang","migration_displacement",0
"magic_data_tech","migration_displacement",0
"dataannotation_tech","migration_displacement",0
"pareto_ai","migration_displacement",0
"mturk","migration_displacement",0
"clickworker","migration_displacement",0
"premise_data","migration_displacement",0
"streetbees","migration_displacement",0
"roamler","migration_displacement",0
"field_agent","migration_displacement",0
"gigwalk","migration_displacement",0
"glg","migration_displacement",0
"third_bridge","migration_displacement",0
"guidepoint","migration_displacement",0
"alphasense","migration_displacement",0
"dialectica","migration_displacement",0
"bright_data","migration_displacement",0
"oxylabs","migration_displacement",0
"decodo","migration_displacement",0
"zyte","migration_displacement",0
"apify","migration_displacement",0
"firecrawl","migration_displacement",0
"tavily","migration_displacement",0
"diffbot","migration_displacement",0
"common_crawl","migration_displacement",0
"promptcloud","migration_displacement",0
"grepsr","migration_displacement",0
"nimble_data","migration_displacement",0
"coresignal","migration_displacement",0
"acxiom","migration_displacement",0
"experian","migration_displacement",0
"equifax","migration_displacement",0
"transunion","migration_displacement",0
"liveramp","migration_displacement",0
"epsilon","migration_displacement",0
"lexisnexis_risk","migration_displacement",0
"dun_bradstreet","migration_displacement",0
"cotality","migration_displacement",0
"verisk","migration_displacement",0
"crif","migration_displacement",0
"serasa_experian","migration_displacement",0
"spokeo","migration_displacement",0
"safegraph","migration_displacement",0
"placer_ai","migration_displacement",0
"veraset","migration_displacement",0
"unacast","migration_displacement",0
"foursquare","migration_displacement",0
"kochava_collective","migration_displacement",0
"azira","migration_displacement",0
"advan_research","migration_displacement",0
"huq_industries","migration_displacement",0
"predicio","migration_displacement",0
"positium","migration_displacement",2
"teralytics","migration_displacement",2
"orange_flux_vision","migration_displacement",2
"flowminder","migration_displacement",2
"planet_labs","migration_displacement",0
"vantor","migration_displacement",0
"blacksky","migration_displacement",0
"iceye","migration_displacement",0
"satellogic","migration_displacement",0
"capella_space","migration_displacement",0
"umbra_space","migration_displacement",0
"airbus_ds_geo","migration_displacement",0
"spire_global","migration_displacement",0
"ursa_space","migration_displacement",0
"pixxel","migration_displacement",0
"skyfi","migration_displacement",0
"earthdaily","migration_displacement",0
"satvu","migration_displacement",0
"ghgsat","migration_displacement",0
"kayrros","migration_displacement",0
"descartes_labs","migration_displacement",0
"spaceknow","migration_displacement",0
"synspective","migration_displacement",0
"axelspace","migration_displacement",0
"changguang","migration_displacement",0
"twentyone_at","migration_displacement",0
"tomorrow_io","migration_displacement",0
"windborne","migration_displacement",0
"saildrone","migration_displacement",0
"sofar_ocean","migration_displacement",0
"jupiter_intelligence","migration_displacement",0
"first_street","migration_displacement",0
"fathom_global","migration_displacement",0
"jba_risk","migration_displacement",0
"moodys_rms","migration_displacement",0
"mitiga_solutions","migration_displacement",0
"climateai","migration_displacement",0
"descartes_underwriting","migration_displacement",0
"sylvera","migration_displacement",0
"bezero_carbon","migration_displacement",0
"carbon_mapper","migration_displacement",0
"chloris_geospatial","migration_displacement",0
"nielsen","migration_displacement",0
"comscore","migration_displacement",0
"samba_tv","migration_displacement",0
"ispot_tv","migration_displacement",0
"videoamp","migration_displacement",0
"similarweb","migration_displacement",0
"sensor_tower","migration_displacement",0
"yipitdata","migration_displacement",0
"m_science","migration_displacement",0
"consumer_edge","migration_displacement",0
"earnest_analytics","migration_displacement",0
"facteus","migration_displacement",0
"measurable_ai","migration_displacement",0
"plaid","migration_displacement",0
"tink","migration_displacement",0
"kpler","migration_displacement",0
"vortexa","migration_displacement",0
"windward_ai","migration_displacement",0
"panjiva","migration_displacement",0
"importgenius","migration_displacement",0
"iqvia","migration_displacement",0
"komodo_health","migration_displacement",0
"truveta","migration_displacement",0
"healthverity","migration_displacement",0
"tempus_ai","migration_displacement",0
"datavant","migration_displacement",0
"flatiron_health","migration_displacement",0
"trinetx","migration_displacement",0
"picnichealth","migration_displacement",0
"evidation_health","migration_displacement",0
"medidata","migration_displacement",0
"veeva_crossix","migration_displacement",0
"definitive_healthcare","migration_displacement",0
"uk_biobank","migration_displacement",0
"bgi_genomics","migration_displacement",0
"samsara","migration_displacement",0
"geotab","migration_displacement",0
"inrix","migration_displacement",0
"tomtom","migration_displacement",0
"here_technologies","migration_displacement",0
"cambridge_mobile","migration_displacement",0
"arity","migration_displacement",0
"smartcar","migration_displacement",0
"high_mobility","migration_displacement",0
"dataminr","migration_displacement",0
"recorded_future","migration_displacement",0
"meltwater","migration_displacement",0
"brandwatch","migration_displacement",0
"talkwalker","migration_displacement",0
"sprinklr","migration_displacement",0
"graphika","migration_displacement",0
"babel_street","migration_displacement",0
"sayari","migration_displacement",0
"kharon","migration_displacement",0
"janes","migration_displacement",0
"acled","migration_displacement",0
"gdelt","migration_displacement",0
"bellingcat","migration_displacement",0
"newsguard","migration_displacement",0
"zoominfo","migration_displacement",0
"apollo_io","migration_displacement",0
"cognism","migration_displacement",0
"lusha","migration_displacement",0
"people_data_labs","migration_displacement",0
"opencorporates","migration_displacement",0
"moodys_bvd","migration_displacement",0
"pitchbook","migration_displacement",0
"crunchbase","migration_displacement",0
"tracxn","migration_displacement",0
"dealroom","migration_displacement",0
"numerator","migration_displacement",0
"profitero","migration_displacement",0
"dataweave","migration_displacement",0
"intelligence_node","migration_displacement",0
"trax_retail","migration_displacement",0
"dunnhumby","migration_displacement",0
"eightyfour_51","migration_displacement",0
"clearview_ai","migration_displacement",0
"pimeyes","migration_displacement",0
"tools_for_humanity","migration_displacement",0
"yoti","migration_displacement",0
"idemia","migration_displacement",0
"sensetime","migration_displacement",0
"megvii","migration_displacement",0
"hikvision","migration_displacement",0
"arab_advisors","migration_displacement",0
"asdaa_bcw","migration_displacement",0
"insight_discovery","migration_displacement",0
"ventures_middle_east","migration_displacement",0
"space42","migration_displacement",0
"presight_ai","migration_displacement",0
"lucidya","migration_displacement",0
"mozn","migration_displacement",0
"crowd_analyzer","migration_displacement",0
"tarjama","migration_displacement",0
"idsc_egypt","migration_displacement",0
"rada_research","migration_displacement",0
"statistics_lebanon","migration_displacement",0
"information_international","migration_displacement",0
"scpr_syria","migration_displacement",1
"yemen_polling_center","migration_displacement",0
"diwan_research","migration_displacement",0
"immar_rc","migration_displacement",0
"sunergia","migration_displacement",0
"iranpoll","migration_displacement",0
"turkiye_raporu","migration_displacement",0
"geocartography","migration_displacement",0
"near_east_consulting","migration_displacement",0
"jmcc","migration_displacement",0
"zogby_research","migration_displacement",0
"reach_initiative","migration_displacement",2
"acaps","migration_displacement",2
"afriksurvey","migration_displacement",0
"sagapoll","migration_displacement",0
"dalberg_research","migration_displacement",0
"stears","migration_displacement",0
"datalens_africa","migration_displacement",0
"creditregistry","migration_displacement",0
"indicina","migration_displacement",0
"africa_polling_institute","migration_displacement",0
"global_infoanalytics","migration_displacement",0
"amini","migration_displacement",0
"research_solutions_africa","migration_displacement",0
"msurvey","migration_displacement",0
"echo_mobile","migration_displacement",0
"viamo","migration_displacement",0
"twaweza","migration_displacement",0
"research_world_intl","migration_displacement",0
"charis_uas","migration_displacement",0
"digital_umuganda","migration_displacement",0
"somali_public_agenda","migration_displacement",0
"mpoi_zimbabwe","migration_displacement",0
"social_research_foundation","migration_displacement",0
"eighty20","migration_displacement",0
"lightstone","migration_displacement",0
"lelapa_ai","migration_displacement",0
"masakhane","migration_displacement",0
"awarri","migration_displacement",0
"romir","migration_displacement",0
"mediascope","migration_displacement",0
"ipsos_comcon","migration_displacement",0
"tiburon_research","migration_displacement",0
"anketolog","migration_displacement",0
"sberindex","migration_displacement",0
"yandex_data","migration_displacement",0
"baw_belarus","migration_displacement",1
"bisam","migration_displacement",0
"demoscope_kz","migration_displacement",0
"ijtimoiy_fikr","migration_displacement",0
"questmobile","migration_displacement",0
"analysys_yiguan","migration_displacement",0
"iimedia","migration_displacement",0
"talkingdata","migration_displacement",0
"aurora_mobile","migration_displacement",0
"miaozhen_admaster","migration_displacement",0
"qichacha","migration_displacement",0
"tianyancha","migration_displacement",0
"wind_information","migration_displacement",0
"intron_health","migration_displacement",0
"african_languages_lab","migration_displacement",0
"aflabox","migration_displacement",0
"tolbi","migration_displacement",0
"soko_aerial","migration_displacement",0
"geoinfotech","migration_displacement",0
"helium_health","migration_displacement",0
"pula","migration_displacement",0
"apollo_agriculture","migration_displacement",0
"hello_tractor","migration_displacement",0
"mpharma","migration_displacement",0
"ehealth_africa","migration_displacement",1
"lacuna_fund","migration_displacement",0
"makerere_ai","migration_displacement",0
"cntxt_ai","migration_displacement",0
"arabic_ai","migration_displacement",0
"aydi","migration_displacement",0
"widebot","migration_displacement",0
"mawdoo3","migration_displacement",0
"aaru","migration_displacement",0
"simile","migration_displacement",0
"conveo","migration_displacement",0
"perspective_ai","migration_displacement",0
"theysaid","migration_displacement",0
"versive","migration_displacement",0
"hivemapper","migration_displacement",0
"dimo","migration_displacement",0
"weatherxm","migration_displacement",0
"nova_labs_helium","migration_displacement",0
"safecast","migration_displacement",0
"biobot","migration_displacement",0
"verily","migration_displacement",0
"wastewaterscan","migration_displacement",0
"hawkeye_360","migration_displacement",0
"unseenlabs","migration_displacement",0
"kleos_space","migration_displacement",0
"naturemetrics","migration_displacement",0
"rainforest_connection","migration_displacement",0
"fugro","migration_displacement",0
"clarity_movement","migration_displacement",0
"aclima","migration_displacement",0
"nuview","migration_displacement",0
"orbital_sidekick","migration_displacement",0
"wyvern","migration_displacement",0
"hydrosat","migration_displacement",0
"muon_space","migration_displacement",0
"myriota","migration_displacement",0
"astrocast","migration_displacement",0
"nearmap","migration_displacement",0
"vexcel_imaging","migration_displacement",0
"airqo","migration_displacement",0
"code_for_africa","migration_displacement",0
"aerobotics","migration_displacement",0
"ujuzikilimo","migration_displacement",0
"robocare","migration_displacement",0
"astral_aerial","migration_displacement",0
"earthranger","migration_displacement",0
"falcon_eye_drones","migration_displacement",0
"falcon_3d","migration_displacement",0
"digital_earth_africa","migration_displacement",0
"sansa","migration_displacement",0
"nasrda","migration_displacement",0
"egsa","migration_displacement",0
"kenya_space_agency","migration_displacement",0
"essti","migration_displacement",0
"mbrsc","migration_displacement",0
"tubitak_uzay","migration_displacement",0
"imagesat","migration_displacement",0
"taranis","migration_displacement",0
"agritask","migration_displacement",0
"asterra","migration_displacement",0
"norc","migration_displacement",0
"westat","migration_displacement",0
"rti_international","migration_displacement",0
"mathematica","migration_displacement",0
"abt_global","migration_displacement",0
"ssrs","migration_displacement",0
"icf_international","migration_displacement",0
"quinnipiac_poll","migration_displacement",0
"marist_poll","migration_displacement",0
"monmouth_poll","migration_displacement",0
"siena_research","migration_displacement",0
"emerson_polling","migration_displacement",0
"surveyusa","migration_displacement",0
"prri","migration_displacement",0
"ap_norc","migration_displacement",0
"civiqs","migration_displacement",0
"echelon_insights","migration_displacement",0
"data_for_progress","migration_displacement",0
"cygnal","migration_displacement",0
"leger","migration_displacement",0
"angus_reid_institute","migration_displacement",0
"nanos_research","migration_displacement",0
"ekos_research","migration_displacement",0
"abacus_data","migration_displacement",0
"environics_research","migration_displacement",0
"skywatch","migration_displacement",0
"mda_space","migration_displacement",0
"ecopia_ai","migration_displacement",0
"farmers_edge","migration_displacement",0
"deveron","migration_displacement",0
"semios","migration_displacement",0
"bluedot","migration_displacement",1
"local_logic","migration_displacement",0
"riskthinking_ai","migration_displacement",0
"triton_digital","migration_displacement",0
"descartes_datamyne","migration_displacement",0
"browse_ai","migration_displacement",0
"internet_archive","migration_displacement",0
"exa_ai","migration_displacement",0
"altana","migration_displacement",0
"project44","migration_displacement",0
"fourkites","migration_displacement",0
"clear_secure","migration_displacement",0
"id_me","migration_displacement",0
"socure","migration_displacement",0
"observa","migration_displacement",0
"ookla","migration_displacement",0
"purpleair","migration_displacement",0
"motive","migration_displacement",0
"lytx","migration_displacement",0
"catalina_marketing","migration_displacement",0
"inmar_intelligence","migration_displacement",0
"data_axle","migration_displacement",0
"bombora","migration_displacement",0
"thinknum","migration_displacement",0
"om1","migration_displacement",0
"verana_health","migration_displacement",0
"atropos_health","migration_displacement",0
"aetion","migration_displacement",0
"edison_research","migration_displacement",0
"luminate_data","migration_displacement",0
"flashpoint","migration_displacement",0
"zignal_labs","migration_displacement",0
"albedo","migration_displacement",0
"centaur_labs","migration_displacement",0
"fulcrum_app","migration_displacement",0
"rep_data","migration_displacement",0
"understanding_america","migration_displacement",0
"forsa","migration_displacement",0
"infratest_dimap","migration_displacement",0
"allensbach","migration_displacement",0
"civey","migration_displacement",0
"insa_consulere","migration_displacement",0
"infas","migration_displacement",0
"gesis","migration_displacement",0
"soep_diw","migration_displacement",0
"ororatech","migration_displacement",0
"liveeo","migration_displacement",0
"constellr","migration_displacement",0
"limesurvey","migration_displacement",0
"agf_videoforschung","migration_displacement",0
"ifop","migration_displacement",0
"opinionway","migration_displacement",0
"bva_xsight","migration_displacement",0
"elabe","migration_displacement",0
"odoxa","migration_displacement",0
"csa_research","migration_displacement",0
"credoc","migration_displacement",0
"scrapingbee","migration_displacement",0
"shippeo","migration_displacement",0
"owkin","migration_displacement",0
"doxa","migration_displacement",0
"swg_italia","migration_displacement",0
"cerved","migration_displacement",0
"auditel_italia","migration_displacement",0
"e_geos","migration_displacement",0
"planetek_italia","migration_displacement",0
"sigma_dos","migration_displacement",0
"gad3","migration_displacement",0
"metroscopia","migration_displacement",0
"cuarenta_db","migration_displacement",0
"kido_dynamics","migration_displacement",1
"deimos_imaging","migration_displacement",0
"marktest","migration_displacement",0
"intercampus","migration_displacement",0
"metron_analysis","migration_displacement",0
"kapa_research","migration_displacement",0
"marinetraffic","migration_displacement",0
"kieskompas","migration_displacement",0
"io_research","migration_displacement",0
"motivaction","migration_displacement",0
"nipo_nfield","migration_displacement",0
"lifelines","migration_displacement",0
"ivox","migration_displacement",0
"sora_institute","migration_displacement",1
"gfs_bern","migration_displacement",0
"sotomo","migration_displacement",0
"link_institut","migration_displacement",0
"red_c","migration_displacement",0
"epinion","migration_displacement",0
"voxmeter","migration_displacement",0
"novus","migration_displacement",0
"taloustutkimus","migration_displacement",0
"finngen","migration_displacement",0
"decode_genetics","migration_displacement",0
"signicat","migration_displacement",0
"natcen","migration_displacement",0
"understanding_society","migration_displacement",0
"uk_data_service","migration_displacement",0
"opinium","migration_displacement",0
"survation","migration_displacement",0
"deltapoll","migration_displacement",0
"focaldata","migration_displacement",0
"jl_partners","migration_displacement",0
"more_in_common","migration_displacement",1
"bmg_research","migration_displacement",0
"signal_ai","migration_displacement",0
"rezatec","migration_displacement",0
"open_cosmos","migration_displacement",0
"iproov","migration_displacement",0
"truelayer","migration_displacement",0
"yapily","migration_displacement",0
"our_future_health","migration_displacement",0
"lifebit","migration_displacement",0
"ovilongwa","migration_displacement",0
"star_awards_bwa","migration_displacement",0
"igd_burkina","migration_displacement",0
"gradis_burundi","migration_displacement",0
"afrosondagem","migration_displacement",0
"cible_cameroun","migration_displacement",0
"laereag_tchad","migration_displacement",0
"avenir_nepad_congo","migration_displacement",0
"cofinco_comores","migration_displacement",0
"zechlab","migration_displacement",0
"qa_strategic_swz","migration_displacement",0
"abcon_ethiopia","migration_displacement",0
"cergep_gabon","migration_displacement",0
"stat_view_guinea","migration_displacement",0
"igpad_guinea_bissau","migration_displacement",0
"advision_lesotho","migration_displacement",0
"cdg_liberia","migration_displacement",0
"coef_resources","migration_displacement",0
"csr_malawi","migration_displacement",0
"great_mali","migration_displacement",0
"sista_consult","migration_displacement",0
"straconsult_mus","migration_displacement",0
"gsc_morocco","migration_displacement",0
"cs_research_moz","migration_displacement",0
"survey_warehouse","migration_displacement",0
"lasdel_niger","migration_displacement",0
"cres_senegal","migration_displacement",0
"igr_sierra_leone","migration_displacement",0
"sudan_polling_center","migration_displacement",0
"repoa_tanzania","migration_displacement",0
"crpd_gambia","migration_displacement",0
"crop_togo","migration_displacement",0
"hatchile_uganda","migration_displacement",0
"cesor_zambia","migration_displacement",0
"smile_identity","migration_displacement",0
"zindi","migration_displacement",0
"kartoza","migration_displacement",0
"geoterraimage","migration_displacement",0
"spatial_collective","migration_displacement",0
"ramani_huria","migration_displacement",0
"farmerline","migration_displacement",0
"esoko","migration_displacement",0
"sunculture","migration_displacement",0
"thriveagric","migration_displacement",0
"mono_nigeria","migration_displacement",0
"stitch_za","migration_displacement",0
"metropol_kenya","migration_displacement",0
"crc_credit_bureau","migration_displacement",0
"africa_check","migration_displacement",0
"dubawa","migration_displacement",0
"ilara_health","migration_displacement",0
"jacaranda_health","migration_displacement",0
"reelforge","migration_displacement",0
"prembly","migration_displacement",0
"youverify","migration_displacement",0
"data_science_nigeria","migration_displacement",0
"icog_labs","migration_displacement",0
"lesan_ai","migration_displacement",0
"kobo360","migration_displacement",0
"lori_systems","migration_displacement",0
"irsm_algeria","migration_displacement",0
"cread_algeria","migration_displacement",0
"optimar","migration_displacement",0
"orc_arastirma","migration_displacement",0
"avrasya_arastirma","migration_displacement",0
"genar","migration_displacement",0
"yoneylem","migration_displacement",0
"sonar_arastirma","migration_displacement",0
"gezici_arastirma","migration_displacement",0
"mak_danismanlik","migration_displacement",0
"piar_arastirma","migration_displacement",0
"insider_tr","migration_displacement",0
"acrps_doha","migration_displacement",0
"sesri_qatar","migration_displacement",0
"qcri","migration_displacement",0
"sdaia","migration_displacement",0
"elm_saudi","migration_displacement",0
"saudi_space_agency","migration_displacement",0
"simah","migration_displacement",0
"derasat","migration_displacement",0
"cri_lebanon","migration_displacement",0
"infopro_lebanon","migration_displacement",0
"albayan_iraq","migration_displacement",0
"mas_palestine","migration_displacement",0
"altibbi","migration_displacement",0
"maqsam","migration_displacement",0
"el_zanaty","migration_displacement",0
"i_score_egypt","migration_displacement",0
"intella_ai","migration_displacement",0
"marocmetrie","migration_displacement",0
"aarc_international","migration_displacement",0
"chifco","migration_displacement",0
"m42","migration_displacement",0
"aecb","migration_displacement",0
"derq","migration_displacement",0
"israel_democracy_institute","migration_displacement",0
"zencity","migration_displacement",0
"cognyte","migration_displacement",0
"ahri_south_africa","migration_displacement",2
"agincourt_wits","migration_displacement",2
"saprin","migration_displacement",2
"aphrc","migration_displacement",1
"kemri_wellcome","migration_displacement",1
"ifakara_health","migration_displacement",0
"manhica_cisim","migration_displacement",1
"mrc_gambia","migration_displacement",0
"navrongo_hrc","migration_displacement",1
"rakai_health","migration_displacement",1
"malawi_liverpool_wellcome","migration_displacement",0
"cidrz","migration_displacement",0
"kersa_hdss","migration_displacement",2
"nouna_crsn","migration_displacement",0
"apcc","migration_displacement",1
"h3africa","migration_displacement",0
"hsrc","migration_displacement",0
"saldru","migration_displacement",0
"datafirst","migration_displacement",0
"isser_ghana","migration_displacement",0
"eprc_uganda","migration_displacement",0
"esrf_tanzania","migration_displacement",0
"csea_nigeria","migration_displacement",0
"pesacheck","migration_displacement",0
"freshly_ground_insights","migration_displacement",0
"columinate","migration_displacement",0
"persian_cohort","migration_displacement",0
"golestan_cohort","migration_displacement",0
"qatar_biobank","migration_displacement",0
"moroccan_genome","migration_displacement",0
"afristat","migration_displacement",0
"statafric","migration_displacement",0
"afdb_statistics","migration_displacement",0
"sanbi","migration_displacement",0
"africas_talking","migration_displacement",0
"onafriq","migration_displacement",0
"cellulant","migration_displacement",0
"codesria","migration_displacement",0
"aerc","migration_displacement",0
"pasgr","migration_displacement",0
"iss_africa","migration_displacement",1
"nextier_spd","migration_displacement",0
"heritage_institute","migration_displacement",0
"zeparu","migration_displacement",0
"bidpa","migration_displacement",0
"ippr_namibia","migration_displacement",0
"nkafu","migration_displacement",0
"cires_ivoire","migration_displacement",0
"iese_mozambique","migration_displacement",0
"zipar","migration_displacement",0
"riwi","migration_displacement",0
"pricestats","migration_displacement",0
"soundthinking","migration_displacement",0
"alphonso","migration_displacement",0
"opensignal","migration_displacement",0
"nexar","migration_displacement",0
"geodnet","migration_displacement",0
"wingbits","migration_displacement",0
"flightradar24","migration_displacement",0
"karya","migration_displacement",0
"airwars","migration_displacement",0
"mnemonic","migration_displacement",0
"forensic_architecture","migration_displacement",0
"atlas_ai","migration_displacement",0
"fraym","migration_displacement",1
"rs_metrics","migration_displacement",0
"yodlee","migration_displacement",0
"empatica","migration_displacement",0
"sonde_health","migration_displacement",0
"origin_wireless","migration_displacement",0
"vayyar","migration_displacement",0
"bidgely","migration_displacement",0
"wildlife_insights","migration_displacement",0
"atlan_space","migration_displacement",0
"cellebrite","migration_displacement",0
"nso_group","migration_displacement",0
"candiru","migration_displacement",0
"paragon_solutions","migration_displacement",0
"kando","migration_displacement",0
"beehero","migration_displacement",0
"seetree","migration_displacement",0
"lean_technologies","migration_displacement",0
"ushahidi","migration_displacement",0
"sunbird_ai","migration_displacement",0
"terragon","migration_displacement",0
"zenvus","migration_displacement",0
"dataphyte","migration_displacement",0
"berci","migration_displacement",0
"iford","migration_displacement",2
"iki_malawi","migration_displacement",0
"jumo","migration_displacement",0
"kifiya","migration_displacement",0
"omnisient","migration_displacement",0
"humangle","migration_displacement",2
"timbuktu_institute","migration_displacement",0
"ayin_network","migration_displacement",2
"sudan_transparency","migration_displacement",0
"ipsos","supply_chain",0
"kantar","supply_chain",0
"niq","supply_chain",1
"circana","supply_chain",0
"gallup","supply_chain",0
"yougov","supply_chain",0
"morning_consult","supply_chain",0
"pew_research","supply_chain",0
"verian","supply_chain",0
"ipsos_mori_uk","supply_chain",0
"savanta","supply_chain",0
"system1_group","supply_chain",0
"euromonitor","supply_chain",0
"mintel","supply_chain",0
"statista","supply_chain",0
"m3_global_research","supply_chain",0
"escalent","supply_chain",0
"material_plus","supply_chain",0
"c_space","supply_chain",0
"hall_and_partners","supply_chain",0
"appinio","supply_chain",0
"attest","supply_chain",0
"zappi","supply_chain",0
"suzy","supply_chain",0
"glimpse_ai","supply_chain",0
"listen_labs","supply_chain",0
"strella","supply_chain",0
"outset_ai","supply_chain",0
"cint","supply_chain",0
"dynata","supply_chain",0
"toluna","supply_chain",0
"bilendi","supply_chain",0
"norstat","supply_chain",0
"prolific","supply_chain",0
"cloudresearch","supply_chain",0
"purespectrum","supply_chain",0
"innovate_mr","supply_chain",0
"prodege","supply_chain",0
"disqo","supply_chain",0
"rakuten_insight","supply_chain",0
"borderless_access","supply_chain",0
"milieu_insight","supply_chain",0
"respondent_io","supply_chain",0
"qualtrics","supply_chain",0
"surveymonkey","supply_chain",0
"alchemer","supply_chain",0
"forsta","supply_chain",0
"sawtooth_software","supply_chain",0
"surveycto","supply_chain",0
"kobotoolbox","supply_chain",0
"odk","supply_chain",0
"commcare_dimagi","supply_chain",0
"ona","supply_chain",0
"mwater","supply_chain",0
"redcap","supply_chain",0
"gorilla_sc","supply_chain",0
"credamo","supply_chain",0
"wenjuanxing","supply_chain",0
"one_to_one_tunisia","supply_chain",0
"sigma_conseil","supply_chain",0
"emrhod_consulting","supply_chain",0
"elka_consulting","supply_chain",0
"bjka_consulting","supply_chain",0
"lms_csa_maroc","supply_chain",0
"baseera_egypt","supply_chain",0
"pcpsr","supply_chain",0
"awrad","supply_chain",0
"nama_strategic","supply_chain",0
"css_jordan","supply_chain",0
"iiacss","supply_chain",0
"parc_dubai","supply_chain",0
"ispa_iran","supply_chain",0
"gamaan","supply_chain",0
"konda","supply_chain",0
"metropoll","supply_chain",0
"areda_survey","supply_chain",0
"midgam_israel","supply_chain",0
"ipanel_israel","supply_chain",0
"arab_barometer","supply_chain",0
"afrobarometer","supply_chain",0
"cdd_ghana","supply_chain",0
"ijr_south_africa","supply_chain",0
"ids_nairobi","supply_chain",0
"ireg_benin","supply_chain",0
"infotrak","supply_chain",0
"tifa_research","supply_chain",0
"consumer_insight_africa","supply_chain",0
"geopoll","supply_chain",0
"sagaci_research","supply_chain",0
"noipolls","supply_chain",0
"sbm_intelligence","supply_chain",0
"practical_sampling","supply_chain",0
"ask_afrika","supply_chain",0
"plus94_research","supply_chain",0
"citizen_surveys","supply_chain",0
"busara_center","supply_chain",0
"ipa_research","supply_chain",0
"jpal","supply_chain",0
"laterite","supply_chain",0
"sixty_decibels","supply_chain",0
"lokniti_csds","supply_chain",0
"cvoter","supply_chain",0
"axis_my_india","supply_chain",0
"hansa_research","supply_chain",0
"q_and_q_research","supply_chain",0
"outline_india","supply_chain",0
"gallup_pakistan","supply_chain",0
"lsi_indonesia","supply_chain",0
"smrc_indonesia","supply_chain",0
"indikator_politik","supply_chain",0
"sws_philippines","supply_chain",0
"pulse_asia","supply_chain",0
"cimigo","supply_chain",0
"q_and_me","supply_chain",0
"indochina_research","supply_chain",0
"deka_research","supply_chain",0
"macromill","supply_chain",0
"intage","supply_chain",0
"nikkei_research","supply_chain",0
"cross_marketing","supply_chain",0
"embrain","supply_chain",0
"hankook_research","supply_chain",0
"realmeter","supply_chain",0
"gallup_korea","supply_chain",0
"horizon_china","supply_chain",0
"ctr_china","supply_chain",0
"csm_media","supply_chain",0
"datafolha","supply_chain",0
"ipec_brasil","supply_chain",0
"quaest","supply_chain",0
"atlasintel","supply_chain",0
"consulta_mitofsky","supply_chain",0
"enkoll","supply_chain",0
"buendia_marquez","supply_chain",0
"cadem","supply_chain",0
"invamer","supply_chain",0
"datexco","supply_chain",0
"cid_gallup","supply_chain",0
"poliarquia","supply_chain",0
"latinobarometro","supply_chain",0
"lapop","supply_chain",0
"levada_center","supply_chain",0
"vciom","supply_chain",0
"fom_russia","supply_chain",0
"russian_field","supply_chain",0
"kiis","supply_chain",0
"rating_group","supply_chain",0
"razumkov_centre","supply_chain",0
"info_sapiens","supply_chain",0
"gradus_research","supply_chain",0
"crrc","supply_chain",0
"act_georgia","supply_chain",0
"central_asia_barometer","supply_chain",0
"m_vector","supply_chain",0
"siar_research","supply_chain",0
"ipm_belarus","supply_chain",0
"roy_morgan","supply_chain",0
"essential_research","supply_chain",0
"oztam","supply_chain",0
"barb_uk","supply_chain",0
"mediametrie","supply_chain",0
"barc_india","supply_chain",0
"video_research_jp","supply_chain",0
"numeris","supply_chain",0
"scale_ai","supply_chain",0
"surge_ai","supply_chain",0
"mercor","supply_chain",0
"handshake_ai","supply_chain",0
"micro1","supply_chain",0
"turing_com","supply_chain",0
"invisible_tech","supply_chain",0
"appen","supply_chain",0
"toloka","supply_chain",0
"telus_digital_ai","supply_chain",0
"imerit","supply_chain",0
"sama","supply_chain",0
"cloudfactory","supply_chain",0
"superannotate","supply_chain",0
"labelbox","supply_chain",0
"snorkel_ai","supply_chain",0
"encord","supply_chain",0
"v7_labs","supply_chain",0
"kili_technology","supply_chain",0
"dataloop","supply_chain",0
"roboflow","supply_chain",0
"defined_ai","supply_chain",0
"shaip","supply_chain",0
"innodata","supply_chain",0
"transperfect_dataforce","supply_chain",0
"speechocean","supply_chain",0
"datatang","supply_chain",0
"magic_data_tech","supply_chain",0
"dataannotation_tech","supply_chain",0
"pareto_ai","supply_chain",0
"mturk","supply_chain",0
"clickworker","supply_chain",0
"premise_data","supply_chain",0
"streetbees","supply_chain",0
"roamler","supply_chain",0
"field_agent","supply_chain",0
"gigwalk","supply_chain",0
"glg","supply_chain",0
"third_bridge","supply_chain",0
"guidepoint","supply_chain",0
"alphasense","supply_chain",0
"dialectica","supply_chain",0
"bright_data","supply_chain",0
"oxylabs","supply_chain",0
"decodo","supply_chain",0
"zyte","supply_chain",0
"apify","supply_chain",0
"firecrawl","supply_chain",0
"tavily","supply_chain",0
"diffbot","supply_chain",0
"common_crawl","supply_chain",0
"promptcloud","supply_chain",0
"grepsr","supply_chain",0
"nimble_data","supply_chain",0
"coresignal","supply_chain",0
"acxiom","supply_chain",0
"experian","supply_chain",0
"equifax","supply_chain",0
"transunion","supply_chain",0
"liveramp","supply_chain",0
"epsilon","supply_chain",0
"lexisnexis_risk","supply_chain",0
"dun_bradstreet","supply_chain",2
"cotality","supply_chain",0
"verisk","supply_chain",0
"crif","supply_chain",0
"serasa_experian","supply_chain",0
"spokeo","supply_chain",0
"safegraph","supply_chain",0
"placer_ai","supply_chain",0
"veraset","supply_chain",0
"unacast","supply_chain",0
"foursquare","supply_chain",0
"kochava_collective","supply_chain",0
"azira","supply_chain",0
"advan_research","supply_chain",0
"huq_industries","supply_chain",0
"predicio","supply_chain",0
"positium","supply_chain",0
"teralytics","supply_chain",1
"orange_flux_vision","supply_chain",0
"flowminder","supply_chain",0
"planet_labs","supply_chain",0
"vantor","supply_chain",0
"blacksky","supply_chain",0
"iceye","supply_chain",0
"satellogic","supply_chain",0
"capella_space","supply_chain",0
"umbra_space","supply_chain",0
"airbus_ds_geo","supply_chain",0
"spire_global","supply_chain",2
"ursa_space","supply_chain",1
"pixxel","supply_chain",0
"skyfi","supply_chain",0
"earthdaily","supply_chain",0
"satvu","supply_chain",0
"ghgsat","supply_chain",0
"kayrros","supply_chain",0
"descartes_labs","supply_chain",0
"spaceknow","supply_chain",0
"synspective","supply_chain",0
"axelspace","supply_chain",0
"changguang","supply_chain",0
"twentyone_at","supply_chain",0
"tomorrow_io","supply_chain",1
"windborne","supply_chain",0
"saildrone","supply_chain",0
"sofar_ocean","supply_chain",2
"jupiter_intelligence","supply_chain",0
"first_street","supply_chain",0
"fathom_global","supply_chain",0
"jba_risk","supply_chain",0
"moodys_rms","supply_chain",0
"mitiga_solutions","supply_chain",0
"climateai","supply_chain",1
"descartes_underwriting","supply_chain",0
"sylvera","supply_chain",0
"bezero_carbon","supply_chain",0
"carbon_mapper","supply_chain",0
"chloris_geospatial","supply_chain",0
"nielsen","supply_chain",0
"comscore","supply_chain",0
"samba_tv","supply_chain",0
"ispot_tv","supply_chain",0
"videoamp","supply_chain",0
"similarweb","supply_chain",0
"sensor_tower","supply_chain",0
"yipitdata","supply_chain",0
"m_science","supply_chain",0
"consumer_edge","supply_chain",0
"earnest_analytics","supply_chain",0
"facteus","supply_chain",0
"measurable_ai","supply_chain",0
"plaid","supply_chain",0
"tink","supply_chain",0
"kpler","supply_chain",2
"vortexa","supply_chain",2
"windward_ai","supply_chain",2
"panjiva","supply_chain",2
"importgenius","supply_chain",2
"iqvia","supply_chain",0
"komodo_health","supply_chain",0
"truveta","supply_chain",0
"healthverity","supply_chain",0
"tempus_ai","supply_chain",0
"datavant","supply_chain",0
"flatiron_health","supply_chain",0
"trinetx","supply_chain",0
"picnichealth","supply_chain",0
"evidation_health","supply_chain",0
"medidata","supply_chain",0
"veeva_crossix","supply_chain",0
"definitive_healthcare","supply_chain",0
"uk_biobank","supply_chain",0
"bgi_genomics","supply_chain",0
"samsara","supply_chain",2
"geotab","supply_chain",0
"inrix","supply_chain",0
"tomtom","supply_chain",0
"here_technologies","supply_chain",0
"cambridge_mobile","supply_chain",0
"arity","supply_chain",0
"smartcar","supply_chain",0
"high_mobility","supply_chain",0
"dataminr","supply_chain",0
"recorded_future","supply_chain",0
"meltwater","supply_chain",0
"brandwatch","supply_chain",0
"talkwalker","supply_chain",0
"sprinklr","supply_chain",0
"graphika","supply_chain",0
"babel_street","supply_chain",0
"sayari","supply_chain",2
"kharon","supply_chain",1
"janes","supply_chain",1
"acled","supply_chain",0
"gdelt","supply_chain",0
"bellingcat","supply_chain",0
"newsguard","supply_chain",0
"zoominfo","supply_chain",0
"apollo_io","supply_chain",0
"cognism","supply_chain",0
"lusha","supply_chain",0
"people_data_labs","supply_chain",0
"opencorporates","supply_chain",0
"moodys_bvd","supply_chain",0
"pitchbook","supply_chain",0
"crunchbase","supply_chain",0
"tracxn","supply_chain",0
"dealroom","supply_chain",0
"numerator","supply_chain",0
"profitero","supply_chain",0
"dataweave","supply_chain",0
"intelligence_node","supply_chain",0
"trax_retail","supply_chain",0
"dunnhumby","supply_chain",0
"eightyfour_51","supply_chain",0
"clearview_ai","supply_chain",0
"pimeyes","supply_chain",0
"tools_for_humanity","supply_chain",0
"yoti","supply_chain",0
"idemia","supply_chain",0
"sensetime","supply_chain",0
"megvii","supply_chain",0
"hikvision","supply_chain",0
"arab_advisors","supply_chain",0
"asdaa_bcw","supply_chain",0
"insight_discovery","supply_chain",0
"ventures_middle_east","supply_chain",1
"space42","supply_chain",0
"presight_ai","supply_chain",0
"lucidya","supply_chain",0
"mozn","supply_chain",0
"crowd_analyzer","supply_chain",0
"tarjama","supply_chain",0
"idsc_egypt","supply_chain",0
"rada_research","supply_chain",0
"statistics_lebanon","supply_chain",0
"information_international","supply_chain",0
"scpr_syria","supply_chain",0
"yemen_polling_center","supply_chain",0
"diwan_research","supply_chain",0
"immar_rc","supply_chain",0
"sunergia","supply_chain",0
"iranpoll","supply_chain",0
"turkiye_raporu","supply_chain",0
"geocartography","supply_chain",0
"near_east_consulting","supply_chain",0
"jmcc","supply_chain",0
"zogby_research","supply_chain",0
"reach_initiative","supply_chain",0
"acaps","supply_chain",0
"afriksurvey","supply_chain",0
"sagapoll","supply_chain",0
"dalberg_research","supply_chain",0
"stears","supply_chain",0
"datalens_africa","supply_chain",0
"creditregistry","supply_chain",0
"indicina","supply_chain",0
"africa_polling_institute","supply_chain",0
"global_infoanalytics","supply_chain",0
"amini","supply_chain",0
"research_solutions_africa","supply_chain",0
"msurvey","supply_chain",0
"echo_mobile","supply_chain",0
"viamo","supply_chain",0
"twaweza","supply_chain",0
"research_world_intl","supply_chain",0
"charis_uas","supply_chain",0
"digital_umuganda","supply_chain",0
"somali_public_agenda","supply_chain",0
"mpoi_zimbabwe","supply_chain",0
"social_research_foundation","supply_chain",0
"eighty20","supply_chain",0
"lightstone","supply_chain",0
"lelapa_ai","supply_chain",0
"masakhane","supply_chain",0
"awarri","supply_chain",0
"romir","supply_chain",0
"mediascope","supply_chain",0
"ipsos_comcon","supply_chain",0
"tiburon_research","supply_chain",0
"anketolog","supply_chain",0
"sberindex","supply_chain",0
"yandex_data","supply_chain",0
"baw_belarus","supply_chain",0
"bisam","supply_chain",0
"demoscope_kz","supply_chain",0
"ijtimoiy_fikr","supply_chain",0
"questmobile","supply_chain",0
"analysys_yiguan","supply_chain",0
"iimedia","supply_chain",0
"talkingdata","supply_chain",0
"aurora_mobile","supply_chain",0
"miaozhen_admaster","supply_chain",0
"qichacha","supply_chain",0
"tianyancha","supply_chain",0
"wind_information","supply_chain",0
"intron_health","supply_chain",0
"african_languages_lab","supply_chain",0
"aflabox","supply_chain",0
"tolbi","supply_chain",0
"soko_aerial","supply_chain",0
"geoinfotech","supply_chain",0
"helium_health","supply_chain",0
"pula","supply_chain",0
"apollo_agriculture","supply_chain",0
"hello_tractor","supply_chain",0
"mpharma","supply_chain",0
"ehealth_africa","supply_chain",0
"lacuna_fund","supply_chain",0
"makerere_ai","supply_chain",0
"cntxt_ai","supply_chain",0
"arabic_ai","supply_chain",0
"aydi","supply_chain",1
"widebot","supply_chain",0
"mawdoo3","supply_chain",0
"aaru","supply_chain",0
"simile","supply_chain",0
"conveo","supply_chain",0
"perspective_ai","supply_chain",0
"theysaid","supply_chain",0
"versive","supply_chain",0
"hivemapper","supply_chain",0
"dimo","supply_chain",0
"weatherxm","supply_chain",0
"nova_labs_helium","supply_chain",0
"safecast","supply_chain",0
"biobot","supply_chain",0
"verily","supply_chain",0
"wastewaterscan","supply_chain",0
"hawkeye_360","supply_chain",2
"unseenlabs","supply_chain",2
"kleos_space","supply_chain",2
"naturemetrics","supply_chain",0
"rainforest_connection","supply_chain",0
"fugro","supply_chain",0
"clarity_movement","supply_chain",0
"aclima","supply_chain",0
"nuview","supply_chain",0
"orbital_sidekick","supply_chain",0
"wyvern","supply_chain",0
"hydrosat","supply_chain",0
"muon_space","supply_chain",0
"myriota","supply_chain",0
"astrocast","supply_chain",0
"nearmap","supply_chain",0
"vexcel_imaging","supply_chain",0
"airqo","supply_chain",0
"code_for_africa","supply_chain",0
"aerobotics","supply_chain",0
"ujuzikilimo","supply_chain",0
"robocare","supply_chain",0
"astral_aerial","supply_chain",0
"earthranger","supply_chain",0
"falcon_eye_drones","supply_chain",0
"falcon_3d","supply_chain",0
"digital_earth_africa","supply_chain",0
"sansa","supply_chain",0
"nasrda","supply_chain",0
"egsa","supply_chain",0
"kenya_space_agency","supply_chain",0
"essti","supply_chain",0
"mbrsc","supply_chain",0
"tubitak_uzay","supply_chain",0
"imagesat","supply_chain",0
"taranis","supply_chain",0
"agritask","supply_chain",1
"asterra","supply_chain",0
"norc","supply_chain",0
"westat","supply_chain",0
"rti_international","supply_chain",0
"mathematica","supply_chain",0
"abt_global","supply_chain",0
"ssrs","supply_chain",0
"icf_international","supply_chain",0
"quinnipiac_poll","supply_chain",0
"marist_poll","supply_chain",0
"monmouth_poll","supply_chain",0
"siena_research","supply_chain",0
"emerson_polling","supply_chain",0
"surveyusa","supply_chain",0
"prri","supply_chain",0
"ap_norc","supply_chain",0
"civiqs","supply_chain",0
"echelon_insights","supply_chain",0
"data_for_progress","supply_chain",0
"cygnal","supply_chain",0
"leger","supply_chain",0
"angus_reid_institute","supply_chain",0
"nanos_research","supply_chain",0
"ekos_research","supply_chain",0
"abacus_data","supply_chain",0
"environics_research","supply_chain",0
"skywatch","supply_chain",0
"mda_space","supply_chain",0
"ecopia_ai","supply_chain",0
"farmers_edge","supply_chain",0
"deveron","supply_chain",0
"semios","supply_chain",0
"bluedot","supply_chain",0
"local_logic","supply_chain",0
"riskthinking_ai","supply_chain",0
"triton_digital","supply_chain",0
"descartes_datamyne","supply_chain",2
"browse_ai","supply_chain",0
"internet_archive","supply_chain",0
"exa_ai","supply_chain",0
"altana","supply_chain",2
"project44","supply_chain",2
"fourkites","supply_chain",2
"clear_secure","supply_chain",0
"id_me","supply_chain",0
"socure","supply_chain",0
"observa","supply_chain",0
"ookla","supply_chain",0
"purpleair","supply_chain",0
"motive","supply_chain",1
"lytx","supply_chain",0
"catalina_marketing","supply_chain",0
"inmar_intelligence","supply_chain",1
"data_axle","supply_chain",0
"bombora","supply_chain",0
"thinknum","supply_chain",0
"om1","supply_chain",0
"verana_health","supply_chain",0
"atropos_health","supply_chain",0
"aetion","supply_chain",0
"edison_research","supply_chain",0
"luminate_data","supply_chain",0
"flashpoint","supply_chain",0
"zignal_labs","supply_chain",0
"albedo","supply_chain",0
"centaur_labs","supply_chain",0
"fulcrum_app","supply_chain",0
"rep_data","supply_chain",0
"understanding_america","supply_chain",0
"forsa","supply_chain",0
"infratest_dimap","supply_chain",0
"allensbach","supply_chain",0
"civey","supply_chain",0
"insa_consulere","supply_chain",0
"infas","supply_chain",0
"gesis","supply_chain",0
"soep_diw","supply_chain",0
"ororatech","supply_chain",0
"liveeo","supply_chain",0
"constellr","supply_chain",0
"limesurvey","supply_chain",0
"agf_videoforschung","supply_chain",0
"ifop","supply_chain",0
"opinionway","supply_chain",0
"bva_xsight","supply_chain",0
"elabe","supply_chain",0
"odoxa","supply_chain",0
"csa_research","supply_chain",0
"credoc","supply_chain",0
"scrapingbee","supply_chain",0
"shippeo","supply_chain",2
"owkin","supply_chain",0
"doxa","supply_chain",0
"swg_italia","supply_chain",0
"cerved","supply_chain",0
"auditel_italia","supply_chain",0
"e_geos","supply_chain",0
"planetek_italia","supply_chain",0
"sigma_dos","supply_chain",0
"gad3","supply_chain",0
"metroscopia","supply_chain",0
"cuarenta_db","supply_chain",0
"kido_dynamics","supply_chain",0
"deimos_imaging","supply_chain",0
"marktest","supply_chain",0
"intercampus","supply_chain",0
"metron_analysis","supply_chain",0
"kapa_research","supply_chain",0
"marinetraffic","supply_chain",2
"kieskompas","supply_chain",0
"io_research","supply_chain",0
"motivaction","supply_chain",0
"nipo_nfield","supply_chain",0
"lifelines","supply_chain",0
"ivox","supply_chain",0
"sora_institute","supply_chain",0
"gfs_bern","supply_chain",0
"sotomo","supply_chain",0
"link_institut","supply_chain",0
"red_c","supply_chain",0
"epinion","supply_chain",0
"voxmeter","supply_chain",0
"novus","supply_chain",0
"taloustutkimus","supply_chain",0
"finngen","supply_chain",0
"decode_genetics","supply_chain",0
"signicat","supply_chain",0
"natcen","supply_chain",0
"understanding_society","supply_chain",0
"uk_data_service","supply_chain",0
"opinium","supply_chain",0
"survation","supply_chain",0
"deltapoll","supply_chain",0
"focaldata","supply_chain",0
"jl_partners","supply_chain",0
"more_in_common","supply_chain",0
"bmg_research","supply_chain",0
"signal_ai","supply_chain",0
"rezatec","supply_chain",0
"open_cosmos","supply_chain",0
"iproov","supply_chain",0
"truelayer","supply_chain",0
"yapily","supply_chain",0
"our_future_health","supply_chain",0
"lifebit","supply_chain",0
"ovilongwa","supply_chain",0
"star_awards_bwa","supply_chain",0
"igd_burkina","supply_chain",0
"gradis_burundi","supply_chain",0
"afrosondagem","supply_chain",0
"cible_cameroun","supply_chain",0
"laereag_tchad","supply_chain",0
"avenir_nepad_congo","supply_chain",0
"cofinco_comores","supply_chain",0
"zechlab","supply_chain",0
"qa_strategic_swz","supply_chain",0
"abcon_ethiopia","supply_chain",0
"cergep_gabon","supply_chain",0
"stat_view_guinea","supply_chain",0
"igpad_guinea_bissau","supply_chain",0
"advision_lesotho","supply_chain",0
"cdg_liberia","supply_chain",0
"coef_resources","supply_chain",0
"csr_malawi","supply_chain",0
"great_mali","supply_chain",0
"sista_consult","supply_chain",0
"straconsult_mus","supply_chain",0
"gsc_morocco","supply_chain",0
"cs_research_moz","supply_chain",0
"survey_warehouse","supply_chain",0
"lasdel_niger","supply_chain",0
"cres_senegal","supply_chain",0
"igr_sierra_leone","supply_chain",0
"sudan_polling_center","supply_chain",0
"repoa_tanzania","supply_chain",0
"crpd_gambia","supply_chain",0
"crop_togo","supply_chain",0
"hatchile_uganda","supply_chain",0
"cesor_zambia","supply_chain",0
"smile_identity","supply_chain",0
"zindi","supply_chain",0
"kartoza","supply_chain",0
"geoterraimage","supply_chain",0
"spatial_collective","supply_chain",0
"ramani_huria","supply_chain",0
"farmerline","supply_chain",0
"esoko","supply_chain",0
"sunculture","supply_chain",0
"thriveagric","supply_chain",0
"mono_nigeria","supply_chain",0
"stitch_za","supply_chain",0
"metropol_kenya","supply_chain",0
"crc_credit_bureau","supply_chain",0
"africa_check","supply_chain",0
"dubawa","supply_chain",0
"ilara_health","supply_chain",0
"jacaranda_health","supply_chain",0
"reelforge","supply_chain",0
"prembly","supply_chain",0
"youverify","supply_chain",0
"data_science_nigeria","supply_chain",0
"icog_labs","supply_chain",0
"lesan_ai","supply_chain",0
"kobo360","supply_chain",2
"lori_systems","supply_chain",2
"irsm_algeria","supply_chain",0
"cread_algeria","supply_chain",0
"optimar","supply_chain",0
"orc_arastirma","supply_chain",0
"avrasya_arastirma","supply_chain",0
"genar","supply_chain",0
"yoneylem","supply_chain",0
"sonar_arastirma","supply_chain",0
"gezici_arastirma","supply_chain",0
"mak_danismanlik","supply_chain",0
"piar_arastirma","supply_chain",0
"insider_tr","supply_chain",0
"acrps_doha","supply_chain",0
"sesri_qatar","supply_chain",0
"qcri","supply_chain",0
"sdaia","supply_chain",0
"elm_saudi","supply_chain",0
"saudi_space_agency","supply_chain",0
"simah","supply_chain",0
"derasat","supply_chain",0
"cri_lebanon","supply_chain",0
"infopro_lebanon","supply_chain",0
"albayan_iraq","supply_chain",0
"mas_palestine","supply_chain",0
"altibbi","supply_chain",0
"maqsam","supply_chain",0
"el_zanaty","supply_chain",0
"i_score_egypt","supply_chain",0
"intella_ai","supply_chain",0
"marocmetrie","supply_chain",0
"aarc_international","supply_chain",0
"chifco","supply_chain",0
"m42","supply_chain",0
"aecb","supply_chain",0
"derq","supply_chain",0
"israel_democracy_institute","supply_chain",0
"zencity","supply_chain",0
"cognyte","supply_chain",0
"ahri_south_africa","supply_chain",0
"agincourt_wits","supply_chain",0
"saprin","supply_chain",0
"aphrc","supply_chain",0
"kemri_wellcome","supply_chain",0
"ifakara_health","supply_chain",0
"manhica_cisim","supply_chain",0
"mrc_gambia","supply_chain",0
"navrongo_hrc","supply_chain",0
"rakai_health","supply_chain",0
"malawi_liverpool_wellcome","supply_chain",0
"cidrz","supply_chain",0
"kersa_hdss","supply_chain",0
"nouna_crsn","supply_chain",0
"apcc","supply_chain",0
"h3africa","supply_chain",0
"hsrc","supply_chain",0
"saldru","supply_chain",0
"datafirst","supply_chain",0
"isser_ghana","supply_chain",0
"eprc_uganda","supply_chain",0
"esrf_tanzania","supply_chain",0
"csea_nigeria","supply_chain",0
"pesacheck","supply_chain",0
"freshly_ground_insights","supply_chain",0
"columinate","supply_chain",0
"persian_cohort","supply_chain",0
"golestan_cohort","supply_chain",0
"qatar_biobank","supply_chain",0
"moroccan_genome","supply_chain",0
"afristat","supply_chain",0
"statafric","supply_chain",0
"afdb_statistics","supply_chain",0
"sanbi","supply_chain",0
"africas_talking","supply_chain",0
"onafriq","supply_chain",0
"cellulant","supply_chain",0
"codesria","supply_chain",0
"aerc","supply_chain",0
"pasgr","supply_chain",0
"iss_africa","supply_chain",0
"nextier_spd","supply_chain",0
"heritage_institute","supply_chain",0
"zeparu","supply_chain",0
"bidpa","supply_chain",0
"ippr_namibia","supply_chain",0
"nkafu","supply_chain",0
"cires_ivoire","supply_chain",0
"iese_mozambique","supply_chain",0
"zipar","supply_chain",0
"riwi","supply_chain",0
"pricestats","supply_chain",0
"soundthinking","supply_chain",0
"alphonso","supply_chain",0
"opensignal","supply_chain",0
"nexar","supply_chain",0
"geodnet","supply_chain",0
"wingbits","supply_chain",2
"flightradar24","supply_chain",2
"karya","supply_chain",0
"airwars","supply_chain",0
"mnemonic","supply_chain",0
"forensic_architecture","supply_chain",0
"atlas_ai","supply_chain",0
"fraym","supply_chain",0
"rs_metrics","supply_chain",0
"yodlee","supply_chain",0
"empatica","supply_chain",0
"sonde_health","supply_chain",0
"origin_wireless","supply_chain",0
"vayyar","supply_chain",0
"bidgely","supply_chain",0
"wildlife_insights","supply_chain",0
"atlan_space","supply_chain",0
"cellebrite","supply_chain",0
"nso_group","supply_chain",0
"candiru","supply_chain",0
"paragon_solutions","supply_chain",0
"kando","supply_chain",0
"beehero","supply_chain",0
"seetree","supply_chain",0
"lean_technologies","supply_chain",0
"ushahidi","supply_chain",0
"sunbird_ai","supply_chain",0
"terragon","supply_chain",0
"zenvus","supply_chain",0
"dataphyte","supply_chain",0
"berci","supply_chain",0
"iford","supply_chain",0
"iki_malawi","supply_chain",0
"jumo","supply_chain",0
"kifiya","supply_chain",0
"omnisient","supply_chain",0
"humangle","supply_chain",0
"timbuktu_institute","supply_chain",0
"ayin_network","supply_chain",0
"sudan_transparency","supply_chain",0
"ipsos","ai_labels",0
"kantar","ai_labels",0
"niq","ai_labels",0
"circana","ai_labels",0
"gallup","ai_labels",0
"yougov","ai_labels",0
"morning_consult","ai_labels",0
"pew_research","ai_labels",0
"verian","ai_labels",0
"ipsos_mori_uk","ai_labels",0
"savanta","ai_labels",0
"system1_group","ai_labels",0
"euromonitor","ai_labels",0
"mintel","ai_labels",0
"statista","ai_labels",0
"m3_global_research","ai_labels",0
"escalent","ai_labels",0
"material_plus","ai_labels",0
"c_space","ai_labels",0
"hall_and_partners","ai_labels",0
"appinio","ai_labels",0
"attest","ai_labels",0
"zappi","ai_labels",0
"suzy","ai_labels",0
"glimpse_ai","ai_labels",1
"listen_labs","ai_labels",0
"strella","ai_labels",0
"outset_ai","ai_labels",0
"cint","ai_labels",0
"dynata","ai_labels",0
"toluna","ai_labels",0
"bilendi","ai_labels",0
"norstat","ai_labels",0
"prolific","ai_labels",1
"cloudresearch","ai_labels",0
"purespectrum","ai_labels",0
"innovate_mr","ai_labels",0
"prodege","ai_labels",0
"disqo","ai_labels",0
"rakuten_insight","ai_labels",0
"borderless_access","ai_labels",0
"milieu_insight","ai_labels",0
"respondent_io","ai_labels",0
"qualtrics","ai_labels",0
"surveymonkey","ai_labels",0
"alchemer","ai_labels",0
"forsta","ai_labels",0
"sawtooth_software","ai_labels",0
"surveycto","ai_labels",0
"kobotoolbox","ai_labels",0
"odk","ai_labels",0
"commcare_dimagi","ai_labels",0
"ona","ai_labels",0
"mwater","ai_labels",0
"redcap","ai_labels",0
"gorilla_sc","ai_labels",0
"credamo","ai_labels",0
"wenjuanxing","ai_labels",0
"one_to_one_tunisia","ai_labels",0
"sigma_conseil","ai_labels",0
"emrhod_consulting","ai_labels",0
"elka_consulting","ai_labels",0
"bjka_consulting","ai_labels",0
"lms_csa_maroc","ai_labels",0
"baseera_egypt","ai_labels",0
"pcpsr","ai_labels",0
"awrad","ai_labels",0
"nama_strategic","ai_labels",0
"css_jordan","ai_labels",0
"iiacss","ai_labels",0
"parc_dubai","ai_labels",0
"ispa_iran","ai_labels",0
"gamaan","ai_labels",0
"konda","ai_labels",0
"metropoll","ai_labels",0
"areda_survey","ai_labels",0
"midgam_israel","ai_labels",0
"ipanel_israel","ai_labels",0
"arab_barometer","ai_labels",0
"afrobarometer","ai_labels",0
"cdd_ghana","ai_labels",0
"ijr_south_africa","ai_labels",0
"ids_nairobi","ai_labels",0
"ireg_benin","ai_labels",0
"infotrak","ai_labels",0
"tifa_research","ai_labels",0
"consumer_insight_africa","ai_labels",0
"geopoll","ai_labels",0
"sagaci_research","ai_labels",0
"noipolls","ai_labels",0
"sbm_intelligence","ai_labels",0
"practical_sampling","ai_labels",0
"ask_afrika","ai_labels",0
"plus94_research","ai_labels",0
"citizen_surveys","ai_labels",0
"busara_center","ai_labels",0
"ipa_research","ai_labels",0
"jpal","ai_labels",0
"laterite","ai_labels",0
"sixty_decibels","ai_labels",0
"lokniti_csds","ai_labels",0
"cvoter","ai_labels",0
"axis_my_india","ai_labels",0
"hansa_research","ai_labels",0
"q_and_q_research","ai_labels",0
"outline_india","ai_labels",0
"gallup_pakistan","ai_labels",0
"lsi_indonesia","ai_labels",0
"smrc_indonesia","ai_labels",0
"indikator_politik","ai_labels",0
"sws_philippines","ai_labels",0
"pulse_asia","ai_labels",0
"cimigo","ai_labels",0
"q_and_me","ai_labels",0
"indochina_research","ai_labels",0
"deka_research","ai_labels",0
"macromill","ai_labels",0
"intage","ai_labels",0
"nikkei_research","ai_labels",0
"cross_marketing","ai_labels",0
"embrain","ai_labels",0
"hankook_research","ai_labels",0
"realmeter","ai_labels",0
"gallup_korea","ai_labels",0
"horizon_china","ai_labels",0
"ctr_china","ai_labels",0
"csm_media","ai_labels",0
"datafolha","ai_labels",0
"ipec_brasil","ai_labels",0
"quaest","ai_labels",0
"atlasintel","ai_labels",0
"consulta_mitofsky","ai_labels",0
"enkoll","ai_labels",0
"buendia_marquez","ai_labels",0
"cadem","ai_labels",0
"invamer","ai_labels",0
"datexco","ai_labels",0
"cid_gallup","ai_labels",0
"poliarquia","ai_labels",0
"latinobarometro","ai_labels",0
"lapop","ai_labels",0
"levada_center","ai_labels",0
"vciom","ai_labels",0
"fom_russia","ai_labels",0
"russian_field","ai_labels",0
"kiis","ai_labels",0
"rating_group","ai_labels",0
"razumkov_centre","ai_labels",0
"info_sapiens","ai_labels",0
"gradus_research","ai_labels",0
"crrc","ai_labels",0
"act_georgia","ai_labels",0
"central_asia_barometer","ai_labels",0
"m_vector","ai_labels",0
"siar_research","ai_labels",0
"ipm_belarus","ai_labels",0
"roy_morgan","ai_labels",0
"essential_research","ai_labels",0
"oztam","ai_labels",0
"barb_uk","ai_labels",0
"mediametrie","ai_labels",0
"barc_india","ai_labels",0
"video_research_jp","ai_labels",0
"numeris","ai_labels",0
"scale_ai","ai_labels",2
"surge_ai","ai_labels",2
"mercor","ai_labels",2
"handshake_ai","ai_labels",2
"micro1","ai_labels",2
"turing_com","ai_labels",2
"invisible_tech","ai_labels",2
"appen","ai_labels",2
"toloka","ai_labels",2
"telus_digital_ai","ai_labels",2
"imerit","ai_labels",2
"sama","ai_labels",2
"cloudfactory","ai_labels",2
"superannotate","ai_labels",2
"labelbox","ai_labels",2
"snorkel_ai","ai_labels",2
"encord","ai_labels",2
"v7_labs","ai_labels",2
"kili_technology","ai_labels",2
"dataloop","ai_labels",2
"roboflow","ai_labels",2
"defined_ai","ai_labels",2
"shaip","ai_labels",2
"innodata","ai_labels",2
"transperfect_dataforce","ai_labels",2
"speechocean","ai_labels",2
"datatang","ai_labels",2
"magic_data_tech","ai_labels",2
"dataannotation_tech","ai_labels",2
"pareto_ai","ai_labels",2
"mturk","ai_labels",2
"clickworker","ai_labels",2
"premise_data","ai_labels",0
"streetbees","ai_labels",0
"roamler","ai_labels",0
"field_agent","ai_labels",0
"gigwalk","ai_labels",0
"glg","ai_labels",0
"third_bridge","ai_labels",0
"guidepoint","ai_labels",0
"alphasense","ai_labels",0
"dialectica","ai_labels",0
"bright_data","ai_labels",0
"oxylabs","ai_labels",0
"decodo","ai_labels",0
"zyte","ai_labels",0
"apify","ai_labels",0
"firecrawl","ai_labels",1
"tavily","ai_labels",0
"diffbot","ai_labels",0
"common_crawl","ai_labels",1
"promptcloud","ai_labels",0
"grepsr","ai_labels",0
"nimble_data","ai_labels",0
"coresignal","ai_labels",0
"acxiom","ai_labels",0
"experian","ai_labels",0
"equifax","ai_labels",0
"transunion","ai_labels",0
"liveramp","ai_labels",0
"epsilon","ai_labels",0
"lexisnexis_risk","ai_labels",0
"dun_bradstreet","ai_labels",0
"cotality","ai_labels",0
"verisk","ai_labels",0
"crif","ai_labels",0
"serasa_experian","ai_labels",0
"spokeo","ai_labels",0
"safegraph","ai_labels",0
"placer_ai","ai_labels",0
"veraset","ai_labels",0
"unacast","ai_labels",0
"foursquare","ai_labels",0
"kochava_collective","ai_labels",0
"azira","ai_labels",0
"advan_research","ai_labels",0
"huq_industries","ai_labels",0
"predicio","ai_labels",0
"positium","ai_labels",0
"teralytics","ai_labels",0
"orange_flux_vision","ai_labels",0
"flowminder","ai_labels",0
"planet_labs","ai_labels",0
"vantor","ai_labels",0
"blacksky","ai_labels",0
"iceye","ai_labels",0
"satellogic","ai_labels",0
"capella_space","ai_labels",0
"umbra_space","ai_labels",0
"airbus_ds_geo","ai_labels",0
"spire_global","ai_labels",0
"ursa_space","ai_labels",0
"pixxel","ai_labels",0
"skyfi","ai_labels",0
"earthdaily","ai_labels",0
"satvu","ai_labels",0
"ghgsat","ai_labels",0
"kayrros","ai_labels",0
"descartes_labs","ai_labels",0
"spaceknow","ai_labels",0
"synspective","ai_labels",0
"axelspace","ai_labels",0
"changguang","ai_labels",0
"twentyone_at","ai_labels",0
"tomorrow_io","ai_labels",0
"windborne","ai_labels",0
"saildrone","ai_labels",0
"sofar_ocean","ai_labels",0
"jupiter_intelligence","ai_labels",0
"first_street","ai_labels",0
"fathom_global","ai_labels",0
"jba_risk","ai_labels",0
"moodys_rms","ai_labels",0
"mitiga_solutions","ai_labels",0
"climateai","ai_labels",0
"descartes_underwriting","ai_labels",0
"sylvera","ai_labels",0
"bezero_carbon","ai_labels",0
"carbon_mapper","ai_labels",0
"chloris_geospatial","ai_labels",0
"nielsen","ai_labels",0
"comscore","ai_labels",0
"samba_tv","ai_labels",0
"ispot_tv","ai_labels",0
"videoamp","ai_labels",0
"similarweb","ai_labels",0
"sensor_tower","ai_labels",0
"yipitdata","ai_labels",0
"m_science","ai_labels",0
"consumer_edge","ai_labels",0
"earnest_analytics","ai_labels",0
"facteus","ai_labels",0
"measurable_ai","ai_labels",0
"plaid","ai_labels",0
"tink","ai_labels",0
"kpler","ai_labels",0
"vortexa","ai_labels",0
"windward_ai","ai_labels",0
"panjiva","ai_labels",0
"importgenius","ai_labels",0
"iqvia","ai_labels",0
"komodo_health","ai_labels",0
"truveta","ai_labels",0
"healthverity","ai_labels",0
"tempus_ai","ai_labels",0
"datavant","ai_labels",0
"flatiron_health","ai_labels",0
"trinetx","ai_labels",0
"picnichealth","ai_labels",0
"evidation_health","ai_labels",0
"medidata","ai_labels",0
"veeva_crossix","ai_labels",0
"definitive_healthcare","ai_labels",0
"uk_biobank","ai_labels",0
"bgi_genomics","ai_labels",0
"samsara","ai_labels",0
"geotab","ai_labels",0
"inrix","ai_labels",0
"tomtom","ai_labels",0
"here_technologies","ai_labels",0
"cambridge_mobile","ai_labels",0
"arity","ai_labels",0
"smartcar","ai_labels",0
"high_mobility","ai_labels",0
"dataminr","ai_labels",0
"recorded_future","ai_labels",0
"meltwater","ai_labels",0
"brandwatch","ai_labels",0
"talkwalker","ai_labels",0
"sprinklr","ai_labels",0
"graphika","ai_labels",0
"babel_street","ai_labels",0
"sayari","ai_labels",0
"kharon","ai_labels",0
"janes","ai_labels",0
"acled","ai_labels",0
"gdelt","ai_labels",0
"bellingcat","ai_labels",0
"newsguard","ai_labels",0
"zoominfo","ai_labels",0
"apollo_io","ai_labels",0
"cognism","ai_labels",0
"lusha","ai_labels",0
"people_data_labs","ai_labels",0
"opencorporates","ai_labels",0
"moodys_bvd","ai_labels",0
"pitchbook","ai_labels",0
"crunchbase","ai_labels",0
"tracxn","ai_labels",0
"dealroom","ai_labels",0
"numerator","ai_labels",0
"profitero","ai_labels",0
"dataweave","ai_labels",0
"intelligence_node","ai_labels",0
"trax_retail","ai_labels",0
"dunnhumby","ai_labels",0
"eightyfour_51","ai_labels",0
"clearview_ai","ai_labels",0
"pimeyes","ai_labels",0
"tools_for_humanity","ai_labels",0
"yoti","ai_labels",0
"idemia","ai_labels",0
"sensetime","ai_labels",0
"megvii","ai_labels",0
"hikvision","ai_labels",0
"arab_advisors","ai_labels",0
"asdaa_bcw","ai_labels",0
"insight_discovery","ai_labels",0
"ventures_middle_east","ai_labels",0
"space42","ai_labels",0
"presight_ai","ai_labels",0
"lucidya","ai_labels",0
"mozn","ai_labels",0
"crowd_analyzer","ai_labels",0
"tarjama","ai_labels",2
"idsc_egypt","ai_labels",0
"rada_research","ai_labels",0
"statistics_lebanon","ai_labels",0
"information_international","ai_labels",0
"scpr_syria","ai_labels",0
"yemen_polling_center","ai_labels",0
"diwan_research","ai_labels",0
"immar_rc","ai_labels",0
"sunergia","ai_labels",0
"iranpoll","ai_labels",0
"turkiye_raporu","ai_labels",0
"geocartography","ai_labels",0
"near_east_consulting","ai_labels",0
"jmcc","ai_labels",0
"zogby_research","ai_labels",0
"reach_initiative","ai_labels",0
"acaps","ai_labels",0
"afriksurvey","ai_labels",0
"sagapoll","ai_labels",0
"dalberg_research","ai_labels",0
"stears","ai_labels",0
"datalens_africa","ai_labels",2
"creditregistry","ai_labels",0
"indicina","ai_labels",0
"africa_polling_institute","ai_labels",0
"global_infoanalytics","ai_labels",0
"amini","ai_labels",0
"research_solutions_africa","ai_labels",0
"msurvey","ai_labels",0
"echo_mobile","ai_labels",0
"viamo","ai_labels",0
"twaweza","ai_labels",0
"research_world_intl","ai_labels",0
"charis_uas","ai_labels",0
"digital_umuganda","ai_labels",2
"somali_public_agenda","ai_labels",0
"mpoi_zimbabwe","ai_labels",0
"social_research_foundation","ai_labels",0
"eighty20","ai_labels",0
"lightstone","ai_labels",0
"lelapa_ai","ai_labels",2
"masakhane","ai_labels",2
"awarri","ai_labels",2
"romir","ai_labels",0
"mediascope","ai_labels",0
"ipsos_comcon","ai_labels",0
"tiburon_research","ai_labels",0
"anketolog","ai_labels",0
"sberindex","ai_labels",0
"yandex_data","ai_labels",0
"baw_belarus","ai_labels",0
"bisam","ai_labels",0
"demoscope_kz","ai_labels",0
"ijtimoiy_fikr","ai_labels",0
"questmobile","ai_labels",0
"analysys_yiguan","ai_labels",0
"iimedia","ai_labels",0
"talkingdata","ai_labels",0
"aurora_mobile","ai_labels",0
"miaozhen_admaster","ai_labels",0
"qichacha","ai_labels",0
"tianyancha","ai_labels",0
"wind_information","ai_labels",0
"intron_health","ai_labels",2
"african_languages_lab","ai_labels",2
"aflabox","ai_labels",0
"tolbi","ai_labels",0
"soko_aerial","ai_labels",0
"geoinfotech","ai_labels",0
"helium_health","ai_labels",0
"pula","ai_labels",0
"apollo_agriculture","ai_labels",0
"hello_tractor","ai_labels",0
"mpharma","ai_labels",0
"ehealth_africa","ai_labels",0
"lacuna_fund","ai_labels",2
"makerere_ai","ai_labels",2
"cntxt_ai","ai_labels",2
"arabic_ai","ai_labels",2
"aydi","ai_labels",0
"widebot","ai_labels",2
"mawdoo3","ai_labels",2
"aaru","ai_labels",0
"simile","ai_labels",0
"conveo","ai_labels",0
"perspective_ai","ai_labels",0
"theysaid","ai_labels",0
"versive","ai_labels",1
"hivemapper","ai_labels",0
"dimo","ai_labels",0
"weatherxm","ai_labels",0
"nova_labs_helium","ai_labels",0
"safecast","ai_labels",0
"biobot","ai_labels",0
"verily","ai_labels",0
"wastewaterscan","ai_labels",0
"hawkeye_360","ai_labels",0
"unseenlabs","ai_labels",0
"kleos_space","ai_labels",0
"naturemetrics","ai_labels",0
"rainforest_connection","ai_labels",0
"fugro","ai_labels",0
"clarity_movement","ai_labels",0
"aclima","ai_labels",0
"nuview","ai_labels",0
"orbital_sidekick","ai_labels",0
"wyvern","ai_labels",0
"hydrosat","ai_labels",0
"muon_space","ai_labels",0
"myriota","ai_labels",0
"astrocast","ai_labels",0
"nearmap","ai_labels",0
"vexcel_imaging","ai_labels",0
"airqo","ai_labels",0
"code_for_africa","ai_labels",0
"aerobotics","ai_labels",0
"ujuzikilimo","ai_labels",0
"robocare","ai_labels",0
"astral_aerial","ai_labels",0
"earthranger","ai_labels",0
"falcon_eye_drones","ai_labels",0
"falcon_3d","ai_labels",0
"digital_earth_africa","ai_labels",0
"sansa","ai_labels",0
"nasrda","ai_labels",0
"egsa","ai_labels",0
"kenya_space_agency","ai_labels",0
"essti","ai_labels",0
"mbrsc","ai_labels",0
"tubitak_uzay","ai_labels",0
"imagesat","ai_labels",0
"taranis","ai_labels",0
"agritask","ai_labels",0
"asterra","ai_labels",0
"norc","ai_labels",0
"westat","ai_labels",0
"rti_international","ai_labels",0
"mathematica","ai_labels",0
"abt_global","ai_labels",0
"ssrs","ai_labels",0
"icf_international","ai_labels",0
"quinnipiac_poll","ai_labels",0
"marist_poll","ai_labels",0
"monmouth_poll","ai_labels",0
"siena_research","ai_labels",0
"emerson_polling","ai_labels",0
"surveyusa","ai_labels",0
"prri","ai_labels",0
"ap_norc","ai_labels",0
"civiqs","ai_labels",0
"echelon_insights","ai_labels",0
"data_for_progress","ai_labels",0
"cygnal","ai_labels",0
"leger","ai_labels",0
"angus_reid_institute","ai_labels",0
"nanos_research","ai_labels",0
"ekos_research","ai_labels",0
"abacus_data","ai_labels",0
"environics_research","ai_labels",0
"skywatch","ai_labels",0
"mda_space","ai_labels",0
"ecopia_ai","ai_labels",0
"farmers_edge","ai_labels",0
"deveron","ai_labels",0
"semios","ai_labels",0
"bluedot","ai_labels",0
"local_logic","ai_labels",0
"riskthinking_ai","ai_labels",0
"triton_digital","ai_labels",0
"descartes_datamyne","ai_labels",0
"browse_ai","ai_labels",0
"internet_archive","ai_labels",0
"exa_ai","ai_labels",0
"altana","ai_labels",0
"project44","ai_labels",0
"fourkites","ai_labels",0
"clear_secure","ai_labels",0
"id_me","ai_labels",0
"socure","ai_labels",0
"observa","ai_labels",0
"ookla","ai_labels",0
"purpleair","ai_labels",0
"motive","ai_labels",0
"lytx","ai_labels",0
"catalina_marketing","ai_labels",0
"inmar_intelligence","ai_labels",0
"data_axle","ai_labels",0
"bombora","ai_labels",0
"thinknum","ai_labels",0
"om1","ai_labels",0
"verana_health","ai_labels",0
"atropos_health","ai_labels",0
"aetion","ai_labels",0
"edison_research","ai_labels",0
"luminate_data","ai_labels",0
"flashpoint","ai_labels",0
"zignal_labs","ai_labels",0
"albedo","ai_labels",0
"centaur_labs","ai_labels",2
"fulcrum_app","ai_labels",0
"rep_data","ai_labels",0
"understanding_america","ai_labels",0
"forsa","ai_labels",0
"infratest_dimap","ai_labels",0
"allensbach","ai_labels",0
"civey","ai_labels",0
"insa_consulere","ai_labels",0
"infas","ai_labels",0
"gesis","ai_labels",0
"soep_diw","ai_labels",0
"ororatech","ai_labels",0
"liveeo","ai_labels",0
"constellr","ai_labels",0
"limesurvey","ai_labels",0
"agf_videoforschung","ai_labels",0
"ifop","ai_labels",0
"opinionway","ai_labels",0
"bva_xsight","ai_labels",0
"elabe","ai_labels",0
"odoxa","ai_labels",0
"csa_research","ai_labels",0
"credoc","ai_labels",0
"scrapingbee","ai_labels",0
"shippeo","ai_labels",0
"owkin","ai_labels",1
"doxa","ai_labels",0
"swg_italia","ai_labels",0
"cerved","ai_labels",0
"auditel_italia","ai_labels",0
"e_geos","ai_labels",0
"planetek_italia","ai_labels",0
"sigma_dos","ai_labels",0
"gad3","ai_labels",0
"metroscopia","ai_labels",0
"cuarenta_db","ai_labels",0
"kido_dynamics","ai_labels",0
"deimos_imaging","ai_labels",0
"marktest","ai_labels",0
"intercampus","ai_labels",0
"metron_analysis","ai_labels",0
"kapa_research","ai_labels",0
"marinetraffic","ai_labels",0
"kieskompas","ai_labels",0
"io_research","ai_labels",0
"motivaction","ai_labels",0
"nipo_nfield","ai_labels",0
"lifelines","ai_labels",0
"ivox","ai_labels",0
"sora_institute","ai_labels",0
"gfs_bern","ai_labels",0
"sotomo","ai_labels",0
"link_institut","ai_labels",0
"red_c","ai_labels",0
"epinion","ai_labels",0
"voxmeter","ai_labels",0
"novus","ai_labels",0
"taloustutkimus","ai_labels",0
"finngen","ai_labels",0
"decode_genetics","ai_labels",0
"signicat","ai_labels",0
"natcen","ai_labels",0
"understanding_society","ai_labels",0
"uk_data_service","ai_labels",0
"opinium","ai_labels",0
"survation","ai_labels",0
"deltapoll","ai_labels",0
"focaldata","ai_labels",0
"jl_partners","ai_labels",0
"more_in_common","ai_labels",0
"bmg_research","ai_labels",0
"signal_ai","ai_labels",0
"rezatec","ai_labels",0
"open_cosmos","ai_labels",0
"iproov","ai_labels",0
"truelayer","ai_labels",0
"yapily","ai_labels",0
"our_future_health","ai_labels",0
"lifebit","ai_labels",0
"ovilongwa","ai_labels",0
"star_awards_bwa","ai_labels",0
"igd_burkina","ai_labels",0
"gradis_burundi","ai_labels",0
"afrosondagem","ai_labels",0
"cible_cameroun","ai_labels",0
"laereag_tchad","ai_labels",0
"avenir_nepad_congo","ai_labels",0
"cofinco_comores","ai_labels",0
"zechlab","ai_labels",0
"qa_strategic_swz","ai_labels",0
"abcon_ethiopia","ai_labels",0
"cergep_gabon","ai_labels",0
"stat_view_guinea","ai_labels",0
"igpad_guinea_bissau","ai_labels",0
"advision_lesotho","ai_labels",0
"cdg_liberia","ai_labels",0
"coef_resources","ai_labels",0
"csr_malawi","ai_labels",0
"great_mali","ai_labels",0
"sista_consult","ai_labels",0
"straconsult_mus","ai_labels",0
"gsc_morocco","ai_labels",0
"cs_research_moz","ai_labels",0
"survey_warehouse","ai_labels",0
"lasdel_niger","ai_labels",0
"cres_senegal","ai_labels",0
"igr_sierra_leone","ai_labels",0
"sudan_polling_center","ai_labels",0
"repoa_tanzania","ai_labels",0
"crpd_gambia","ai_labels",0
"crop_togo","ai_labels",0
"hatchile_uganda","ai_labels",0
"cesor_zambia","ai_labels",0
"smile_identity","ai_labels",0
"zindi","ai_labels",2
"kartoza","ai_labels",0
"geoterraimage","ai_labels",0
"spatial_collective","ai_labels",0
"ramani_huria","ai_labels",0
"farmerline","ai_labels",0
"esoko","ai_labels",0
"sunculture","ai_labels",0
"thriveagric","ai_labels",0
"mono_nigeria","ai_labels",0
"stitch_za","ai_labels",0
"metropol_kenya","ai_labels",0
"crc_credit_bureau","ai_labels",0
"africa_check","ai_labels",0
"dubawa","ai_labels",0
"ilara_health","ai_labels",0
"jacaranda_health","ai_labels",0
"reelforge","ai_labels",0
"prembly","ai_labels",0
"youverify","ai_labels",0
"data_science_nigeria","ai_labels",2
"icog_labs","ai_labels",2
"lesan_ai","ai_labels",2
"kobo360","ai_labels",0
"lori_systems","ai_labels",0
"irsm_algeria","ai_labels",0
"cread_algeria","ai_labels",0
"optimar","ai_labels",0
"orc_arastirma","ai_labels",0
"avrasya_arastirma","ai_labels",0
"genar","ai_labels",0
"yoneylem","ai_labels",0
"sonar_arastirma","ai_labels",0
"gezici_arastirma","ai_labels",0
"mak_danismanlik","ai_labels",0
"piar_arastirma","ai_labels",0
"insider_tr","ai_labels",0
"acrps_doha","ai_labels",0
"sesri_qatar","ai_labels",0
"qcri","ai_labels",2
"sdaia","ai_labels",0
"elm_saudi","ai_labels",0
"saudi_space_agency","ai_labels",0
"simah","ai_labels",0
"derasat","ai_labels",0
"cri_lebanon","ai_labels",0
"infopro_lebanon","ai_labels",0
"albayan_iraq","ai_labels",0
"mas_palestine","ai_labels",0
"altibbi","ai_labels",0
"maqsam","ai_labels",2
"el_zanaty","ai_labels",0
"i_score_egypt","ai_labels",0
"intella_ai","ai_labels",2
"marocmetrie","ai_labels",0
"aarc_international","ai_labels",0
"chifco","ai_labels",0
"m42","ai_labels",1
"aecb","ai_labels",0
"derq","ai_labels",0
"israel_democracy_institute","ai_labels",0
"zencity","ai_labels",0
"cognyte","ai_labels",0
"ahri_south_africa","ai_labels",0
"agincourt_wits","ai_labels",0
"saprin","ai_labels",0
"aphrc","ai_labels",0
"kemri_wellcome","ai_labels",0
"ifakara_health","ai_labels",0
"manhica_cisim","ai_labels",0
"mrc_gambia","ai_labels",0
"navrongo_hrc","ai_labels",0
"rakai_health","ai_labels",0
"malawi_liverpool_wellcome","ai_labels",0
"cidrz","ai_labels",0
"kersa_hdss","ai_labels",0
"nouna_crsn","ai_labels",0
"apcc","ai_labels",0
"h3africa","ai_labels",0
"hsrc","ai_labels",0
"saldru","ai_labels",0
"datafirst","ai_labels",0
"isser_ghana","ai_labels",0
"eprc_uganda","ai_labels",0
"esrf_tanzania","ai_labels",0
"csea_nigeria","ai_labels",0
"pesacheck","ai_labels",0
"freshly_ground_insights","ai_labels",0
"columinate","ai_labels",0
"persian_cohort","ai_labels",0
"golestan_cohort","ai_labels",0
"qatar_biobank","ai_labels",0
"moroccan_genome","ai_labels",0
"afristat","ai_labels",0
"statafric","ai_labels",0
"afdb_statistics","ai_labels",0
"sanbi","ai_labels",0
"africas_talking","ai_labels",0
"onafriq","ai_labels",0
"cellulant","ai_labels",0
"codesria","ai_labels",0
"aerc","ai_labels",0
"pasgr","ai_labels",0
"iss_africa","ai_labels",0
"nextier_spd","ai_labels",0
"heritage_institute","ai_labels",0
"zeparu","ai_labels",0
"bidpa","ai_labels",0
"ippr_namibia","ai_labels",0
"nkafu","ai_labels",0
"cires_ivoire","ai_labels",0
"iese_mozambique","ai_labels",0
"zipar","ai_labels",0
"riwi","ai_labels",0
"pricestats","ai_labels",0
"soundthinking","ai_labels",0
"alphonso","ai_labels",0
"opensignal","ai_labels",0
"nexar","ai_labels",0
"geodnet","ai_labels",0
"wingbits","ai_labels",0
"flightradar24","ai_labels",0
"karya","ai_labels",2
"airwars","ai_labels",0
"mnemonic","ai_labels",0
"forensic_architecture","ai_labels",0
"atlas_ai","ai_labels",0
"fraym","ai_labels",0
"rs_metrics","ai_labels",0
"yodlee","ai_labels",0
"empatica","ai_labels",0
"sonde_health","ai_labels",0
"origin_wireless","ai_labels",0
"vayyar","ai_labels",0
"bidgely","ai_labels",0
"wildlife_insights","ai_labels",0
"atlan_space","ai_labels",0
"cellebrite","ai_labels",0
"nso_group","ai_labels",0
"candiru","ai_labels",0
"paragon_solutions","ai_labels",0
"kando","ai_labels",0
"beehero","ai_labels",0
"seetree","ai_labels",0
"lean_technologies","ai_labels",0
"ushahidi","ai_labels",0
"sunbird_ai","ai_labels",2
"terragon","ai_labels",0
"zenvus","ai_labels",0
"dataphyte","ai_labels",0
"berci","ai_labels",0
"iford","ai_labels",0
"iki_malawi","ai_labels",0
"jumo","ai_labels",0
"kifiya","ai_labels",0
"omnisient","ai_labels",0
"humangle","ai_labels",0
"timbuktu_institute","ai_labels",0
"ayin_network","ai_labels",0
"sudan_transparency","ai_labels",0
"ipsos","legal_regulatory",0
"kantar","legal_regulatory",0
"niq","legal_regulatory",0
"circana","legal_regulatory",0
"gallup","legal_regulatory",0
"yougov","legal_regulatory",0
"morning_consult","legal_regulatory",0
"pew_research","legal_regulatory",0
"verian","legal_regulatory",0
"ipsos_mori_uk","legal_regulatory",0
"savanta","legal_regulatory",0
"system1_group","legal_regulatory",0
"euromonitor","legal_regulatory",0
"mintel","legal_regulatory",0
"statista","legal_regulatory",0
"m3_global_research","legal_regulatory",0
"escalent","legal_regulatory",0
"material_plus","legal_regulatory",0
"c_space","legal_regulatory",0
"hall_and_partners","legal_regulatory",0
"appinio","legal_regulatory",0
"attest","legal_regulatory",0
"zappi","legal_regulatory",0
"suzy","legal_regulatory",0
"glimpse_ai","legal_regulatory",0
"listen_labs","legal_regulatory",0
"strella","legal_regulatory",0
"outset_ai","legal_regulatory",0
"cint","legal_regulatory",0
"dynata","legal_regulatory",0
"toluna","legal_regulatory",0
"bilendi","legal_regulatory",0
"norstat","legal_regulatory",0
"prolific","legal_regulatory",0
"cloudresearch","legal_regulatory",0
"purespectrum","legal_regulatory",0
"innovate_mr","legal_regulatory",0
"prodege","legal_regulatory",0
"disqo","legal_regulatory",0
"rakuten_insight","legal_regulatory",0
"borderless_access","legal_regulatory",0
"milieu_insight","legal_regulatory",0
"respondent_io","legal_regulatory",0
"qualtrics","legal_regulatory",0
"surveymonkey","legal_regulatory",0
"alchemer","legal_regulatory",0
"forsta","legal_regulatory",0
"sawtooth_software","legal_regulatory",0
"surveycto","legal_regulatory",0
"kobotoolbox","legal_regulatory",0
"odk","legal_regulatory",0
"commcare_dimagi","legal_regulatory",0
"ona","legal_regulatory",0
"mwater","legal_regulatory",0
"redcap","legal_regulatory",0
"gorilla_sc","legal_regulatory",0
"credamo","legal_regulatory",0
"wenjuanxing","legal_regulatory",0
"one_to_one_tunisia","legal_regulatory",0
"sigma_conseil","legal_regulatory",0
"emrhod_consulting","legal_regulatory",0
"elka_consulting","legal_regulatory",0
"bjka_consulting","legal_regulatory",0
"lms_csa_maroc","legal_regulatory",0
"baseera_egypt","legal_regulatory",0
"pcpsr","legal_regulatory",0
"awrad","legal_regulatory",0
"nama_strategic","legal_regulatory",0
"css_jordan","legal_regulatory",0
"iiacss","legal_regulatory",0
"parc_dubai","legal_regulatory",0
"ispa_iran","legal_regulatory",0
"gamaan","legal_regulatory",0
"konda","legal_regulatory",0
"metropoll","legal_regulatory",0
"areda_survey","legal_regulatory",0
"midgam_israel","legal_regulatory",0
"ipanel_israel","legal_regulatory",0
"arab_barometer","legal_regulatory",0
"afrobarometer","legal_regulatory",0
"cdd_ghana","legal_regulatory",0
"ijr_south_africa","legal_regulatory",0
"ids_nairobi","legal_regulatory",0
"ireg_benin","legal_regulatory",0
"infotrak","legal_regulatory",0
"tifa_research","legal_regulatory",0
"consumer_insight_africa","legal_regulatory",0
"geopoll","legal_regulatory",0
"sagaci_research","legal_regulatory",0
"noipolls","legal_regulatory",0
"sbm_intelligence","legal_regulatory",0
"practical_sampling","legal_regulatory",0
"ask_afrika","legal_regulatory",0
"plus94_research","legal_regulatory",0
"citizen_surveys","legal_regulatory",0
"busara_center","legal_regulatory",0
"ipa_research","legal_regulatory",0
"jpal","legal_regulatory",0
"laterite","legal_regulatory",0
"sixty_decibels","legal_regulatory",0
"lokniti_csds","legal_regulatory",0
"cvoter","legal_regulatory",0
"axis_my_india","legal_regulatory",0
"hansa_research","legal_regulatory",0
"q_and_q_research","legal_regulatory",0
"outline_india","legal_regulatory",0
"gallup_pakistan","legal_regulatory",0
"lsi_indonesia","legal_regulatory",0
"smrc_indonesia","legal_regulatory",0
"indikator_politik","legal_regulatory",0
"sws_philippines","legal_regulatory",0
"pulse_asia","legal_regulatory",0
"cimigo","legal_regulatory",0
"q_and_me","legal_regulatory",0
"indochina_research","legal_regulatory",0
"deka_research","legal_regulatory",0
"macromill","legal_regulatory",0
"intage","legal_regulatory",0
"nikkei_research","legal_regulatory",0
"cross_marketing","legal_regulatory",0
"embrain","legal_regulatory",0
"hankook_research","legal_regulatory",0
"realmeter","legal_regulatory",0
"gallup_korea","legal_regulatory",0
"horizon_china","legal_regulatory",0
"ctr_china","legal_regulatory",0
"csm_media","legal_regulatory",0
"datafolha","legal_regulatory",0
"ipec_brasil","legal_regulatory",0
"quaest","legal_regulatory",0
"atlasintel","legal_regulatory",0
"consulta_mitofsky","legal_regulatory",0
"enkoll","legal_regulatory",0
"buendia_marquez","legal_regulatory",0
"cadem","legal_regulatory",0
"invamer","legal_regulatory",0
"datexco","legal_regulatory",0
"cid_gallup","legal_regulatory",0
"poliarquia","legal_regulatory",0
"latinobarometro","legal_regulatory",0
"lapop","legal_regulatory",0
"levada_center","legal_regulatory",0
"vciom","legal_regulatory",0
"fom_russia","legal_regulatory",0
"russian_field","legal_regulatory",0
"kiis","legal_regulatory",0
"rating_group","legal_regulatory",0
"razumkov_centre","legal_regulatory",0
"info_sapiens","legal_regulatory",0
"gradus_research","legal_regulatory",0
"crrc","legal_regulatory",0
"act_georgia","legal_regulatory",0
"central_asia_barometer","legal_regulatory",0
"m_vector","legal_regulatory",0
"siar_research","legal_regulatory",0
"ipm_belarus","legal_regulatory",0
"roy_morgan","legal_regulatory",0
"essential_research","legal_regulatory",0
"oztam","legal_regulatory",0
"barb_uk","legal_regulatory",0
"mediametrie","legal_regulatory",0
"barc_india","legal_regulatory",0
"video_research_jp","legal_regulatory",0
"numeris","legal_regulatory",0
"scale_ai","legal_regulatory",0
"surge_ai","legal_regulatory",0
"mercor","legal_regulatory",0
"handshake_ai","legal_regulatory",0
"micro1","legal_regulatory",0
"turing_com","legal_regulatory",0
"invisible_tech","legal_regulatory",0
"appen","legal_regulatory",0
"toloka","legal_regulatory",0
"telus_digital_ai","legal_regulatory",0
"imerit","legal_regulatory",0
"sama","legal_regulatory",0
"cloudfactory","legal_regulatory",0
"superannotate","legal_regulatory",0
"labelbox","legal_regulatory",0
"snorkel_ai","legal_regulatory",0
"encord","legal_regulatory",0
"v7_labs","legal_regulatory",0
"kili_technology","legal_regulatory",0
"dataloop","legal_regulatory",0
"roboflow","legal_regulatory",0
"defined_ai","legal_regulatory",0
"shaip","legal_regulatory",0
"innodata","legal_regulatory",2
"transperfect_dataforce","legal_regulatory",0
"speechocean","legal_regulatory",0
"datatang","legal_regulatory",0
"magic_data_tech","legal_regulatory",0
"dataannotation_tech","legal_regulatory",0
"pareto_ai","legal_regulatory",0
"mturk","legal_regulatory",0
"clickworker","legal_regulatory",0
"premise_data","legal_regulatory",0
"streetbees","legal_regulatory",0
"roamler","legal_regulatory",0
"field_agent","legal_regulatory",0
"gigwalk","legal_regulatory",0
"glg","legal_regulatory",0
"third_bridge","legal_regulatory",0
"guidepoint","legal_regulatory",0
"alphasense","legal_regulatory",2
"dialectica","legal_regulatory",0
"bright_data","legal_regulatory",0
"oxylabs","legal_regulatory",0
"decodo","legal_regulatory",0
"zyte","legal_regulatory",0
"apify","legal_regulatory",0
"firecrawl","legal_regulatory",0
"tavily","legal_regulatory",0
"diffbot","legal_regulatory",0
"common_crawl","legal_regulatory",0
"promptcloud","legal_regulatory",0
"grepsr","legal_regulatory",0
"nimble_data","legal_regulatory",0
"coresignal","legal_regulatory",0
"acxiom","legal_regulatory",0
"experian","legal_regulatory",0
"equifax","legal_regulatory",0
"transunion","legal_regulatory",0
"liveramp","legal_regulatory",0
"epsilon","legal_regulatory",0
"lexisnexis_risk","legal_regulatory",2
"dun_bradstreet","legal_regulatory",0
"cotality","legal_regulatory",0
"verisk","legal_regulatory",0
"crif","legal_regulatory",0
"serasa_experian","legal_regulatory",0
"spokeo","legal_regulatory",0
"safegraph","legal_regulatory",0
"placer_ai","legal_regulatory",0
"veraset","legal_regulatory",0
"unacast","legal_regulatory",0
"foursquare","legal_regulatory",0
"kochava_collective","legal_regulatory",0
"azira","legal_regulatory",0
"advan_research","legal_regulatory",0
"huq_industries","legal_regulatory",0
"predicio","legal_regulatory",0
"positium","legal_regulatory",0
"teralytics","legal_regulatory",0
"orange_flux_vision","legal_regulatory",0
"flowminder","legal_regulatory",0
"planet_labs","legal_regulatory",0
"vantor","legal_regulatory",0
"blacksky","legal_regulatory",0
"iceye","legal_regulatory",0
"satellogic","legal_regulatory",0
"capella_space","legal_regulatory",0
"umbra_space","legal_regulatory",0
"airbus_ds_geo","legal_regulatory",0
"spire_global","legal_regulatory",0
"ursa_space","legal_regulatory",0
"pixxel","legal_regulatory",0
"skyfi","legal_regulatory",0
"earthdaily","legal_regulatory",0
"satvu","legal_regulatory",0
"ghgsat","legal_regulatory",0
"kayrros","legal_regulatory",0
"descartes_labs","legal_regulatory",0
"spaceknow","legal_regulatory",0
"synspective","legal_regulatory",0
"axelspace","legal_regulatory",0
"changguang","legal_regulatory",0
"twentyone_at","legal_regulatory",0
"tomorrow_io","legal_regulatory",0
"windborne","legal_regulatory",0
"saildrone","legal_regulatory",0
"sofar_ocean","legal_regulatory",0
"jupiter_intelligence","legal_regulatory",0
"first_street","legal_regulatory",0
"fathom_global","legal_regulatory",0
"jba_risk","legal_regulatory",0
"moodys_rms","legal_regulatory",0
"mitiga_solutions","legal_regulatory",0
"climateai","legal_regulatory",0
"descartes_underwriting","legal_regulatory",0
"sylvera","legal_regulatory",0
"bezero_carbon","legal_regulatory",0
"carbon_mapper","legal_regulatory",0
"chloris_geospatial","legal_regulatory",0
"nielsen","legal_regulatory",0
"comscore","legal_regulatory",0
"samba_tv","legal_regulatory",0
"ispot_tv","legal_regulatory",0
"videoamp","legal_regulatory",0
"similarweb","legal_regulatory",0
"sensor_tower","legal_regulatory",0
"yipitdata","legal_regulatory",0
"m_science","legal_regulatory",0
"consumer_edge","legal_regulatory",0
"earnest_analytics","legal_regulatory",0
"facteus","legal_regulatory",0
"measurable_ai","legal_regulatory",0
"plaid","legal_regulatory",0
"tink","legal_regulatory",0
"kpler","legal_regulatory",0
"vortexa","legal_regulatory",0
"windward_ai","legal_regulatory",0
"panjiva","legal_regulatory",0
"importgenius","legal_regulatory",0
"iqvia","legal_regulatory",0
"komodo_health","legal_regulatory",0
"truveta","legal_regulatory",0
"healthverity","legal_regulatory",0
"tempus_ai","legal_regulatory",0
"datavant","legal_regulatory",0
"flatiron_health","legal_regulatory",0
"trinetx","legal_regulatory",0
"picnichealth","legal_regulatory",0
"evidation_health","legal_regulatory",0
"medidata","legal_regulatory",0
"veeva_crossix","legal_regulatory",0
"definitive_healthcare","legal_regulatory",0
"uk_biobank","legal_regulatory",0
"bgi_genomics","legal_regulatory",0
"samsara","legal_regulatory",0
"geotab","legal_regulatory",0
"inrix","legal_regulatory",0
"tomtom","legal_regulatory",0
"here_technologies","legal_regulatory",0
"cambridge_mobile","legal_regulatory",0
"arity","legal_regulatory",0
"smartcar","legal_regulatory",0
"high_mobility","legal_regulatory",0
"dataminr","legal_regulatory",0
"recorded_future","legal_regulatory",0
"meltwater","legal_regulatory",0
"brandwatch","legal_regulatory",0
"talkwalker","legal_regulatory",0
"sprinklr","legal_regulatory",0
"graphika","legal_regulatory",0
"babel_street","legal_regulatory",0
"sayari","legal_regulatory",1
"kharon","legal_regulatory",0
"janes","legal_regulatory",0
"acled","legal_regulatory",0
"gdelt","legal_regulatory",0
"bellingcat","legal_regulatory",0
"newsguard","legal_regulatory",0
"zoominfo","legal_regulatory",0
"apollo_io","legal_regulatory",0
"cognism","legal_regulatory",0
"lusha","legal_regulatory",0
"people_data_labs","legal_regulatory",0
"opencorporates","legal_regulatory",2
"moodys_bvd","legal_regulatory",0
"pitchbook","legal_regulatory",0
"crunchbase","legal_regulatory",0
"tracxn","legal_regulatory",0
"dealroom","legal_regulatory",0
"numerator","legal_regulatory",0
"profitero","legal_regulatory",0
"dataweave","legal_regulatory",0
"intelligence_node","legal_regulatory",0
"trax_retail","legal_regulatory",0
"dunnhumby","legal_regulatory",0
"eightyfour_51","legal_regulatory",0
"clearview_ai","legal_regulatory",0
"pimeyes","legal_regulatory",0
"tools_for_humanity","legal_regulatory",0
"yoti","legal_regulatory",0
"idemia","legal_regulatory",0
"sensetime","legal_regulatory",0
"megvii","legal_regulatory",0
"hikvision","legal_regulatory",0
"arab_advisors","legal_regulatory",0
"asdaa_bcw","legal_regulatory",0
"insight_discovery","legal_regulatory",0
"ventures_middle_east","legal_regulatory",0
"space42","legal_regulatory",0
"presight_ai","legal_regulatory",0
"lucidya","legal_regulatory",0
"mozn","legal_regulatory",0
"crowd_analyzer","legal_regulatory",0
"tarjama","legal_regulatory",0
"idsc_egypt","legal_regulatory",0
"rada_research","legal_regulatory",0
"statistics_lebanon","legal_regulatory",0
"information_international","legal_regulatory",1
"scpr_syria","legal_regulatory",0
"yemen_polling_center","legal_regulatory",0
"diwan_research","legal_regulatory",0
"immar_rc","legal_regulatory",0
"sunergia","legal_regulatory",0
"iranpoll","legal_regulatory",0
"turkiye_raporu","legal_regulatory",0
"geocartography","legal_regulatory",0
"near_east_consulting","legal_regulatory",0
"jmcc","legal_regulatory",0
"zogby_research","legal_regulatory",0
"reach_initiative","legal_regulatory",0
"acaps","legal_regulatory",0
"afriksurvey","legal_regulatory",0
"sagapoll","legal_regulatory",0
"dalberg_research","legal_regulatory",0
"stears","legal_regulatory",0
"datalens_africa","legal_regulatory",0
"creditregistry","legal_regulatory",0
"indicina","legal_regulatory",0
"africa_polling_institute","legal_regulatory",0
"global_infoanalytics","legal_regulatory",0
"amini","legal_regulatory",0
"research_solutions_africa","legal_regulatory",0
"msurvey","legal_regulatory",0
"echo_mobile","legal_regulatory",0
"viamo","legal_regulatory",0
"twaweza","legal_regulatory",0
"research_world_intl","legal_regulatory",0
"charis_uas","legal_regulatory",0
"digital_umuganda","legal_regulatory",0
"somali_public_agenda","legal_regulatory",0
"mpoi_zimbabwe","legal_regulatory",0
"social_research_foundation","legal_regulatory",0
"eighty20","legal_regulatory",0
"lightstone","legal_regulatory",0
"lelapa_ai","legal_regulatory",0
"masakhane","legal_regulatory",0
"awarri","legal_regulatory",0
"romir","legal_regulatory",0
"mediascope","legal_regulatory",0
"ipsos_comcon","legal_regulatory",0
"tiburon_research","legal_regulatory",0
"anketolog","legal_regulatory",0
"sberindex","legal_regulatory",0
"yandex_data","legal_regulatory",0
"baw_belarus","legal_regulatory",0
"bisam","legal_regulatory",0
"demoscope_kz","legal_regulatory",0
"ijtimoiy_fikr","legal_regulatory",0
"questmobile","legal_regulatory",0
"analysys_yiguan","legal_regulatory",0
"iimedia","legal_regulatory",0
"talkingdata","legal_regulatory",0
"aurora_mobile","legal_regulatory",0
"miaozhen_admaster","legal_regulatory",0
"qichacha","legal_regulatory",2
"tianyancha","legal_regulatory",2
"wind_information","legal_regulatory",0
"intron_health","legal_regulatory",0
"african_languages_lab","legal_regulatory",0
"aflabox","legal_regulatory",0
"tolbi","legal_regulatory",0
"soko_aerial","legal_regulatory",0
"geoinfotech","legal_regulatory",0
"helium_health","legal_regulatory",0
"pula","legal_regulatory",0
"apollo_agriculture","legal_regulatory",0
"hello_tractor","legal_regulatory",0
"mpharma","legal_regulatory",0
"ehealth_africa","legal_regulatory",0
"lacuna_fund","legal_regulatory",0
"makerere_ai","legal_regulatory",0
"cntxt_ai","legal_regulatory",0
"arabic_ai","legal_regulatory",0
"aydi","legal_regulatory",0
"widebot","legal_regulatory",0
"mawdoo3","legal_regulatory",0
"aaru","legal_regulatory",0
"simile","legal_regulatory",0
"conveo","legal_regulatory",0
"perspective_ai","legal_regulatory",0
"theysaid","legal_regulatory",0
"versive","legal_regulatory",0
"hivemapper","legal_regulatory",0
"dimo","legal_regulatory",0
"weatherxm","legal_regulatory",0
"nova_labs_helium","legal_regulatory",0
"safecast","legal_regulatory",0
"biobot","legal_regulatory",0
"verily","legal_regulatory",0
"wastewaterscan","legal_regulatory",0
"hawkeye_360","legal_regulatory",0
"unseenlabs","legal_regulatory",0
"kleos_space","legal_regulatory",0
"naturemetrics","legal_regulatory",0
"rainforest_connection","legal_regulatory",0
"fugro","legal_regulatory",0
"clarity_movement","legal_regulatory",0
"aclima","legal_regulatory",0
"nuview","legal_regulatory",0
"orbital_sidekick","legal_regulatory",0
"wyvern","legal_regulatory",0
"hydrosat","legal_regulatory",0
"muon_space","legal_regulatory",0
"myriota","legal_regulatory",0
"astrocast","legal_regulatory",0
"nearmap","legal_regulatory",0
"vexcel_imaging","legal_regulatory",0
"airqo","legal_regulatory",0
"code_for_africa","legal_regulatory",0
"aerobotics","legal_regulatory",0
"ujuzikilimo","legal_regulatory",0
"robocare","legal_regulatory",0
"astral_aerial","legal_regulatory",0
"earthranger","legal_regulatory",0
"falcon_eye_drones","legal_regulatory",0
"falcon_3d","legal_regulatory",0
"digital_earth_africa","legal_regulatory",0
"sansa","legal_regulatory",0
"nasrda","legal_regulatory",0
"egsa","legal_regulatory",0
"kenya_space_agency","legal_regulatory",0
"essti","legal_regulatory",0
"mbrsc","legal_regulatory",0
"tubitak_uzay","legal_regulatory",0
"imagesat","legal_regulatory",0
"taranis","legal_regulatory",0
"agritask","legal_regulatory",0
"asterra","legal_regulatory",0
"norc","legal_regulatory",0
"westat","legal_regulatory",0
"rti_international","legal_regulatory",0
"mathematica","legal_regulatory",0
"abt_global","legal_regulatory",0
"ssrs","legal_regulatory",0
"icf_international","legal_regulatory",0
"quinnipiac_poll","legal_regulatory",0
"marist_poll","legal_regulatory",0
"monmouth_poll","legal_regulatory",0
"siena_research","legal_regulatory",0
"emerson_polling","legal_regulatory",0
"surveyusa","legal_regulatory",0
"prri","legal_regulatory",0
"ap_norc","legal_regulatory",0
"civiqs","legal_regulatory",0
"echelon_insights","legal_regulatory",0
"data_for_progress","legal_regulatory",0
"cygnal","legal_regulatory",0
"leger","legal_regulatory",0
"angus_reid_institute","legal_regulatory",0
"nanos_research","legal_regulatory",0
"ekos_research","legal_regulatory",0
"abacus_data","legal_regulatory",0
"environics_research","legal_regulatory",0
"skywatch","legal_regulatory",0
"mda_space","legal_regulatory",0
"ecopia_ai","legal_regulatory",0
"farmers_edge","legal_regulatory",0
"deveron","legal_regulatory",0
"semios","legal_regulatory",0
"bluedot","legal_regulatory",0
"local_logic","legal_regulatory",0
"riskthinking_ai","legal_regulatory",0
"triton_digital","legal_regulatory",0
"descartes_datamyne","legal_regulatory",0
"browse_ai","legal_regulatory",0
"internet_archive","legal_regulatory",1
"exa_ai","legal_regulatory",0
"altana","legal_regulatory",1
"project44","legal_regulatory",0
"fourkites","legal_regulatory",0
"clear_secure","legal_regulatory",0
"id_me","legal_regulatory",0
"socure","legal_regulatory",0
"observa","legal_regulatory",0
"ookla","legal_regulatory",0
"purpleair","legal_regulatory",0
"motive","legal_regulatory",0
"lytx","legal_regulatory",0
"catalina_marketing","legal_regulatory",0
"inmar_intelligence","legal_regulatory",0
"data_axle","legal_regulatory",0
"bombora","legal_regulatory",0
"thinknum","legal_regulatory",0
"om1","legal_regulatory",0
"verana_health","legal_regulatory",0
"atropos_health","legal_regulatory",0
"aetion","legal_regulatory",0
"edison_research","legal_regulatory",0
"luminate_data","legal_regulatory",0
"flashpoint","legal_regulatory",0
"zignal_labs","legal_regulatory",0
"albedo","legal_regulatory",0
"centaur_labs","legal_regulatory",0
"fulcrum_app","legal_regulatory",0
"rep_data","legal_regulatory",0
"understanding_america","legal_regulatory",0
"forsa","legal_regulatory",0
"infratest_dimap","legal_regulatory",0
"allensbach","legal_regulatory",0
"civey","legal_regulatory",0
"insa_consulere","legal_regulatory",0
"infas","legal_regulatory",0
"gesis","legal_regulatory",0
"soep_diw","legal_regulatory",0
"ororatech","legal_regulatory",0
"liveeo","legal_regulatory",0
"constellr","legal_regulatory",0
"limesurvey","legal_regulatory",0
"agf_videoforschung","legal_regulatory",0
"ifop","legal_regulatory",0
"opinionway","legal_regulatory",0
"bva_xsight","legal_regulatory",0
"elabe","legal_regulatory",0
"odoxa","legal_regulatory",0
"csa_research","legal_regulatory",0
"credoc","legal_regulatory",0
"scrapingbee","legal_regulatory",0
"shippeo","legal_regulatory",0
"owkin","legal_regulatory",0
"doxa","legal_regulatory",0
"swg_italia","legal_regulatory",0
"cerved","legal_regulatory",1
"auditel_italia","legal_regulatory",0
"e_geos","legal_regulatory",0
"planetek_italia","legal_regulatory",0
"sigma_dos","legal_regulatory",0
"gad3","legal_regulatory",0
"metroscopia","legal_regulatory",0
"cuarenta_db","legal_regulatory",0
"kido_dynamics","legal_regulatory",0
"deimos_imaging","legal_regulatory",0
"marktest","legal_regulatory",0
"intercampus","legal_regulatory",0
"metron_analysis","legal_regulatory",0
"kapa_research","legal_regulatory",0
"marinetraffic","legal_regulatory",0
"kieskompas","legal_regulatory",0
"io_research","legal_regulatory",0
"motivaction","legal_regulatory",0
"nipo_nfield","legal_regulatory",0
"lifelines","legal_regulatory",0
"ivox","legal_regulatory",0
"sora_institute","legal_regulatory",0
"gfs_bern","legal_regulatory",0
"sotomo","legal_regulatory",0
"link_institut","legal_regulatory",0
"red_c","legal_regulatory",0
"epinion","legal_regulatory",0
"voxmeter","legal_regulatory",0
"novus","legal_regulatory",0
"taloustutkimus","legal_regulatory",0
"finngen","legal_regulatory",0
"decode_genetics","legal_regulatory",0
"signicat","legal_regulatory",0
"natcen","legal_regulatory",0
"understanding_society","legal_regulatory",0
"uk_data_service","legal_regulatory",0
"opinium","legal_regulatory",0
"survation","legal_regulatory",0
"deltapoll","legal_regulatory",0
"focaldata","legal_regulatory",0
"jl_partners","legal_regulatory",0
"more_in_common","legal_regulatory",0
"bmg_research","legal_regulatory",0
"signal_ai","legal_regulatory",0
"rezatec","legal_regulatory",0
"open_cosmos","legal_regulatory",0
"iproov","legal_regulatory",0
"truelayer","legal_regulatory",0
"yapily","legal_regulatory",0
"our_future_health","legal_regulatory",0
"lifebit","legal_regulatory",0
"ovilongwa","legal_regulatory",0
"star_awards_bwa","legal_regulatory",0
"igd_burkina","legal_regulatory",0
"gradis_burundi","legal_regulatory",0
"afrosondagem","legal_regulatory",0
"cible_cameroun","legal_regulatory",0
"laereag_tchad","legal_regulatory",0
"avenir_nepad_congo","legal_regulatory",0
"cofinco_comores","legal_regulatory",0
"zechlab","legal_regulatory",0
"qa_strategic_swz","legal_regulatory",0
"abcon_ethiopia","legal_regulatory",0
"cergep_gabon","legal_regulatory",0
"stat_view_guinea","legal_regulatory",0
"igpad_guinea_bissau","legal_regulatory",0
"advision_lesotho","legal_regulatory",0
"cdg_liberia","legal_regulatory",0
"coef_resources","legal_regulatory",0
"csr_malawi","legal_regulatory",0
"great_mali","legal_regulatory",0
"sista_consult","legal_regulatory",0
"straconsult_mus","legal_regulatory",0
"gsc_morocco","legal_regulatory",0
"cs_research_moz","legal_regulatory",0
"survey_warehouse","legal_regulatory",0
"lasdel_niger","legal_regulatory",0
"cres_senegal","legal_regulatory",0
"igr_sierra_leone","legal_regulatory",0
"sudan_polling_center","legal_regulatory",0
"repoa_tanzania","legal_regulatory",0
"crpd_gambia","legal_regulatory",0
"crop_togo","legal_regulatory",0
"hatchile_uganda","legal_regulatory",0
"cesor_zambia","legal_regulatory",0
"smile_identity","legal_regulatory",0
"zindi","legal_regulatory",0
"kartoza","legal_regulatory",0
"geoterraimage","legal_regulatory",0
"spatial_collective","legal_regulatory",0
"ramani_huria","legal_regulatory",0
"farmerline","legal_regulatory",0
"esoko","legal_regulatory",0
"sunculture","legal_regulatory",0
"thriveagric","legal_regulatory",0
"mono_nigeria","legal_regulatory",0
"stitch_za","legal_regulatory",0
"metropol_kenya","legal_regulatory",0
"crc_credit_bureau","legal_regulatory",0
"africa_check","legal_regulatory",0
"dubawa","legal_regulatory",0
"ilara_health","legal_regulatory",0
"jacaranda_health","legal_regulatory",0
"reelforge","legal_regulatory",0
"prembly","legal_regulatory",0
"youverify","legal_regulatory",0
"data_science_nigeria","legal_regulatory",0
"icog_labs","legal_regulatory",0
"lesan_ai","legal_regulatory",0
"kobo360","legal_regulatory",0
"lori_systems","legal_regulatory",0
"irsm_algeria","legal_regulatory",0
"cread_algeria","legal_regulatory",0
"optimar","legal_regulatory",0
"orc_arastirma","legal_regulatory",0
"avrasya_arastirma","legal_regulatory",0
"genar","legal_regulatory",0
"yoneylem","legal_regulatory",0
"sonar_arastirma","legal_regulatory",0
"gezici_arastirma","legal_regulatory",0
"mak_danismanlik","legal_regulatory",0
"piar_arastirma","legal_regulatory",0
"insider_tr","legal_regulatory",0
"acrps_doha","legal_regulatory",0
"sesri_qatar","legal_regulatory",0
"qcri","legal_regulatory",0
"sdaia","legal_regulatory",0
"elm_saudi","legal_regulatory",1
"saudi_space_agency","legal_regulatory",0
"simah","legal_regulatory",0
"derasat","legal_regulatory",0
"cri_lebanon","legal_regulatory",0
"infopro_lebanon","legal_regulatory",0
"albayan_iraq","legal_regulatory",0
"mas_palestine","legal_regulatory",0
"altibbi","legal_regulatory",0
"maqsam","legal_regulatory",0
"el_zanaty","legal_regulatory",0
"i_score_egypt","legal_regulatory",0
"intella_ai","legal_regulatory",0
"marocmetrie","legal_regulatory",0
"aarc_international","legal_regulatory",0
"chifco","legal_regulatory",0
"m42","legal_regulatory",0
"aecb","legal_regulatory",0
"derq","legal_regulatory",0
"israel_democracy_institute","legal_regulatory",0
"zencity","legal_regulatory",0
"cognyte","legal_regulatory",0
"ahri_south_africa","legal_regulatory",0
"agincourt_wits","legal_regulatory",0
"saprin","legal_regulatory",0
"aphrc","legal_regulatory",0
"kemri_wellcome","legal_regulatory",0
"ifakara_health","legal_regulatory",0
"manhica_cisim","legal_regulatory",0
"mrc_gambia","legal_regulatory",0
"navrongo_hrc","legal_regulatory",0
"rakai_health","legal_regulatory",0
"malawi_liverpool_wellcome","legal_regulatory",0
"cidrz","legal_regulatory",0
"kersa_hdss","legal_regulatory",0
"nouna_crsn","legal_regulatory",0
"apcc","legal_regulatory",0
"h3africa","legal_regulatory",0
"hsrc","legal_regulatory",0
"saldru","legal_regulatory",0
"datafirst","legal_regulatory",0
"isser_ghana","legal_regulatory",0
"eprc_uganda","legal_regulatory",0
"esrf_tanzania","legal_regulatory",0
"csea_nigeria","legal_regulatory",0
"pesacheck","legal_regulatory",0
"freshly_ground_insights","legal_regulatory",0
"columinate","legal_regulatory",0
"persian_cohort","legal_regulatory",0
"golestan_cohort","legal_regulatory",0
"qatar_biobank","legal_regulatory",0
"moroccan_genome","legal_regulatory",0
"afristat","legal_regulatory",0
"statafric","legal_regulatory",0
"afdb_statistics","legal_regulatory",0
"sanbi","legal_regulatory",0
"africas_talking","legal_regulatory",0
"onafriq","legal_regulatory",0
"cellulant","legal_regulatory",0
"codesria","legal_regulatory",0
"aerc","legal_regulatory",0
"pasgr","legal_regulatory",0
"iss_africa","legal_regulatory",0
"nextier_spd","legal_regulatory",0
"heritage_institute","legal_regulatory",0
"zeparu","legal_regulatory",0
"bidpa","legal_regulatory",0
"ippr_namibia","legal_regulatory",0
"nkafu","legal_regulatory",0
"cires_ivoire","legal_regulatory",0
"iese_mozambique","legal_regulatory",0
"zipar","legal_regulatory",0
"riwi","legal_regulatory",0
"pricestats","legal_regulatory",0
"soundthinking","legal_regulatory",0
"alphonso","legal_regulatory",0
"opensignal","legal_regulatory",0
"nexar","legal_regulatory",0
"geodnet","legal_regulatory",0
"wingbits","legal_regulatory",0
"flightradar24","legal_regulatory",0
"karya","legal_regulatory",0
"airwars","legal_regulatory",0
"mnemonic","legal_regulatory",0
"forensic_architecture","legal_regulatory",0
"atlas_ai","legal_regulatory",0
"fraym","legal_regulatory",0
"rs_metrics","legal_regulatory",0
"yodlee","legal_regulatory",0
"empatica","legal_regulatory",0
"sonde_health","legal_regulatory",0
"origin_wireless","legal_regulatory",0
"vayyar","legal_regulatory",0
"bidgely","legal_regulatory",0
"wildlife_insights","legal_regulatory",0
"atlan_space","legal_regulatory",0
"cellebrite","legal_regulatory",1
"nso_group","legal_regulatory",0
"candiru","legal_regulatory",0
"paragon_solutions","legal_regulatory",0
"kando","legal_regulatory",0
"beehero","legal_regulatory",0
"seetree","legal_regulatory",0
"lean_technologies","legal_regulatory",0
"ushahidi","legal_regulatory",0
"sunbird_ai","legal_regulatory",0
"terragon","legal_regulatory",0
"zenvus","legal_regulatory",0
"dataphyte","legal_regulatory",2
"berci","legal_regulatory",0
"iford","legal_regulatory",0
"iki_malawi","legal_regulatory",0
"jumo","legal_regulatory",0
"kifiya","legal_regulatory",0
"omnisient","legal_regulatory",0
"humangle","legal_regulatory",0
"timbuktu_institute","legal_regulatory",0
"ayin_network","legal_regulatory",0
"sudan_transparency","legal_regulatory",2
"ipsos","housing_property",0
"kantar","housing_property",0
"niq","housing_property",0
"circana","housing_property",0
"gallup","housing_property",0
"yougov","housing_property",0
"morning_consult","housing_property",0
"pew_research","housing_property",0
"verian","housing_property",0
"ipsos_mori_uk","housing_property",0
"savanta","housing_property",0
"system1_group","housing_property",0
"euromonitor","housing_property",0
"mintel","housing_property",0
"statista","housing_property",0
"m3_global_research","housing_property",0
"escalent","housing_property",0
"material_plus","housing_property",0
"c_space","housing_property",0
"hall_and_partners","housing_property",0
"appinio","housing_property",0
"attest","housing_property",0
"zappi","housing_property",0
"suzy","housing_property",0
"glimpse_ai","housing_property",0
"listen_labs","housing_property",0
"strella","housing_property",0
"outset_ai","housing_property",0
"cint","housing_property",0
"dynata","housing_property",0
"toluna","housing_property",0
"bilendi","housing_property",0
"norstat","housing_property",0
"prolific","housing_property",0
"cloudresearch","housing_property",0
"purespectrum","housing_property",0
"innovate_mr","housing_property",0
"prodege","housing_property",0
"disqo","housing_property",0
"rakuten_insight","housing_property",0
"borderless_access","housing_property",0
"milieu_insight","housing_property",0
"respondent_io","housing_property",0
"qualtrics","housing_property",0
"surveymonkey","housing_property",0
"alchemer","housing_property",0
"forsta","housing_property",0
"sawtooth_software","housing_property",0
"surveycto","housing_property",0
"kobotoolbox","housing_property",0
"odk","housing_property",0
"commcare_dimagi","housing_property",0
"ona","housing_property",0
"mwater","housing_property",0
"redcap","housing_property",0
"gorilla_sc","housing_property",0
"credamo","housing_property",0
"wenjuanxing","housing_property",0
"one_to_one_tunisia","housing_property",0
"sigma_conseil","housing_property",0
"emrhod_consulting","housing_property",0
"elka_consulting","housing_property",0
"bjka_consulting","housing_property",0
"lms_csa_maroc","housing_property",0
"baseera_egypt","housing_property",0
"pcpsr","housing_property",0
"awrad","housing_property",0
"nama_strategic","housing_property",0
"css_jordan","housing_property",0
"iiacss","housing_property",0
"parc_dubai","housing_property",0
"ispa_iran","housing_property",0
"gamaan","housing_property",0
"konda","housing_property",0
"metropoll","housing_property",0
"areda_survey","housing_property",0
"midgam_israel","housing_property",0
"ipanel_israel","housing_property",0
"arab_barometer","housing_property",0
"afrobarometer","housing_property",0
"cdd_ghana","housing_property",0
"ijr_south_africa","housing_property",0
"ids_nairobi","housing_property",0
"ireg_benin","housing_property",0
"infotrak","housing_property",0
"tifa_research","housing_property",0
"consumer_insight_africa","housing_property",0
"geopoll","housing_property",0
"sagaci_research","housing_property",0
"noipolls","housing_property",0
"sbm_intelligence","housing_property",0
"practical_sampling","housing_property",0
"ask_afrika","housing_property",0
"plus94_research","housing_property",0
"citizen_surveys","housing_property",0
"busara_center","housing_property",0
"ipa_research","housing_property",0
"jpal","housing_property",0
"laterite","housing_property",0
"sixty_decibels","housing_property",0
"lokniti_csds","housing_property",0
"cvoter","housing_property",0
"axis_my_india","housing_property",0
"hansa_research","housing_property",0
"q_and_q_research","housing_property",0
"outline_india","housing_property",0
"gallup_pakistan","housing_property",0
"lsi_indonesia","housing_property",0
"smrc_indonesia","housing_property",0
"indikator_politik","housing_property",0
"sws_philippines","housing_property",0
"pulse_asia","housing_property",0
"cimigo","housing_property",0
"q_and_me","housing_property",0
"indochina_research","housing_property",0
"deka_research","housing_property",0
"macromill","housing_property",0
"intage","housing_property",0
"nikkei_research","housing_property",0
"cross_marketing","housing_property",0
"embrain","housing_property",0
"hankook_research","housing_property",0
"realmeter","housing_property",0
"gallup_korea","housing_property",0
"horizon_china","housing_property",0
"ctr_china","housing_property",0
"csm_media","housing_property",0
"datafolha","housing_property",0
"ipec_brasil","housing_property",0
"quaest","housing_property",0
"atlasintel","housing_property",0
"consulta_mitofsky","housing_property",0
"enkoll","housing_property",0
"buendia_marquez","housing_property",0
"cadem","housing_property",0
"invamer","housing_property",0
"datexco","housing_property",0
"cid_gallup","housing_property",0
"poliarquia","housing_property",0
"latinobarometro","housing_property",0
"lapop","housing_property",0
"levada_center","housing_property",0
"vciom","housing_property",0
"fom_russia","housing_property",0
"russian_field","housing_property",0
"kiis","housing_property",0
"rating_group","housing_property",0
"razumkov_centre","housing_property",0
"info_sapiens","housing_property",0
"gradus_research","housing_property",0
"crrc","housing_property",0
"act_georgia","housing_property",0
"central_asia_barometer","housing_property",0
"m_vector","housing_property",0
"siar_research","housing_property",0
"ipm_belarus","housing_property",0
"roy_morgan","housing_property",0
"essential_research","housing_property",0
"oztam","housing_property",0
"barb_uk","housing_property",0
"mediametrie","housing_property",0
"barc_india","housing_property",0
"video_research_jp","housing_property",0
"numeris","housing_property",0
"scale_ai","housing_property",0
"surge_ai","housing_property",0
"mercor","housing_property",0
"handshake_ai","housing_property",0
"micro1","housing_property",0
"turing_com","housing_property",0
"invisible_tech","housing_property",0
"appen","housing_property",0
"toloka","housing_property",0
"telus_digital_ai","housing_property",0
"imerit","housing_property",0
"sama","housing_property",0
"cloudfactory","housing_property",0
"superannotate","housing_property",0
"labelbox","housing_property",0
"snorkel_ai","housing_property",0
"encord","housing_property",0
"v7_labs","housing_property",0
"kili_technology","housing_property",0
"dataloop","housing_property",0
"roboflow","housing_property",0
"defined_ai","housing_property",0
"shaip","housing_property",0
"innodata","housing_property",0
"transperfect_dataforce","housing_property",0
"speechocean","housing_property",0
"datatang","housing_property",0
"magic_data_tech","housing_property",0
"dataannotation_tech","housing_property",0
"pareto_ai","housing_property",0
"mturk","housing_property",0
"clickworker","housing_property",0
"premise_data","housing_property",0
"streetbees","housing_property",0
"roamler","housing_property",0
"field_agent","housing_property",0
"gigwalk","housing_property",0
"glg","housing_property",0
"third_bridge","housing_property",0
"guidepoint","housing_property",0
"alphasense","housing_property",0
"dialectica","housing_property",0
"bright_data","housing_property",0
"oxylabs","housing_property",0
"decodo","housing_property",0
"zyte","housing_property",0
"apify","housing_property",0
"firecrawl","housing_property",0
"tavily","housing_property",0
"diffbot","housing_property",0
"common_crawl","housing_property",0
"promptcloud","housing_property",0
"grepsr","housing_property",0
"nimble_data","housing_property",0
"coresignal","housing_property",0
"acxiom","housing_property",2
"experian","housing_property",0
"equifax","housing_property",1
"transunion","housing_property",0
"liveramp","housing_property",0
"epsilon","housing_property",0
"lexisnexis_risk","housing_property",0
"dun_bradstreet","housing_property",0
"cotality","housing_property",2
"verisk","housing_property",2
"crif","housing_property",0
"serasa_experian","housing_property",0
"spokeo","housing_property",2
"safegraph","housing_property",0
"placer_ai","housing_property",0
"veraset","housing_property",0
"unacast","housing_property",2
"foursquare","housing_property",0
"kochava_collective","housing_property",0
"azira","housing_property",0
"advan_research","housing_property",2
"huq_industries","housing_property",0
"predicio","housing_property",0
"positium","housing_property",0
"teralytics","housing_property",0
"orange_flux_vision","housing_property",0
"flowminder","housing_property",0
"planet_labs","housing_property",0
"vantor","housing_property",0
"blacksky","housing_property",0
"iceye","housing_property",0
"satellogic","housing_property",0
"capella_space","housing_property",0
"umbra_space","housing_property",0
"airbus_ds_geo","housing_property",0
"spire_global","housing_property",0
"ursa_space","housing_property",0
"pixxel","housing_property",0
"skyfi","housing_property",0
"earthdaily","housing_property",0
"satvu","housing_property",2
"ghgsat","housing_property",0
"kayrros","housing_property",0
"descartes_labs","housing_property",0
"spaceknow","housing_property",0
"synspective","housing_property",0
"axelspace","housing_property",0
"changguang","housing_property",0
"twentyone_at","housing_property",0
"tomorrow_io","housing_property",0
"windborne","housing_property",0
"saildrone","housing_property",0
"sofar_ocean","housing_property",0
"jupiter_intelligence","housing_property",2
"first_street","housing_property",2
"fathom_global","housing_property",1
"jba_risk","housing_property",1
"moodys_rms","housing_property",2
"mitiga_solutions","housing_property",0
"climateai","housing_property",0
"descartes_underwriting","housing_property",0
"sylvera","housing_property",0
"bezero_carbon","housing_property",0
"carbon_mapper","housing_property",0
"chloris_geospatial","housing_property",0
"nielsen","housing_property",0
"comscore","housing_property",0
"samba_tv","housing_property",0
"ispot_tv","housing_property",0
"videoamp","housing_property",0
"similarweb","housing_property",0
"sensor_tower","housing_property",0
"yipitdata","housing_property",0
"m_science","housing_property",0
"consumer_edge","housing_property",0
"earnest_analytics","housing_property",0
"facteus","housing_property",0
"measurable_ai","housing_property",0
"plaid","housing_property",0
"tink","housing_property",0
"kpler","housing_property",0
"vortexa","housing_property",0
"windward_ai","housing_property",0
"panjiva","housing_property",0
"importgenius","housing_property",0
"iqvia","housing_property",0
"komodo_health","housing_property",0
"truveta","housing_property",0
"healthverity","housing_property",0
"tempus_ai","housing_property",0
"datavant","housing_property",0
"flatiron_health","housing_property",0
"trinetx","housing_property",0
"picnichealth","housing_property",0
"evidation_health","housing_property",0
"medidata","housing_property",0
"veeva_crossix","housing_property",0
"definitive_healthcare","housing_property",0
"uk_biobank","housing_property",0
"bgi_genomics","housing_property",0
"samsara","housing_property",0
"geotab","housing_property",0
"inrix","housing_property",0
"tomtom","housing_property",0
"here_technologies","housing_property",0
"cambridge_mobile","housing_property",0
"arity","housing_property",0
"smartcar","housing_property",0
"high_mobility","housing_property",0
"dataminr","housing_property",0
"recorded_future","housing_property",0
"meltwater","housing_property",0
"brandwatch","housing_property",0
"talkwalker","housing_property",0
"sprinklr","housing_property",0
"graphika","housing_property",0
"babel_street","housing_property",0
"sayari","housing_property",0
"kharon","housing_property",0
"janes","housing_property",0
"acled","housing_property",0
"gdelt","housing_property",0
"bellingcat","housing_property",0
"newsguard","housing_property",0
"zoominfo","housing_property",0
"apollo_io","housing_property",0
"cognism","housing_property",0
"lusha","housing_property",0
"people_data_labs","housing_property",0
"opencorporates","housing_property",0
"moodys_bvd","housing_property",0
"pitchbook","housing_property",0
"crunchbase","housing_property",0
"tracxn","housing_property",0
"dealroom","housing_property",0
"numerator","housing_property",0
"profitero","housing_property",0
"dataweave","housing_property",0
"intelligence_node","housing_property",0
"trax_retail","housing_property",0
"dunnhumby","housing_property",0
"eightyfour_51","housing_property",0
"clearview_ai","housing_property",0
"pimeyes","housing_property",0
"tools_for_humanity","housing_property",0
"yoti","housing_property",0
"idemia","housing_property",0
"sensetime","housing_property",0
"megvii","housing_property",0
"hikvision","housing_property",0
"arab_advisors","housing_property",0
"asdaa_bcw","housing_property",0
"insight_discovery","housing_property",0
"ventures_middle_east","housing_property",0
"space42","housing_property",0
"presight_ai","housing_property",0
"lucidya","housing_property",0
"mozn","housing_property",0
"crowd_analyzer","housing_property",0
"tarjama","housing_property",0
"idsc_egypt","housing_property",0
"rada_research","housing_property",0
"statistics_lebanon","housing_property",0
"information_international","housing_property",0
"scpr_syria","housing_property",0
"yemen_polling_center","housing_property",0
"diwan_research","housing_property",0
"immar_rc","housing_property",0
"sunergia","housing_property",0
"iranpoll","housing_property",0
"turkiye_raporu","housing_property",0
"geocartography","housing_property",0
"near_east_consulting","housing_property",0
"jmcc","housing_property",0
"zogby_research","housing_property",0
"reach_initiative","housing_property",0
"acaps","housing_property",0
"afriksurvey","housing_property",0
"sagapoll","housing_property",0
"dalberg_research","housing_property",0
"stears","housing_property",0
"datalens_africa","housing_property",0
"creditregistry","housing_property",0
"indicina","housing_property",0
"africa_polling_institute","housing_property",0
"global_infoanalytics","housing_property",0
"amini","housing_property",0
"research_solutions_africa","housing_property",0
"msurvey","housing_property",0
"echo_mobile","housing_property",0
"viamo","housing_property",0
"twaweza","housing_property",0
"research_world_intl","housing_property",0
"charis_uas","housing_property",0
"digital_umuganda","housing_property",0
"somali_public_agenda","housing_property",0
"mpoi_zimbabwe","housing_property",0
"social_research_foundation","housing_property",0
"eighty20","housing_property",1
"lightstone","housing_property",2
"lelapa_ai","housing_property",0
"masakhane","housing_property",0
"awarri","housing_property",0
"romir","housing_property",0
"mediascope","housing_property",0
"ipsos_comcon","housing_property",0
"tiburon_research","housing_property",0
"anketolog","housing_property",0
"sberindex","housing_property",0
"yandex_data","housing_property",0
"baw_belarus","housing_property",0
"bisam","housing_property",0
"demoscope_kz","housing_property",0
"ijtimoiy_fikr","housing_property",0
"questmobile","housing_property",0
"analysys_yiguan","housing_property",0
"iimedia","housing_property",0
"talkingdata","housing_property",0
"aurora_mobile","housing_property",0
"miaozhen_admaster","housing_property",0
"qichacha","housing_property",0
"tianyancha","housing_property",0
"wind_information","housing_property",0
"intron_health","housing_property",0
"african_languages_lab","housing_property",0
"aflabox","housing_property",0
"tolbi","housing_property",0
"soko_aerial","housing_property",0
"geoinfotech","housing_property",0
"helium_health","housing_property",0
"pula","housing_property",0
"apollo_agriculture","housing_property",0
"hello_tractor","housing_property",0
"mpharma","housing_property",0
"ehealth_africa","housing_property",0
"lacuna_fund","housing_property",0
"makerere_ai","housing_property",0
"cntxt_ai","housing_property",0
"arabic_ai","housing_property",0
"aydi","housing_property",0
"widebot","housing_property",0
"mawdoo3","housing_property",0
"aaru","housing_property",0
"simile","housing_property",0
"conveo","housing_property",0
"perspective_ai","housing_property",0
"theysaid","housing_property",0
"versive","housing_property",0
"hivemapper","housing_property",0
"dimo","housing_property",0
"weatherxm","housing_property",0
"nova_labs_helium","housing_property",0
"safecast","housing_property",0
"biobot","housing_property",0
"verily","housing_property",0
"wastewaterscan","housing_property",0
"hawkeye_360","housing_property",0
"unseenlabs","housing_property",0
"kleos_space","housing_property",0
"naturemetrics","housing_property",0
"rainforest_connection","housing_property",0
"fugro","housing_property",0
"clarity_movement","housing_property",0
"aclima","housing_property",0
"nuview","housing_property",0
"orbital_sidekick","housing_property",0
"wyvern","housing_property",0
"hydrosat","housing_property",0
"muon_space","housing_property",0
"myriota","housing_property",0
"astrocast","housing_property",0
"nearmap","housing_property",2
"vexcel_imaging","housing_property",2
"airqo","housing_property",0
"code_for_africa","housing_property",0
"aerobotics","housing_property",0
"ujuzikilimo","housing_property",0
"robocare","housing_property",0
"astral_aerial","housing_property",0
"earthranger","housing_property",0
"falcon_eye_drones","housing_property",0
"falcon_3d","housing_property",2
"digital_earth_africa","housing_property",0
"sansa","housing_property",0
"nasrda","housing_property",0
"egsa","housing_property",0
"kenya_space_agency","housing_property",0
"essti","housing_property",0
"mbrsc","housing_property",0
"tubitak_uzay","housing_property",0
"imagesat","housing_property",0
"taranis","housing_property",0
"agritask","housing_property",0
"asterra","housing_property",1
"norc","housing_property",0
"westat","housing_property",0
"rti_international","housing_property",0
"mathematica","housing_property",0
"abt_global","housing_property",0
"ssrs","housing_property",0
"icf_international","housing_property",0
"quinnipiac_poll","housing_property",0
"marist_poll","housing_property",0
"monmouth_poll","housing_property",0
"siena_research","housing_property",0
"emerson_polling","housing_property",0
"surveyusa","housing_property",0
"prri","housing_property",0
"ap_norc","housing_property",0
"civiqs","housing_property",0
"echelon_insights","housing_property",0
"data_for_progress","housing_property",0
"cygnal","housing_property",0
"leger","housing_property",0
"angus_reid_institute","housing_property",0
"nanos_research","housing_property",0
"ekos_research","housing_property",0
"abacus_data","housing_property",0
"environics_research","housing_property",0
"skywatch","housing_property",0
"mda_space","housing_property",0
"ecopia_ai","housing_property",1
"farmers_edge","housing_property",0
"deveron","housing_property",0
"semios","housing_property",0
"bluedot","housing_property",0
"local_logic","housing_property",2
"riskthinking_ai","housing_property",0
"triton_digital","housing_property",0
"descartes_datamyne","housing_property",0
"browse_ai","housing_property",0
"internet_archive","housing_property",0
"exa_ai","housing_property",0
"altana","housing_property",0
"project44","housing_property",0
"fourkites","housing_property",0
"clear_secure","housing_property",0
"id_me","housing_property",0
"socure","housing_property",0
"observa","housing_property",0
"ookla","housing_property",0
"purpleair","housing_property",0
"motive","housing_property",0
"lytx","housing_property",0
"catalina_marketing","housing_property",0
"inmar_intelligence","housing_property",0
"data_axle","housing_property",0
"bombora","housing_property",0
"thinknum","housing_property",0
"om1","housing_property",0
"verana_health","housing_property",0
"atropos_health","housing_property",0
"aetion","housing_property",0
"edison_research","housing_property",0
"luminate_data","housing_property",0
"flashpoint","housing_property",0
"zignal_labs","housing_property",0
"albedo","housing_property",0
"centaur_labs","housing_property",0
"fulcrum_app","housing_property",0
"rep_data","housing_property",0
"understanding_america","housing_property",0
"forsa","housing_property",0
"infratest_dimap","housing_property",0
"allensbach","housing_property",0
"civey","housing_property",0
"insa_consulere","housing_property",0
"infas","housing_property",0
"gesis","housing_property",0
"soep_diw","housing_property",0
"ororatech","housing_property",0
"liveeo","housing_property",0
"constellr","housing_property",0
"limesurvey","housing_property",0
"agf_videoforschung","housing_property",0
"ifop","housing_property",0
"opinionway","housing_property",0
"bva_xsight","housing_property",0
"elabe","housing_property",0
"odoxa","housing_property",0
"csa_research","housing_property",0
"credoc","housing_property",0
"scrapingbee","housing_property",0
"shippeo","housing_property",0
"owkin","housing_property",0
"doxa","housing_property",0
"swg_italia","housing_property",0
"cerved","housing_property",0
"auditel_italia","housing_property",0
"e_geos","housing_property",0
"planetek_italia","housing_property",0
"sigma_dos","housing_property",0
"gad3","housing_property",0
"metroscopia","housing_property",0
"cuarenta_db","housing_property",0
"kido_dynamics","housing_property",0
"deimos_imaging","housing_property",0
"marktest","housing_property",0
"intercampus","housing_property",0
"metron_analysis","housing_property",0
"kapa_research","housing_property",0
"marinetraffic","housing_property",0
"kieskompas","housing_property",0
"io_research","housing_property",1
"motivaction","housing_property",0
"nipo_nfield","housing_property",0
"lifelines","housing_property",0
"ivox","housing_property",0
"sora_institute","housing_property",0
"gfs_bern","housing_property",0
"sotomo","housing_property",0
"link_institut","housing_property",0
"red_c","housing_property",0
"epinion","housing_property",0
"voxmeter","housing_property",0
"novus","housing_property",0
"taloustutkimus","housing_property",0
"finngen","housing_property",0
"decode_genetics","housing_property",0
"signicat","housing_property",0
"natcen","housing_property",0
"understanding_society","housing_property",1
"uk_data_service","housing_property",0
"opinium","housing_property",0
"survation","housing_property",0
"deltapoll","housing_property",0
"focaldata","housing_property",0
"jl_partners","housing_property",0
"more_in_common","housing_property",0
"bmg_research","housing_property",0
"signal_ai","housing_property",0
"rezatec","housing_property",0
"open_cosmos","housing_property",0
"iproov","housing_property",0
"truelayer","housing_property",0
"yapily","housing_property",0
"our_future_health","housing_property",0
"lifebit","housing_property",0
"ovilongwa","housing_property",0
"star_awards_bwa","housing_property",0
"igd_burkina","housing_property",0
"gradis_burundi","housing_property",0
"afrosondagem","housing_property",0
"cible_cameroun","housing_property",0
"laereag_tchad","housing_property",0
"avenir_nepad_congo","housing_property",0
"cofinco_comores","housing_property",0
"zechlab","housing_property",0
"qa_strategic_swz","housing_property",0
"abcon_ethiopia","housing_property",0
"cergep_gabon","housing_property",0
"stat_view_guinea","housing_property",0
"igpad_guinea_bissau","housing_property",0
"advision_lesotho","housing_property",0
"cdg_liberia","housing_property",0
"coef_resources","housing_property",0
"csr_malawi","housing_property",0
"great_mali","housing_property",0
"sista_consult","housing_property",0
"straconsult_mus","housing_property",0
"gsc_morocco","housing_property",0
"cs_research_moz","housing_property",0
"survey_warehouse","housing_property",0
"lasdel_niger","housing_property",0
"cres_senegal","housing_property",0
"igr_sierra_leone","housing_property",0
"sudan_polling_center","housing_property",0
"repoa_tanzania","housing_property",0
"crpd_gambia","housing_property",0
"crop_togo","housing_property",0
"hatchile_uganda","housing_property",0
"cesor_zambia","housing_property",0
"smile_identity","housing_property",0
"zindi","housing_property",0
"kartoza","housing_property",0
"geoterraimage","housing_property",1
"spatial_collective","housing_property",2
"ramani_huria","housing_property",1
"farmerline","housing_property",0
"esoko","housing_property",0
"sunculture","housing_property",0
"thriveagric","housing_property",0
"mono_nigeria","housing_property",0
"stitch_za","housing_property",0
"metropol_kenya","housing_property",0
"crc_credit_bureau","housing_property",0
"africa_check","housing_property",0
"dubawa","housing_property",0
"ilara_health","housing_property",0
"jacaranda_health","housing_property",0
"reelforge","housing_property",0
"prembly","housing_property",0
"youverify","housing_property",0
"data_science_nigeria","housing_property",0
"icog_labs","housing_property",0
"lesan_ai","housing_property",0
"kobo360","housing_property",0
"lori_systems","housing_property",0
"irsm_algeria","housing_property",0
"cread_algeria","housing_property",0
"optimar","housing_property",0
"orc_arastirma","housing_property",0
"avrasya_arastirma","housing_property",0
"genar","housing_property",0
"yoneylem","housing_property",0
"sonar_arastirma","housing_property",0
"gezici_arastirma","housing_property",0
"mak_danismanlik","housing_property",0
"piar_arastirma","housing_property",0
"insider_tr","housing_property",0
"acrps_doha","housing_property",0
"sesri_qatar","housing_property",0
"qcri","housing_property",0
"sdaia","housing_property",0
"elm_saudi","housing_property",0
"saudi_space_agency","housing_property",0
"simah","housing_property",0
"derasat","housing_property",0
"cri_lebanon","housing_property",1
"infopro_lebanon","housing_property",0
"albayan_iraq","housing_property",0
"mas_palestine","housing_property",0
"altibbi","housing_property",0
"maqsam","housing_property",0
"el_zanaty","housing_property",0
"i_score_egypt","housing_property",0
"intella_ai","housing_property",0
"marocmetrie","housing_property",0
"aarc_international","housing_property",0
"chifco","housing_property",0
"m42","housing_property",0
"aecb","housing_property",0
"derq","housing_property",0
"israel_democracy_institute","housing_property",0
"zencity","housing_property",0
"cognyte","housing_property",0
"ahri_south_africa","housing_property",0
"agincourt_wits","housing_property",0
"saprin","housing_property",0
"aphrc","housing_property",0
"kemri_wellcome","housing_property",0
"ifakara_health","housing_property",0
"manhica_cisim","housing_property",0
"mrc_gambia","housing_property",0
"navrongo_hrc","housing_property",0
"rakai_health","housing_property",0
"malawi_liverpool_wellcome","housing_property",0
"cidrz","housing_property",0
"kersa_hdss","housing_property",0
"nouna_crsn","housing_property",0
"apcc","housing_property",0
"h3africa","housing_property",0
"hsrc","housing_property",0
"saldru","housing_property",2
"datafirst","housing_property",0
"isser_ghana","housing_property",0
"eprc_uganda","housing_property",0
"esrf_tanzania","housing_property",0
"csea_nigeria","housing_property",0
"pesacheck","housing_property",0
"freshly_ground_insights","housing_property",0
"columinate","housing_property",0
"persian_cohort","housing_property",0
"golestan_cohort","housing_property",0
"qatar_biobank","housing_property",0
"moroccan_genome","housing_property",0
"afristat","housing_property",0
"statafric","housing_property",0
"afdb_statistics","housing_property",0
"sanbi","housing_property",0
"africas_talking","housing_property",0
"onafriq","housing_property",0
"cellulant","housing_property",0
"codesria","housing_property",0
"aerc","housing_property",0
"pasgr","housing_property",0
"iss_africa","housing_property",0
"nextier_spd","housing_property",0
"heritage_institute","housing_property",0
"zeparu","housing_property",0
"bidpa","housing_property",0
"ippr_namibia","housing_property",0
"nkafu","housing_property",0
"cires_ivoire","housing_property",0
"iese_mozambique","housing_property",0
"zipar","housing_property",0
"riwi","housing_property",0
"pricestats","housing_property",0
"soundthinking","housing_property",0
"alphonso","housing_property",0
"opensignal","housing_property",0
"nexar","housing_property",0
"geodnet","housing_property",0
"wingbits","housing_property",0
"flightradar24","housing_property",0
"karya","housing_property",0
"airwars","housing_property",0
"mnemonic","housing_property",0
"forensic_architecture","housing_property",0
"atlas_ai","housing_property",0
"fraym","housing_property",0
"rs_metrics","housing_property",0
"yodlee","housing_property",0
"empatica","housing_property",0
"sonde_health","housing_property",0
"origin_wireless","housing_property",2
"vayyar","housing_property",1
"bidgely","housing_property",1
"wildlife_insights","housing_property",0
"atlan_space","housing_property",0
"cellebrite","housing_property",0
"nso_group","housing_property",0
"candiru","housing_property",0
"paragon_solutions","housing_property",0
"kando","housing_property",0
"beehero","housing_property",0
"seetree","housing_property",0
"lean_technologies","housing_property",0
"ushahidi","housing_property",0
"sunbird_ai","housing_property",0
"terragon","housing_property",0
"zenvus","housing_property",0
"dataphyte","housing_property",0
"berci","housing_property",0
"iford","housing_property",0
"iki_malawi","housing_property",0
"jumo","housing_property",0
"kifiya","housing_property",0
"omnisient","housing_property",0
"humangle","housing_property",0
"timbuktu_institute","housing_property",0
"ayin_network","housing_property",0
"sudan_transparency","housing_property",0
"ipsos","infrastructure",0
"kantar","infrastructure",0
"niq","infrastructure",0
"circana","infrastructure",0
"gallup","infrastructure",0
"yougov","infrastructure",0
"morning_consult","infrastructure",0
"pew_research","infrastructure",0
"verian","infrastructure",0
"ipsos_mori_uk","infrastructure",0
"savanta","infrastructure",0
"system1_group","infrastructure",0
"euromonitor","infrastructure",0
"mintel","infrastructure",0
"statista","infrastructure",0
"m3_global_research","infrastructure",0
"escalent","infrastructure",0
"material_plus","infrastructure",0
"c_space","infrastructure",0
"hall_and_partners","infrastructure",0
"appinio","infrastructure",0
"attest","infrastructure",0
"zappi","infrastructure",0
"suzy","infrastructure",0
"glimpse_ai","infrastructure",0
"listen_labs","infrastructure",0
"strella","infrastructure",0
"outset_ai","infrastructure",0
"cint","infrastructure",0
"dynata","infrastructure",0
"toluna","infrastructure",0
"bilendi","infrastructure",0
"norstat","infrastructure",0
"prolific","infrastructure",0
"cloudresearch","infrastructure",0
"purespectrum","infrastructure",0
"innovate_mr","infrastructure",0
"prodege","infrastructure",0
"disqo","infrastructure",0
"rakuten_insight","infrastructure",0
"borderless_access","infrastructure",0
"milieu_insight","infrastructure",0
"respondent_io","infrastructure",0
"qualtrics","infrastructure",0
"surveymonkey","infrastructure",0
"alchemer","infrastructure",0
"forsta","infrastructure",0
"sawtooth_software","infrastructure",0
"surveycto","infrastructure",0
"kobotoolbox","infrastructure",0
"odk","infrastructure",0
"commcare_dimagi","infrastructure",0
"ona","infrastructure",0
"mwater","infrastructure",1
"redcap","infrastructure",0
"gorilla_sc","infrastructure",0
"credamo","infrastructure",0
"wenjuanxing","infrastructure",0
"one_to_one_tunisia","infrastructure",0
"sigma_conseil","infrastructure",0
"emrhod_consulting","infrastructure",0
"elka_consulting","infrastructure",0
"bjka_consulting","infrastructure",0
"lms_csa_maroc","infrastructure",0
"baseera_egypt","infrastructure",0
"pcpsr","infrastructure",0
"awrad","infrastructure",0
"nama_strategic","infrastructure",0
"css_jordan","infrastructure",0
"iiacss","infrastructure",0
"parc_dubai","infrastructure",0
"ispa_iran","infrastructure",0
"gamaan","infrastructure",0
"konda","infrastructure",0
"metropoll","infrastructure",0
"areda_survey","infrastructure",0
"midgam_israel","infrastructure",0
"ipanel_israel","infrastructure",0
"arab_barometer","infrastructure",0
"afrobarometer","infrastructure",0
"cdd_ghana","infrastructure",0
"ijr_south_africa","infrastructure",0
"ids_nairobi","infrastructure",0
"ireg_benin","infrastructure",0
"infotrak","infrastructure",0
"tifa_research","infrastructure",0
"consumer_insight_africa","infrastructure",0
"geopoll","infrastructure",0
"sagaci_research","infrastructure",0
"noipolls","infrastructure",0
"sbm_intelligence","infrastructure",0
"practical_sampling","infrastructure",0
"ask_afrika","infrastructure",0
"plus94_research","infrastructure",0
"citizen_surveys","infrastructure",0
"busara_center","infrastructure",0
"ipa_research","infrastructure",0
"jpal","infrastructure",0
"laterite","infrastructure",0
"sixty_decibels","infrastructure",0
"lokniti_csds","infrastructure",0
"cvoter","infrastructure",0
"axis_my_india","infrastructure",0
"hansa_research","infrastructure",0
"q_and_q_research","infrastructure",0
"outline_india","infrastructure",0
"gallup_pakistan","infrastructure",0
"lsi_indonesia","infrastructure",0
"smrc_indonesia","infrastructure",0
"indikator_politik","infrastructure",0
"sws_philippines","infrastructure",0
"pulse_asia","infrastructure",0
"cimigo","infrastructure",0
"q_and_me","infrastructure",0
"indochina_research","infrastructure",0
"deka_research","infrastructure",0
"macromill","infrastructure",0
"intage","infrastructure",0
"nikkei_research","infrastructure",0
"cross_marketing","infrastructure",0
"embrain","infrastructure",0
"hankook_research","infrastructure",0
"realmeter","infrastructure",0
"gallup_korea","infrastructure",0
"horizon_china","infrastructure",0
"ctr_china","infrastructure",0
"csm_media","infrastructure",0
"datafolha","infrastructure",0
"ipec_brasil","infrastructure",0
"quaest","infrastructure",0
"atlasintel","infrastructure",0
"consulta_mitofsky","infrastructure",0
"enkoll","infrastructure",0
"buendia_marquez","infrastructure",0
"cadem","infrastructure",0
"invamer","infrastructure",0
"datexco","infrastructure",0
"cid_gallup","infrastructure",0
"poliarquia","infrastructure",0
"latinobarometro","infrastructure",0
"lapop","infrastructure",0
"levada_center","infrastructure",0
"vciom","infrastructure",0
"fom_russia","infrastructure",0
"russian_field","infrastructure",0
"kiis","infrastructure",0
"rating_group","infrastructure",0
"razumkov_centre","infrastructure",0
"info_sapiens","infrastructure",0
"gradus_research","infrastructure",0
"crrc","infrastructure",0
"act_georgia","infrastructure",0
"central_asia_barometer","infrastructure",0
"m_vector","infrastructure",0
"siar_research","infrastructure",0
"ipm_belarus","infrastructure",0
"roy_morgan","infrastructure",0
"essential_research","infrastructure",0
"oztam","infrastructure",0
"barb_uk","infrastructure",0
"mediametrie","infrastructure",0
"barc_india","infrastructure",0
"video_research_jp","infrastructure",0
"numeris","infrastructure",0
"scale_ai","infrastructure",0
"surge_ai","infrastructure",0
"mercor","infrastructure",0
"handshake_ai","infrastructure",0
"micro1","infrastructure",0
"turing_com","infrastructure",0
"invisible_tech","infrastructure",0
"appen","infrastructure",0
"toloka","infrastructure",0
"telus_digital_ai","infrastructure",0
"imerit","infrastructure",0
"sama","infrastructure",0
"cloudfactory","infrastructure",0
"superannotate","infrastructure",0
"labelbox","infrastructure",0
"snorkel_ai","infrastructure",0
"encord","infrastructure",0
"v7_labs","infrastructure",0
"kili_technology","infrastructure",0
"dataloop","infrastructure",0
"roboflow","infrastructure",0
"defined_ai","infrastructure",0
"shaip","infrastructure",0
"innodata","infrastructure",0
"transperfect_dataforce","infrastructure",0
"speechocean","infrastructure",0
"datatang","infrastructure",0
"magic_data_tech","infrastructure",0
"dataannotation_tech","infrastructure",0
"pareto_ai","infrastructure",0
"mturk","infrastructure",0
"clickworker","infrastructure",0
"premise_data","infrastructure",1
"streetbees","infrastructure",0
"roamler","infrastructure",0
"field_agent","infrastructure",0
"gigwalk","infrastructure",0
"glg","infrastructure",0
"third_bridge","infrastructure",0
"guidepoint","infrastructure",0
"alphasense","infrastructure",0
"dialectica","infrastructure",0
"bright_data","infrastructure",0
"oxylabs","infrastructure",0
"decodo","infrastructure",0
"zyte","infrastructure",0
"apify","infrastructure",0
"firecrawl","infrastructure",0
"tavily","infrastructure",0
"diffbot","infrastructure",0
"common_crawl","infrastructure",0
"promptcloud","infrastructure",0
"grepsr","infrastructure",0
"nimble_data","infrastructure",0
"coresignal","infrastructure",0
"acxiom","infrastructure",0
"experian","infrastructure",0
"equifax","infrastructure",0
"transunion","infrastructure",0
"liveramp","infrastructure",0
"epsilon","infrastructure",0
"lexisnexis_risk","infrastructure",0
"dun_bradstreet","infrastructure",0
"cotality","infrastructure",0
"verisk","infrastructure",0
"crif","infrastructure",0
"serasa_experian","infrastructure",0
"spokeo","infrastructure",0
"safegraph","infrastructure",0
"placer_ai","infrastructure",0
"veraset","infrastructure",0
"unacast","infrastructure",0
"foursquare","infrastructure",0
"kochava_collective","infrastructure",0
"azira","infrastructure",0
"advan_research","infrastructure",0
"huq_industries","infrastructure",0
"predicio","infrastructure",0
"positium","infrastructure",0
"teralytics","infrastructure",0
"orange_flux_vision","infrastructure",0
"flowminder","infrastructure",0
"planet_labs","infrastructure",0
"vantor","infrastructure",1
"blacksky","infrastructure",0
"iceye","infrastructure",0
"satellogic","infrastructure",0
"capella_space","infrastructure",0
"umbra_space","infrastructure",0
"airbus_ds_geo","infrastructure",0
"spire_global","infrastructure",0
"ursa_space","infrastructure",0
"pixxel","infrastructure",0
"skyfi","infrastructure",0
"earthdaily","infrastructure",0
"satvu","infrastructure",0
"ghgsat","infrastructure",0
"kayrros","infrastructure",0
"descartes_labs","infrastructure",0
"spaceknow","infrastructure",0
"synspective","infrastructure",1
"axelspace","infrastructure",0
"changguang","infrastructure",0
"twentyone_at","infrastructure",0
"tomorrow_io","infrastructure",0
"windborne","infrastructure",0
"saildrone","infrastructure",0
"sofar_ocean","infrastructure",0
"jupiter_intelligence","infrastructure",0
"first_street","infrastructure",0
"fathom_global","infrastructure",0
"jba_risk","infrastructure",0
"moodys_rms","infrastructure",0
"mitiga_solutions","infrastructure",0
"climateai","infrastructure",0
"descartes_underwriting","infrastructure",0
"sylvera","infrastructure",0
"bezero_carbon","infrastructure",0
"carbon_mapper","infrastructure",0
"chloris_geospatial","infrastructure",0
"nielsen","infrastructure",0
"comscore","infrastructure",0
"samba_tv","infrastructure",0
"ispot_tv","infrastructure",0
"videoamp","infrastructure",0
"similarweb","infrastructure",0
"sensor_tower","infrastructure",0
"yipitdata","infrastructure",0
"m_science","infrastructure",0
"consumer_edge","infrastructure",0
"earnest_analytics","infrastructure",0
"facteus","infrastructure",0
"measurable_ai","infrastructure",0
"plaid","infrastructure",0
"tink","infrastructure",0
"kpler","infrastructure",0
"vortexa","infrastructure",0
"windward_ai","infrastructure",0
"panjiva","infrastructure",0
"importgenius","infrastructure",0
"iqvia","infrastructure",0
"komodo_health","infrastructure",0
"truveta","infrastructure",0
"healthverity","infrastructure",0
"tempus_ai","infrastructure",0
"datavant","infrastructure",0
"flatiron_health","infrastructure",0
"trinetx","infrastructure",0
"picnichealth","infrastructure",0
"evidation_health","infrastructure",0
"medidata","infrastructure",0
"veeva_crossix","infrastructure",0
"definitive_healthcare","infrastructure",0
"uk_biobank","infrastructure",0
"bgi_genomics","infrastructure",0
"samsara","infrastructure",0
"geotab","infrastructure",0
"inrix","infrastructure",0
"tomtom","infrastructure",0
"here_technologies","infrastructure",0
"cambridge_mobile","infrastructure",0
"arity","infrastructure",0
"smartcar","infrastructure",0
"high_mobility","infrastructure",0
"dataminr","infrastructure",0
"recorded_future","infrastructure",0
"meltwater","infrastructure",0
"brandwatch","infrastructure",0
"talkwalker","infrastructure",0
"sprinklr","infrastructure",0
"graphika","infrastructure",0
"babel_street","infrastructure",0
"sayari","infrastructure",0
"kharon","infrastructure",0
"janes","infrastructure",0
"acled","infrastructure",0
"gdelt","infrastructure",0
"bellingcat","infrastructure",0
"newsguard","infrastructure",0
"zoominfo","infrastructure",0
"apollo_io","infrastructure",0
"cognism","infrastructure",0
"lusha","infrastructure",0
"people_data_labs","infrastructure",0
"opencorporates","infrastructure",0
"moodys_bvd","infrastructure",0
"pitchbook","infrastructure",0
"crunchbase","infrastructure",0
"tracxn","infrastructure",0
"dealroom","infrastructure",0
"numerator","infrastructure",0
"profitero","infrastructure",0
"dataweave","infrastructure",0
"intelligence_node","infrastructure",0
"trax_retail","infrastructure",0
"dunnhumby","infrastructure",0
"eightyfour_51","infrastructure",0
"clearview_ai","infrastructure",0
"pimeyes","infrastructure",0
"tools_for_humanity","infrastructure",0
"yoti","infrastructure",0
"idemia","infrastructure",0
"sensetime","infrastructure",0
"megvii","infrastructure",0
"hikvision","infrastructure",0
"arab_advisors","infrastructure",0
"asdaa_bcw","infrastructure",0
"insight_discovery","infrastructure",0
"ventures_middle_east","infrastructure",2
"space42","infrastructure",2
"presight_ai","infrastructure",0
"lucidya","infrastructure",0
"mozn","infrastructure",0
"crowd_analyzer","infrastructure",0
"tarjama","infrastructure",0
"idsc_egypt","infrastructure",0
"rada_research","infrastructure",0
"statistics_lebanon","infrastructure",0
"information_international","infrastructure",0
"scpr_syria","infrastructure",0
"yemen_polling_center","infrastructure",0
"diwan_research","infrastructure",0
"immar_rc","infrastructure",0
"sunergia","infrastructure",0
"iranpoll","infrastructure",0
"turkiye_raporu","infrastructure",0
"geocartography","infrastructure",0
"near_east_consulting","infrastructure",0
"jmcc","infrastructure",0
"zogby_research","infrastructure",0
"reach_initiative","infrastructure",1
"acaps","infrastructure",0
"afriksurvey","infrastructure",0
"sagapoll","infrastructure",0
"dalberg_research","infrastructure",0
"stears","infrastructure",0
"datalens_africa","infrastructure",0
"creditregistry","infrastructure",0
"indicina","infrastructure",0
"africa_polling_institute","infrastructure",0
"global_infoanalytics","infrastructure",0
"amini","infrastructure",0
"research_solutions_africa","infrastructure",0
"msurvey","infrastructure",0
"echo_mobile","infrastructure",0
"viamo","infrastructure",0
"twaweza","infrastructure",0
"research_world_intl","infrastructure",0
"charis_uas","infrastructure",1
"digital_umuganda","infrastructure",0
"somali_public_agenda","infrastructure",0
"mpoi_zimbabwe","infrastructure",0
"social_research_foundation","infrastructure",0
"eighty20","infrastructure",0
"lightstone","infrastructure",0
"lelapa_ai","infrastructure",0
"masakhane","infrastructure",0
"awarri","infrastructure",0
"romir","infrastructure",0
"mediascope","infrastructure",0
"ipsos_comcon","infrastructure",0
"tiburon_research","infrastructure",0
"anketolog","infrastructure",0
"sberindex","infrastructure",0
"yandex_data","infrastructure",0
"baw_belarus","infrastructure",0
"bisam","infrastructure",0
"demoscope_kz","infrastructure",0
"ijtimoiy_fikr","infrastructure",0
"questmobile","infrastructure",0
"analysys_yiguan","infrastructure",0
"iimedia","infrastructure",0
"talkingdata","infrastructure",0
"aurora_mobile","infrastructure",0
"miaozhen_admaster","infrastructure",0
"qichacha","infrastructure",0
"tianyancha","infrastructure",0
"wind_information","infrastructure",0
"intron_health","infrastructure",0
"african_languages_lab","infrastructure",0
"aflabox","infrastructure",0
"tolbi","infrastructure",0
"soko_aerial","infrastructure",1
"geoinfotech","infrastructure",2
"helium_health","infrastructure",0
"pula","infrastructure",0
"apollo_agriculture","infrastructure",0
"hello_tractor","infrastructure",0
"mpharma","infrastructure",0
"ehealth_africa","infrastructure",2
"lacuna_fund","infrastructure",0
"makerere_ai","infrastructure",0
"cntxt_ai","infrastructure",0
"arabic_ai","infrastructure",0
"aydi","infrastructure",0
"widebot","infrastructure",0
"mawdoo3","infrastructure",0
"aaru","infrastructure",0
"simile","infrastructure",0
"conveo","infrastructure",0
"perspective_ai","infrastructure",0
"theysaid","infrastructure",0
"versive","infrastructure",0
"hivemapper","infrastructure",1
"dimo","infrastructure",0
"weatherxm","infrastructure",0
"nova_labs_helium","infrastructure",2
"safecast","infrastructure",0
"biobot","infrastructure",0
"verily","infrastructure",0
"wastewaterscan","infrastructure",0
"hawkeye_360","infrastructure",1
"unseenlabs","infrastructure",0
"kleos_space","infrastructure",0
"naturemetrics","infrastructure",0
"rainforest_connection","infrastructure",0
"fugro","infrastructure",2
"clarity_movement","infrastructure",0
"aclima","infrastructure",0
"nuview","infrastructure",2
"orbital_sidekick","infrastructure",1
"wyvern","infrastructure",0
"hydrosat","infrastructure",0
"muon_space","infrastructure",0
"myriota","infrastructure",0
"astrocast","infrastructure",0
"nearmap","infrastructure",1
"vexcel_imaging","infrastructure",1
"airqo","infrastructure",1
"code_for_africa","infrastructure",0
"aerobotics","infrastructure",0
"ujuzikilimo","infrastructure",0
"robocare","infrastructure",0
"astral_aerial","infrastructure",1
"earthranger","infrastructure",0
"falcon_eye_drones","infrastructure",2
"falcon_3d","infrastructure",2
"digital_earth_africa","infrastructure",1
"sansa","infrastructure",1
"nasrda","infrastructure",1
"egsa","infrastructure",1
"kenya_space_agency","infrastructure",0
"essti","infrastructure",0
"mbrsc","infrastructure",2
"tubitak_uzay","infrastructure",0
"imagesat","infrastructure",1
"taranis","infrastructure",0
"agritask","infrastructure",0
"asterra","infrastructure",2
"norc","infrastructure",0
"westat","infrastructure",0
"rti_international","infrastructure",0
"mathematica","infrastructure",0
"abt_global","infrastructure",0
"ssrs","infrastructure",0
"icf_international","infrastructure",0
"quinnipiac_poll","infrastructure",0
"marist_poll","infrastructure",0
"monmouth_poll","infrastructure",0
"siena_research","infrastructure",0
"emerson_polling","infrastructure",0
"surveyusa","infrastructure",0
"prri","infrastructure",0
"ap_norc","infrastructure",0
"civiqs","infrastructure",0
"echelon_insights","infrastructure",0
"data_for_progress","infrastructure",0
"cygnal","infrastructure",0
"leger","infrastructure",0
"angus_reid_institute","infrastructure",0
"nanos_research","infrastructure",0
"ekos_research","infrastructure",0
"abacus_data","infrastructure",0
"environics_research","infrastructure",0
"skywatch","infrastructure",0
"mda_space","infrastructure",1
"ecopia_ai","infrastructure",2
"farmers_edge","infrastructure",0
"deveron","infrastructure",0
"semios","infrastructure",0
"bluedot","infrastructure",0
"local_logic","infrastructure",0
"riskthinking_ai","infrastructure",0
"triton_digital","infrastructure",0
"descartes_datamyne","infrastructure",0
"browse_ai","infrastructure",0
"internet_archive","infrastructure",0
"exa_ai","infrastructure",0
"altana","infrastructure",0
"project44","infrastructure",0
"fourkites","infrastructure",0
"clear_secure","infrastructure",0
"id_me","infrastructure",0
"socure","infrastructure",0
"observa","infrastructure",0
"ookla","infrastructure",2
"purpleair","infrastructure",0
"motive","infrastructure",0
"lytx","infrastructure",0
"catalina_marketing","infrastructure",0
"inmar_intelligence","infrastructure",0
"data_axle","infrastructure",0
"bombora","infrastructure",0
"thinknum","infrastructure",0
"om1","infrastructure",0
"verana_health","infrastructure",0
"atropos_health","infrastructure",0
"aetion","infrastructure",0
"edison_research","infrastructure",0
"luminate_data","infrastructure",0
"flashpoint","infrastructure",0
"zignal_labs","infrastructure",0
"albedo","infrastructure",1
"centaur_labs","infrastructure",0
"fulcrum_app","infrastructure",2
"rep_data","infrastructure",0
"understanding_america","infrastructure",0
"forsa","infrastructure",0
"infratest_dimap","infrastructure",0
"allensbach","infrastructure",0
"civey","infrastructure",0
"insa_consulere","infrastructure",0
"infas","infrastructure",0
"gesis","infrastructure",0
"soep_diw","infrastructure",0
"ororatech","infrastructure",0
"liveeo","infrastructure",2
"constellr","infrastructure",0
"limesurvey","infrastructure",0
"agf_videoforschung","infrastructure",0
"ifop","infrastructure",0
"opinionway","infrastructure",0
"bva_xsight","infrastructure",0
"elabe","infrastructure",0
"odoxa","infrastructure",0
"csa_research","infrastructure",0
"credoc","infrastructure",0
"scrapingbee","infrastructure",0
"shippeo","infrastructure",0
"owkin","infrastructure",0
"doxa","infrastructure",0
"swg_italia","infrastructure",0
"cerved","infrastructure",0
"auditel_italia","infrastructure",0
"e_geos","infrastructure",0
"planetek_italia","infrastructure",2
"sigma_dos","infrastructure",0
"gad3","infrastructure",0
"metroscopia","infrastructure",0
"cuarenta_db","infrastructure",0
"kido_dynamics","infrastructure",0
"deimos_imaging","infrastructure",0
"marktest","infrastructure",0
"intercampus","infrastructure",0
"metron_analysis","infrastructure",0
"kapa_research","infrastructure",0
"marinetraffic","infrastructure",0
"kieskompas","infrastructure",0
"io_research","infrastructure",0
"motivaction","infrastructure",0
"nipo_nfield","infrastructure",0
"lifelines","infrastructure",0
"ivox","infrastructure",0
"sora_institute","infrastructure",0
"gfs_bern","infrastructure",0
"sotomo","infrastructure",0
"link_institut","infrastructure",0
"red_c","infrastructure",0
"epinion","infrastructure",0
"voxmeter","infrastructure",0
"novus","infrastructure",0
"taloustutkimus","infrastructure",0
"finngen","infrastructure",0
"decode_genetics","infrastructure",0
"signicat","infrastructure",0
"natcen","infrastructure",0
"understanding_society","infrastructure",0
"uk_data_service","infrastructure",0
"opinium","infrastructure",0
"survation","infrastructure",0
"deltapoll","infrastructure",0
"focaldata","infrastructure",0
"jl_partners","infrastructure",0
"more_in_common","infrastructure",0
"bmg_research","infrastructure",0
"signal_ai","infrastructure",0
"rezatec","infrastructure",2
"open_cosmos","infrastructure",0
"iproov","infrastructure",0
"truelayer","infrastructure",0
"yapily","infrastructure",0
"our_future_health","infrastructure",0
"lifebit","infrastructure",0
"ovilongwa","infrastructure",0
"star_awards_bwa","infrastructure",0
"igd_burkina","infrastructure",0
"gradis_burundi","infrastructure",0
"afrosondagem","infrastructure",0
"cible_cameroun","infrastructure",0
"laereag_tchad","infrastructure",0
"avenir_nepad_congo","infrastructure",0
"cofinco_comores","infrastructure",0
"zechlab","infrastructure",0
"qa_strategic_swz","infrastructure",0
"abcon_ethiopia","infrastructure",0
"cergep_gabon","infrastructure",0
"stat_view_guinea","infrastructure",0
"igpad_guinea_bissau","infrastructure",0
"advision_lesotho","infrastructure",0
"cdg_liberia","infrastructure",0
"coef_resources","infrastructure",0
"csr_malawi","infrastructure",0
"great_mali","infrastructure",0
"sista_consult","infrastructure",0
"straconsult_mus","infrastructure",0
"gsc_morocco","infrastructure",0
"cs_research_moz","infrastructure",0
"survey_warehouse","infrastructure",0
"lasdel_niger","infrastructure",0
"cres_senegal","infrastructure",0
"igr_sierra_leone","infrastructure",0
"sudan_polling_center","infrastructure",0
"repoa_tanzania","infrastructure",0
"crpd_gambia","infrastructure",0
"crop_togo","infrastructure",0
"hatchile_uganda","infrastructure",0
"cesor_zambia","infrastructure",0
"smile_identity","infrastructure",0
"zindi","infrastructure",0
"kartoza","infrastructure",2
"geoterraimage","infrastructure",0
"spatial_collective","infrastructure",2
"ramani_huria","infrastructure",2
"farmerline","infrastructure",0
"esoko","infrastructure",0
"sunculture","infrastructure",0
"thriveagric","infrastructure",0
"mono_nigeria","infrastructure",0
"stitch_za","infrastructure",0
"metropol_kenya","infrastructure",0
"crc_credit_bureau","infrastructure",0
"africa_check","infrastructure",0
"dubawa","infrastructure",0
"ilara_health","infrastructure",0
"jacaranda_health","infrastructure",0
"reelforge","infrastructure",0
"prembly","infrastructure",0
"youverify","infrastructure",0
"data_science_nigeria","infrastructure",0
"icog_labs","infrastructure",0
"lesan_ai","infrastructure",0
"kobo360","infrastructure",0
"lori_systems","infrastructure",0
"irsm_algeria","infrastructure",0
"cread_algeria","infrastructure",0
"optimar","infrastructure",0
"orc_arastirma","infrastructure",0
"avrasya_arastirma","infrastructure",0
"genar","infrastructure",0
"yoneylem","infrastructure",0
"sonar_arastirma","infrastructure",0
"gezici_arastirma","infrastructure",0
"mak_danismanlik","infrastructure",0
"piar_arastirma","infrastructure",0
"insider_tr","infrastructure",0
"acrps_doha","infrastructure",0
"sesri_qatar","infrastructure",0
"qcri","infrastructure",0
"sdaia","infrastructure",0
"elm_saudi","infrastructure",0
"saudi_space_agency","infrastructure",1
"simah","infrastructure",0
"derasat","infrastructure",0
"cri_lebanon","infrastructure",0
"infopro_lebanon","infrastructure",0
"albayan_iraq","infrastructure",0
"mas_palestine","infrastructure",0
"altibbi","infrastructure",0
"maqsam","infrastructure",0
"el_zanaty","infrastructure",0
"i_score_egypt","infrastructure",0
"intella_ai","infrastructure",0
"marocmetrie","infrastructure",0
"aarc_international","infrastructure",0
"chifco","infrastructure",0
"m42","infrastructure",0
"aecb","infrastructure",0
"derq","infrastructure",2
"israel_democracy_institute","infrastructure",0
"zencity","infrastructure",0
"cognyte","infrastructure",0
"ahri_south_africa","infrastructure",0
"agincourt_wits","infrastructure",0
"saprin","infrastructure",0
"aphrc","infrastructure",0
"kemri_wellcome","infrastructure",0
"ifakara_health","infrastructure",0
"manhica_cisim","infrastructure",0
"mrc_gambia","infrastructure",0
"navrongo_hrc","infrastructure",0
"rakai_health","infrastructure",0
"malawi_liverpool_wellcome","infrastructure",0
"cidrz","infrastructure",0
"kersa_hdss","infrastructure",0
"nouna_crsn","infrastructure",0
"apcc","infrastructure",0
"h3africa","infrastructure",0
"hsrc","infrastructure",0
"saldru","infrastructure",0
"datafirst","infrastructure",0
"isser_ghana","infrastructure",0
"eprc_uganda","infrastructure",0
"esrf_tanzania","infrastructure",0
"csea_nigeria","infrastructure",0
"pesacheck","infrastructure",0
"freshly_ground_insights","infrastructure",0
"columinate","infrastructure",0
"persian_cohort","infrastructure",0
"golestan_cohort","infrastructure",0
"qatar_biobank","infrastructure",0
"moroccan_genome","infrastructure",0
"afristat","infrastructure",0
"statafric","infrastructure",0
"afdb_statistics","infrastructure",1
"sanbi","infrastructure",0
"africas_talking","infrastructure",0
"onafriq","infrastructure",0
"cellulant","infrastructure",0
"codesria","infrastructure",0
"aerc","infrastructure",0
"pasgr","infrastructure",0
"iss_africa","infrastructure",0
"nextier_spd","infrastructure",0
"heritage_institute","infrastructure",0
"zeparu","infrastructure",0
"bidpa","infrastructure",0
"ippr_namibia","infrastructure",0
"nkafu","infrastructure",0
"cires_ivoire","infrastructure",0
"iese_mozambique","infrastructure",0
"zipar","infrastructure",0
"riwi","infrastructure",0
"pricestats","infrastructure",0
"soundthinking","infrastructure",2
"alphonso","infrastructure",0
"opensignal","infrastructure",2
"nexar","infrastructure",2
"geodnet","infrastructure",2
"wingbits","infrastructure",0
"flightradar24","infrastructure",0
"karya","infrastructure",0
"airwars","infrastructure",0
"mnemonic","infrastructure",0
"forensic_architecture","infrastructure",2
"atlas_ai","infrastructure",0
"fraym","infrastructure",0
"rs_metrics","infrastructure",0
"yodlee","infrastructure",0
"empatica","infrastructure",0
"sonde_health","infrastructure",0
"origin_wireless","infrastructure",0
"vayyar","infrastructure",0
"bidgely","infrastructure",0
"wildlife_insights","infrastructure",0
"atlan_space","infrastructure",0
"cellebrite","infrastructure",0
"nso_group","infrastructure",0
"candiru","infrastructure",0
"paragon_solutions","infrastructure",0
"kando","infrastructure",2
"beehero","infrastructure",0
"seetree","infrastructure",0
"lean_technologies","infrastructure",0
"ushahidi","infrastructure",1
"sunbird_ai","infrastructure",0
"terragon","infrastructure",0
"zenvus","infrastructure",0
"dataphyte","infrastructure",0
"berci","infrastructure",0
"iford","infrastructure",0
"iki_malawi","infrastructure",0
"jumo","infrastructure",0
"kifiya","infrastructure",0
"omnisient","infrastructure",0
"humangle","infrastructure",0
"timbuktu_institute","infrastructure",0
"ayin_network","infrastructure",0
"sudan_transparency","infrastructure",0
"ipsos","biodiversity",0
"kantar","biodiversity",0
"niq","biodiversity",0
"circana","biodiversity",0
"gallup","biodiversity",0
"yougov","biodiversity",0
"morning_consult","biodiversity",0
"pew_research","biodiversity",0
"verian","biodiversity",0
"ipsos_mori_uk","biodiversity",0
"savanta","biodiversity",0
"system1_group","biodiversity",0
"euromonitor","biodiversity",0
"mintel","biodiversity",0
"statista","biodiversity",0
"m3_global_research","biodiversity",0
"escalent","biodiversity",0
"material_plus","biodiversity",0
"c_space","biodiversity",0
"hall_and_partners","biodiversity",0
"appinio","biodiversity",0
"attest","biodiversity",0
"zappi","biodiversity",0
"suzy","biodiversity",0
"glimpse_ai","biodiversity",0
"listen_labs","biodiversity",0
"strella","biodiversity",0
"outset_ai","biodiversity",0
"cint","biodiversity",0
"dynata","biodiversity",0
"toluna","biodiversity",0
"bilendi","biodiversity",0
"norstat","biodiversity",0
"prolific","biodiversity",0
"cloudresearch","biodiversity",0
"purespectrum","biodiversity",0
"innovate_mr","biodiversity",0
"prodege","biodiversity",0
"disqo","biodiversity",0
"rakuten_insight","biodiversity",0
"borderless_access","biodiversity",0
"milieu_insight","biodiversity",0
"respondent_io","biodiversity",0
"qualtrics","biodiversity",0
"surveymonkey","biodiversity",0
"alchemer","biodiversity",0
"forsta","biodiversity",0
"sawtooth_software","biodiversity",0
"surveycto","biodiversity",0
"kobotoolbox","biodiversity",0
"odk","biodiversity",0
"commcare_dimagi","biodiversity",0
"ona","biodiversity",0
"mwater","biodiversity",0
"redcap","biodiversity",0
"gorilla_sc","biodiversity",0
"credamo","biodiversity",0
"wenjuanxing","biodiversity",0
"one_to_one_tunisia","biodiversity",0
"sigma_conseil","biodiversity",0
"emrhod_consulting","biodiversity",0
"elka_consulting","biodiversity",0
"bjka_consulting","biodiversity",0
"lms_csa_maroc","biodiversity",0
"baseera_egypt","biodiversity",0
"pcpsr","biodiversity",0
"awrad","biodiversity",0
"nama_strategic","biodiversity",0
"css_jordan","biodiversity",0
"iiacss","biodiversity",0
"parc_dubai","biodiversity",0
"ispa_iran","biodiversity",0
"gamaan","biodiversity",0
"konda","biodiversity",0
"metropoll","biodiversity",0
"areda_survey","biodiversity",0
"midgam_israel","biodiversity",0
"ipanel_israel","biodiversity",0
"arab_barometer","biodiversity",0
"afrobarometer","biodiversity",0
"cdd_ghana","biodiversity",0
"ijr_south_africa","biodiversity",0
"ids_nairobi","biodiversity",0
"ireg_benin","biodiversity",0
"infotrak","biodiversity",0
"tifa_research","biodiversity",0
"consumer_insight_africa","biodiversity",0
"geopoll","biodiversity",0
"sagaci_research","biodiversity",0
"noipolls","biodiversity",0
"sbm_intelligence","biodiversity",0
"practical_sampling","biodiversity",0
"ask_afrika","biodiversity",0
"plus94_research","biodiversity",0
"citizen_surveys","biodiversity",0
"busara_center","biodiversity",0
"ipa_research","biodiversity",0
"jpal","biodiversity",0
"laterite","biodiversity",0
"sixty_decibels","biodiversity",0
"lokniti_csds","biodiversity",0
"cvoter","biodiversity",0
"axis_my_india","biodiversity",0
"hansa_research","biodiversity",0
"q_and_q_research","biodiversity",0
"outline_india","biodiversity",0
"gallup_pakistan","biodiversity",0
"lsi_indonesia","biodiversity",0
"smrc_indonesia","biodiversity",0
"indikator_politik","biodiversity",0
"sws_philippines","biodiversity",0
"pulse_asia","biodiversity",0
"cimigo","biodiversity",0
"q_and_me","biodiversity",0
"indochina_research","biodiversity",0
"deka_research","biodiversity",0
"macromill","biodiversity",0
"intage","biodiversity",0
"nikkei_research","biodiversity",0
"cross_marketing","biodiversity",0
"embrain","biodiversity",0
"hankook_research","biodiversity",0
"realmeter","biodiversity",0
"gallup_korea","biodiversity",0
"horizon_china","biodiversity",0
"ctr_china","biodiversity",0
"csm_media","biodiversity",0
"datafolha","biodiversity",0
"ipec_brasil","biodiversity",0
"quaest","biodiversity",0
"atlasintel","biodiversity",0
"consulta_mitofsky","biodiversity",0
"enkoll","biodiversity",0
"buendia_marquez","biodiversity",0
"cadem","biodiversity",0
"invamer","biodiversity",0
"datexco","biodiversity",0
"cid_gallup","biodiversity",0
"poliarquia","biodiversity",0
"latinobarometro","biodiversity",0
"lapop","biodiversity",0
"levada_center","biodiversity",0
"vciom","biodiversity",0
"fom_russia","biodiversity",0
"russian_field","biodiversity",0
"kiis","biodiversity",0
"rating_group","biodiversity",0
"razumkov_centre","biodiversity",0
"info_sapiens","biodiversity",0
"gradus_research","biodiversity",0
"crrc","biodiversity",0
"act_georgia","biodiversity",0
"central_asia_barometer","biodiversity",0
"m_vector","biodiversity",0
"siar_research","biodiversity",0
"ipm_belarus","biodiversity",0
"roy_morgan","biodiversity",0
"essential_research","biodiversity",0
"oztam","biodiversity",0
"barb_uk","biodiversity",0
"mediametrie","biodiversity",0
"barc_india","biodiversity",0
"video_research_jp","biodiversity",0
"numeris","biodiversity",0
"scale_ai","biodiversity",0
"surge_ai","biodiversity",0
"mercor","biodiversity",0
"handshake_ai","biodiversity",0
"micro1","biodiversity",0
"turing_com","biodiversity",0
"invisible_tech","biodiversity",0
"appen","biodiversity",0
"toloka","biodiversity",0
"telus_digital_ai","biodiversity",0
"imerit","biodiversity",0
"sama","biodiversity",0
"cloudfactory","biodiversity",0
"superannotate","biodiversity",0
"labelbox","biodiversity",0
"snorkel_ai","biodiversity",0
"encord","biodiversity",0
"v7_labs","biodiversity",0
"kili_technology","biodiversity",0
"dataloop","biodiversity",0
"roboflow","biodiversity",0
"defined_ai","biodiversity",0
"shaip","biodiversity",0
"innodata","biodiversity",0
"transperfect_dataforce","biodiversity",0
"speechocean","biodiversity",0
"datatang","biodiversity",0
"magic_data_tech","biodiversity",0
"dataannotation_tech","biodiversity",0
"pareto_ai","biodiversity",0
"mturk","biodiversity",0
"clickworker","biodiversity",0
"premise_data","biodiversity",0
"streetbees","biodiversity",0
"roamler","biodiversity",0
"field_agent","biodiversity",0
"gigwalk","biodiversity",0
"glg","biodiversity",0
"third_bridge","biodiversity",0
"guidepoint","biodiversity",0
"alphasense","biodiversity",0
"dialectica","biodiversity",0
"bright_data","biodiversity",0
"oxylabs","biodiversity",0
"decodo","biodiversity",0
"zyte","biodiversity",0
"apify","biodiversity",0
"firecrawl","biodiversity",0
"tavily","biodiversity",0
"diffbot","biodiversity",0
"common_crawl","biodiversity",0
"promptcloud","biodiversity",0
"grepsr","biodiversity",0
"nimble_data","biodiversity",0
"coresignal","biodiversity",0
"acxiom","biodiversity",0
"experian","biodiversity",0
"equifax","biodiversity",0
"transunion","biodiversity",0
"liveramp","biodiversity",0
"epsilon","biodiversity",0
"lexisnexis_risk","biodiversity",0
"dun_bradstreet","biodiversity",0
"cotality","biodiversity",0
"verisk","biodiversity",0
"crif","biodiversity",0
"serasa_experian","biodiversity",0
"spokeo","biodiversity",0
"safegraph","biodiversity",0
"placer_ai","biodiversity",0
"veraset","biodiversity",0
"unacast","biodiversity",0
"foursquare","biodiversity",0
"kochava_collective","biodiversity",0
"azira","biodiversity",0
"advan_research","biodiversity",0
"huq_industries","biodiversity",0
"predicio","biodiversity",0
"positium","biodiversity",0
"teralytics","biodiversity",0
"orange_flux_vision","biodiversity",0
"flowminder","biodiversity",0
"planet_labs","biodiversity",0
"vantor","biodiversity",0
"blacksky","biodiversity",0
"iceye","biodiversity",0
"satellogic","biodiversity",0
"capella_space","biodiversity",0
"umbra_space","biodiversity",0
"airbus_ds_geo","biodiversity",0
"spire_global","biodiversity",0
"ursa_space","biodiversity",0
"pixxel","biodiversity",0
"skyfi","biodiversity",0
"earthdaily","biodiversity",0
"satvu","biodiversity",0
"ghgsat","biodiversity",0
"kayrros","biodiversity",0
"descartes_labs","biodiversity",0
"spaceknow","biodiversity",0
"synspective","biodiversity",0
"axelspace","biodiversity",0
"changguang","biodiversity",0
"twentyone_at","biodiversity",0
"tomorrow_io","biodiversity",0
"windborne","biodiversity",0
"saildrone","biodiversity",0
"sofar_ocean","biodiversity",0
"jupiter_intelligence","biodiversity",0
"first_street","biodiversity",0
"fathom_global","biodiversity",0
"jba_risk","biodiversity",0
"moodys_rms","biodiversity",0
"mitiga_solutions","biodiversity",0
"climateai","biodiversity",0
"descartes_underwriting","biodiversity",0
"sylvera","biodiversity",0
"bezero_carbon","biodiversity",0
"carbon_mapper","biodiversity",0
"chloris_geospatial","biodiversity",0
"nielsen","biodiversity",0
"comscore","biodiversity",0
"samba_tv","biodiversity",0
"ispot_tv","biodiversity",0
"videoamp","biodiversity",0
"similarweb","biodiversity",0
"sensor_tower","biodiversity",0
"yipitdata","biodiversity",0
"m_science","biodiversity",0
"consumer_edge","biodiversity",0
"earnest_analytics","biodiversity",0
"facteus","biodiversity",0
"measurable_ai","biodiversity",0
"plaid","biodiversity",0
"tink","biodiversity",0
"kpler","biodiversity",0
"vortexa","biodiversity",0
"windward_ai","biodiversity",0
"panjiva","biodiversity",0
"importgenius","biodiversity",0
"iqvia","biodiversity",0
"komodo_health","biodiversity",0
"truveta","biodiversity",0
"healthverity","biodiversity",0
"tempus_ai","biodiversity",0
"datavant","biodiversity",0
"flatiron_health","biodiversity",0
"trinetx","biodiversity",0
"picnichealth","biodiversity",0
"evidation_health","biodiversity",0
"medidata","biodiversity",0
"veeva_crossix","biodiversity",0
"definitive_healthcare","biodiversity",0
"uk_biobank","biodiversity",0
"bgi_genomics","biodiversity",0
"samsara","biodiversity",0
"geotab","biodiversity",0
"inrix","biodiversity",0
"tomtom","biodiversity",0
"here_technologies","biodiversity",0
"cambridge_mobile","biodiversity",0
"arity","biodiversity",0
"smartcar","biodiversity",0
"high_mobility","biodiversity",0
"dataminr","biodiversity",0
"recorded_future","biodiversity",0
"meltwater","biodiversity",0
"brandwatch","biodiversity",0
"talkwalker","biodiversity",0
"sprinklr","biodiversity",0
"graphika","biodiversity",0
"babel_street","biodiversity",0
"sayari","biodiversity",0
"kharon","biodiversity",0
"janes","biodiversity",0
"acled","biodiversity",0
"gdelt","biodiversity",0
"bellingcat","biodiversity",0
"newsguard","biodiversity",0
"zoominfo","biodiversity",0
"apollo_io","biodiversity",0
"cognism","biodiversity",0
"lusha","biodiversity",0
"people_data_labs","biodiversity",0
"opencorporates","biodiversity",0
"moodys_bvd","biodiversity",0
"pitchbook","biodiversity",0
"crunchbase","biodiversity",0
"tracxn","biodiversity",0
"dealroom","biodiversity",0
"numerator","biodiversity",0
"profitero","biodiversity",0
"dataweave","biodiversity",0
"intelligence_node","biodiversity",0
"trax_retail","biodiversity",0
"dunnhumby","biodiversity",0
"eightyfour_51","biodiversity",0
"clearview_ai","biodiversity",0
"pimeyes","biodiversity",0
"tools_for_humanity","biodiversity",0
"yoti","biodiversity",0
"idemia","biodiversity",0
"sensetime","biodiversity",0
"megvii","biodiversity",0
"hikvision","biodiversity",0
"arab_advisors","biodiversity",0
"asdaa_bcw","biodiversity",0
"insight_discovery","biodiversity",0
"ventures_middle_east","biodiversity",0
"space42","biodiversity",0
"presight_ai","biodiversity",0
"lucidya","biodiversity",0
"mozn","biodiversity",0
"crowd_analyzer","biodiversity",0
"tarjama","biodiversity",0
"idsc_egypt","biodiversity",0
"rada_research","biodiversity",0
"statistics_lebanon","biodiversity",0
"information_international","biodiversity",0
"scpr_syria","biodiversity",0
"yemen_polling_center","biodiversity",0
"diwan_research","biodiversity",0
"immar_rc","biodiversity",0
"sunergia","biodiversity",0
"iranpoll","biodiversity",0
"turkiye_raporu","biodiversity",0
"geocartography","biodiversity",0
"near_east_consulting","biodiversity",0
"jmcc","biodiversity",0
"zogby_research","biodiversity",0
"reach_initiative","biodiversity",0
"acaps","biodiversity",0
"afriksurvey","biodiversity",0
"sagapoll","biodiversity",0
"dalberg_research","biodiversity",0
"stears","biodiversity",0
"datalens_africa","biodiversity",0
"creditregistry","biodiversity",0
"indicina","biodiversity",0
"africa_polling_institute","biodiversity",0
"global_infoanalytics","biodiversity",0
"amini","biodiversity",0
"research_solutions_africa","biodiversity",0
"msurvey","biodiversity",0
"echo_mobile","biodiversity",0
"viamo","biodiversity",0
"twaweza","biodiversity",0
"research_world_intl","biodiversity",0
"charis_uas","biodiversity",0
"digital_umuganda","biodiversity",0
"somali_public_agenda","biodiversity",0
"mpoi_zimbabwe","biodiversity",0
"social_research_foundation","biodiversity",0
"eighty20","biodiversity",0
"lightstone","biodiversity",0
"lelapa_ai","biodiversity",0
"masakhane","biodiversity",0
"awarri","biodiversity",0
"romir","biodiversity",0
"mediascope","biodiversity",0
"ipsos_comcon","biodiversity",0
"tiburon_research","biodiversity",0
"anketolog","biodiversity",0
"sberindex","biodiversity",0
"yandex_data","biodiversity",0
"baw_belarus","biodiversity",0
"bisam","biodiversity",0
"demoscope_kz","biodiversity",0
"ijtimoiy_fikr","biodiversity",0
"questmobile","biodiversity",0
"analysys_yiguan","biodiversity",0
"iimedia","biodiversity",0
"talkingdata","biodiversity",0
"aurora_mobile","biodiversity",0
"miaozhen_admaster","biodiversity",0
"qichacha","biodiversity",0
"tianyancha","biodiversity",0
"wind_information","biodiversity",0
"intron_health","biodiversity",0
"african_languages_lab","biodiversity",0
"aflabox","biodiversity",0
"tolbi","biodiversity",0
"soko_aerial","biodiversity",0
"geoinfotech","biodiversity",0
"helium_health","biodiversity",0
"pula","biodiversity",0
"apollo_agriculture","biodiversity",0
"hello_tractor","biodiversity",0
"mpharma","biodiversity",0
"ehealth_africa","biodiversity",0
"lacuna_fund","biodiversity",0
"makerere_ai","biodiversity",0
"cntxt_ai","biodiversity",0
"arabic_ai","biodiversity",0
"aydi","biodiversity",0
"widebot","biodiversity",0
"mawdoo3","biodiversity",0
"aaru","biodiversity",0
"simile","biodiversity",0
"conveo","biodiversity",0
"perspective_ai","biodiversity",0
"theysaid","biodiversity",0
"versive","biodiversity",0
"hivemapper","biodiversity",0
"dimo","biodiversity",0
"weatherxm","biodiversity",0
"nova_labs_helium","biodiversity",0
"safecast","biodiversity",0
"biobot","biodiversity",0
"verily","biodiversity",0
"wastewaterscan","biodiversity",0
"hawkeye_360","biodiversity",0
"unseenlabs","biodiversity",0
"kleos_space","biodiversity",0
"naturemetrics","biodiversity",2
"rainforest_connection","biodiversity",2
"fugro","biodiversity",2
"clarity_movement","biodiversity",0
"aclima","biodiversity",0
"nuview","biodiversity",1
"orbital_sidekick","biodiversity",0
"wyvern","biodiversity",0
"hydrosat","biodiversity",0
"muon_space","biodiversity",0
"myriota","biodiversity",0
"astrocast","biodiversity",0
"nearmap","biodiversity",0
"vexcel_imaging","biodiversity",0
"airqo","biodiversity",0
"code_for_africa","biodiversity",0
"aerobotics","biodiversity",0
"ujuzikilimo","biodiversity",0
"robocare","biodiversity",0
"astral_aerial","biodiversity",0
"earthranger","biodiversity",2
"falcon_eye_drones","biodiversity",0
"falcon_3d","biodiversity",0
"digital_earth_africa","biodiversity",0
"sansa","biodiversity",0
"nasrda","biodiversity",0
"egsa","biodiversity",0
"kenya_space_agency","biodiversity",0
"essti","biodiversity",0
"mbrsc","biodiversity",0
"tubitak_uzay","biodiversity",0
"imagesat","biodiversity",0
"taranis","biodiversity",0
"agritask","biodiversity",0
"asterra","biodiversity",0
"norc","biodiversity",0
"westat","biodiversity",0
"rti_international","biodiversity",0
"mathematica","biodiversity",0
"abt_global","biodiversity",0
"ssrs","biodiversity",0
"icf_international","biodiversity",0
"quinnipiac_poll","biodiversity",0
"marist_poll","biodiversity",0
"monmouth_poll","biodiversity",0
"siena_research","biodiversity",0
"emerson_polling","biodiversity",0
"surveyusa","biodiversity",0
"prri","biodiversity",0
"ap_norc","biodiversity",0
"civiqs","biodiversity",0
"echelon_insights","biodiversity",0
"data_for_progress","biodiversity",0
"cygnal","biodiversity",0
"leger","biodiversity",0
"angus_reid_institute","biodiversity",0
"nanos_research","biodiversity",0
"ekos_research","biodiversity",0
"abacus_data","biodiversity",0
"environics_research","biodiversity",0
"skywatch","biodiversity",0
"mda_space","biodiversity",0
"ecopia_ai","biodiversity",0
"farmers_edge","biodiversity",0
"deveron","biodiversity",0
"semios","biodiversity",0
"bluedot","biodiversity",0
"local_logic","biodiversity",0
"riskthinking_ai","biodiversity",0
"triton_digital","biodiversity",0
"descartes_datamyne","biodiversity",0
"browse_ai","biodiversity",0
"internet_archive","biodiversity",0
"exa_ai","biodiversity",0
"altana","biodiversity",0
"project44","biodiversity",0
"fourkites","biodiversity",0
"clear_secure","biodiversity",0
"id_me","biodiversity",0
"socure","biodiversity",0
"observa","biodiversity",0
"ookla","biodiversity",0
"purpleair","biodiversity",0
"motive","biodiversity",0
"lytx","biodiversity",0
"catalina_marketing","biodiversity",0
"inmar_intelligence","biodiversity",0
"data_axle","biodiversity",0
"bombora","biodiversity",0
"thinknum","biodiversity",0
"om1","biodiversity",0
"verana_health","biodiversity",0
"atropos_health","biodiversity",0
"aetion","biodiversity",0
"edison_research","biodiversity",0
"luminate_data","biodiversity",0
"flashpoint","biodiversity",0
"zignal_labs","biodiversity",0
"albedo","biodiversity",0
"centaur_labs","biodiversity",0
"fulcrum_app","biodiversity",0
"rep_data","biodiversity",0
"understanding_america","biodiversity",0
"forsa","biodiversity",0
"infratest_dimap","biodiversity",0
"allensbach","biodiversity",0
"civey","biodiversity",0
"insa_consulere","biodiversity",0
"infas","biodiversity",0
"gesis","biodiversity",0
"soep_diw","biodiversity",0
"ororatech","biodiversity",0
"liveeo","biodiversity",0
"constellr","biodiversity",0
"limesurvey","biodiversity",0
"agf_videoforschung","biodiversity",0
"ifop","biodiversity",0
"opinionway","biodiversity",0
"bva_xsight","biodiversity",0
"elabe","biodiversity",0
"odoxa","biodiversity",0
"csa_research","biodiversity",0
"credoc","biodiversity",0
"scrapingbee","biodiversity",0
"shippeo","biodiversity",0
"owkin","biodiversity",0
"doxa","biodiversity",0
"swg_italia","biodiversity",0
"cerved","biodiversity",0
"auditel_italia","biodiversity",0
"e_geos","biodiversity",0
"planetek_italia","biodiversity",0
"sigma_dos","biodiversity",0
"gad3","biodiversity",0
"metroscopia","biodiversity",0
"cuarenta_db","biodiversity",0
"kido_dynamics","biodiversity",0
"deimos_imaging","biodiversity",0
"marktest","biodiversity",0
"intercampus","biodiversity",0
"metron_analysis","biodiversity",0
"kapa_research","biodiversity",0
"marinetraffic","biodiversity",0
"kieskompas","biodiversity",0
"io_research","biodiversity",0
"motivaction","biodiversity",0
"nipo_nfield","biodiversity",0
"lifelines","biodiversity",0
"ivox","biodiversity",0
"sora_institute","biodiversity",0
"gfs_bern","biodiversity",0
"sotomo","biodiversity",0
"link_institut","biodiversity",0
"red_c","biodiversity",0
"epinion","biodiversity",0
"voxmeter","biodiversity",0
"novus","biodiversity",0
"taloustutkimus","biodiversity",0
"finngen","biodiversity",0
"decode_genetics","biodiversity",0
"signicat","biodiversity",0
"natcen","biodiversity",0
"understanding_society","biodiversity",0
"uk_data_service","biodiversity",0
"opinium","biodiversity",0
"survation","biodiversity",0
"deltapoll","biodiversity",0
"focaldata","biodiversity",0
"jl_partners","biodiversity",0
"more_in_common","biodiversity",0
"bmg_research","biodiversity",0
"signal_ai","biodiversity",0
"rezatec","biodiversity",0
"open_cosmos","biodiversity",0
"iproov","biodiversity",0
"truelayer","biodiversity",0
"yapily","biodiversity",0
"our_future_health","biodiversity",0
"lifebit","biodiversity",0
"ovilongwa","biodiversity",0
"star_awards_bwa","biodiversity",0
"igd_burkina","biodiversity",0
"gradis_burundi","biodiversity",0
"afrosondagem","biodiversity",0
"cible_cameroun","biodiversity",0
"laereag_tchad","biodiversity",0
"avenir_nepad_congo","biodiversity",0
"cofinco_comores","biodiversity",0
"zechlab","biodiversity",0
"qa_strategic_swz","biodiversity",0
"abcon_ethiopia","biodiversity",0
"cergep_gabon","biodiversity",0
"stat_view_guinea","biodiversity",0
"igpad_guinea_bissau","biodiversity",0
"advision_lesotho","biodiversity",0
"cdg_liberia","biodiversity",0
"coef_resources","biodiversity",0
"csr_malawi","biodiversity",0
"great_mali","biodiversity",0
"sista_consult","biodiversity",0
"straconsult_mus","biodiversity",0
"gsc_morocco","biodiversity",0
"cs_research_moz","biodiversity",0
"survey_warehouse","biodiversity",0
"lasdel_niger","biodiversity",0
"cres_senegal","biodiversity",0
"igr_sierra_leone","biodiversity",0
"sudan_polling_center","biodiversity",0
"repoa_tanzania","biodiversity",0
"crpd_gambia","biodiversity",0
"crop_togo","biodiversity",0
"hatchile_uganda","biodiversity",0
"cesor_zambia","biodiversity",0
"smile_identity","biodiversity",0
"zindi","biodiversity",0
"kartoza","biodiversity",0
"geoterraimage","biodiversity",0
"spatial_collective","biodiversity",0
"ramani_huria","biodiversity",0
"farmerline","biodiversity",0
"esoko","biodiversity",0
"sunculture","biodiversity",0
"thriveagric","biodiversity",0
"mono_nigeria","biodiversity",0
"stitch_za","biodiversity",0
"metropol_kenya","biodiversity",0
"crc_credit_bureau","biodiversity",0
"africa_check","biodiversity",0
"dubawa","biodiversity",0
"ilara_health","biodiversity",0
"jacaranda_health","biodiversity",0
"reelforge","biodiversity",0
"prembly","biodiversity",0
"youverify","biodiversity",0
"data_science_nigeria","biodiversity",0
"icog_labs","biodiversity",0
"lesan_ai","biodiversity",0
"kobo360","biodiversity",0
"lori_systems","biodiversity",0
"irsm_algeria","biodiversity",0
"cread_algeria","biodiversity",0
"optimar","biodiversity",0
"orc_arastirma","biodiversity",0
"avrasya_arastirma","biodiversity",0
"genar","biodiversity",0
"yoneylem","biodiversity",0
"sonar_arastirma","biodiversity",0
"gezici_arastirma","biodiversity",0
"mak_danismanlik","biodiversity",0
"piar_arastirma","biodiversity",0
"insider_tr","biodiversity",0
"acrps_doha","biodiversity",0
"sesri_qatar","biodiversity",0
"qcri","biodiversity",0
"sdaia","biodiversity",0
"elm_saudi","biodiversity",0
"saudi_space_agency","biodiversity",0
"simah","biodiversity",0
"derasat","biodiversity",0
"cri_lebanon","biodiversity",0
"infopro_lebanon","biodiversity",0
"albayan_iraq","biodiversity",0
"mas_palestine","biodiversity",0
"altibbi","biodiversity",0
"maqsam","biodiversity",0
"el_zanaty","biodiversity",0
"i_score_egypt","biodiversity",0
"intella_ai","biodiversity",0
"marocmetrie","biodiversity",0
"aarc_international","biodiversity",0
"chifco","biodiversity",0
"m42","biodiversity",0
"aecb","biodiversity",0
"derq","biodiversity",0
"israel_democracy_institute","biodiversity",0
"zencity","biodiversity",0
"cognyte","biodiversity",0
"ahri_south_africa","biodiversity",0
"agincourt_wits","biodiversity",0
"saprin","biodiversity",0
"aphrc","biodiversity",0
"kemri_wellcome","biodiversity",0
"ifakara_health","biodiversity",0
"manhica_cisim","biodiversity",0
"mrc_gambia","biodiversity",0
"navrongo_hrc","biodiversity",0
"rakai_health","biodiversity",0
"malawi_liverpool_wellcome","biodiversity",0
"cidrz","biodiversity",0
"kersa_hdss","biodiversity",0
"nouna_crsn","biodiversity",0
"apcc","biodiversity",0
"h3africa","biodiversity",0
"hsrc","biodiversity",0
"saldru","biodiversity",0
"datafirst","biodiversity",0
"isser_ghana","biodiversity",0
"eprc_uganda","biodiversity",0
"esrf_tanzania","biodiversity",0
"csea_nigeria","biodiversity",0
"pesacheck","biodiversity",0
"freshly_ground_insights","biodiversity",0
"columinate","biodiversity",0
"persian_cohort","biodiversity",0
"golestan_cohort","biodiversity",0
"qatar_biobank","biodiversity",0
"moroccan_genome","biodiversity",0
"afristat","biodiversity",0
"statafric","biodiversity",0
"afdb_statistics","biodiversity",0
"sanbi","biodiversity",2
"africas_talking","biodiversity",0
"onafriq","biodiversity",0
"cellulant","biodiversity",0
"codesria","biodiversity",0
"aerc","biodiversity",0
"pasgr","biodiversity",0
"iss_africa","biodiversity",0
"nextier_spd","biodiversity",0
"heritage_institute","biodiversity",0
"zeparu","biodiversity",0
"bidpa","biodiversity",0
"ippr_namibia","biodiversity",0
"nkafu","biodiversity",0
"cires_ivoire","biodiversity",0
"iese_mozambique","biodiversity",0
"zipar","biodiversity",0
"riwi","biodiversity",0
"pricestats","biodiversity",0
"soundthinking","biodiversity",0
"alphonso","biodiversity",0
"opensignal","biodiversity",0
"nexar","biodiversity",0
"geodnet","biodiversity",0
"wingbits","biodiversity",0
"flightradar24","biodiversity",0
"karya","biodiversity",0
"airwars","biodiversity",0
"mnemonic","biodiversity",0
"forensic_architecture","biodiversity",0
"atlas_ai","biodiversity",0
"fraym","biodiversity",0
"rs_metrics","biodiversity",0
"yodlee","biodiversity",0
"empatica","biodiversity",0
"sonde_health","biodiversity",0
"origin_wireless","biodiversity",0
"vayyar","biodiversity",0
"bidgely","biodiversity",0
"wildlife_insights","biodiversity",2
"atlan_space","biodiversity",1
"cellebrite","biodiversity",0
"nso_group","biodiversity",0
"candiru","biodiversity",0
"paragon_solutions","biodiversity",0
"kando","biodiversity",0
"beehero","biodiversity",2
"seetree","biodiversity",0
"lean_technologies","biodiversity",0
"ushahidi","biodiversity",0
"sunbird_ai","biodiversity",0
"terragon","biodiversity",0
"zenvus","biodiversity",0
"dataphyte","biodiversity",0
"berci","biodiversity",0
"iford","biodiversity",0
"iki_malawi","biodiversity",0
"jumo","biodiversity",0
"kifiya","biodiversity",0
"omnisient","biodiversity",0
"humangle","biodiversity",0
"timbuktu_institute","biodiversity",0
"ayin_network","biodiversity",0
"sudan_transparency","biodiversity",0
