company_id,company_name,parent_company,hq_country,hq_region,founded_year,maturity_class,ownership_type,status,ceased_year,segment_primary,segment_secondary,modality_primary,unit_of_observation,temporal_granularity,spatial_scope,countries_claimed,domains_primary,domains_secondary,human_subjects,consent_model,access_model,microdata_access,evidence_level,notes
ipsos,Ipsos,NA,FRA,WEU,1975,established,public_listed,active,NA,survey_insights,panel_sample,face_to_face,individual,episodic,global,90,consumer_behavior|public_opinion,media_audience|health_clinical,direct,explicit_consent,project_commission,commercial_only,B,Own field force in roughly 90 markets; sold 80 percent of its Russian subsidiary in February 2026 under the foreign ownership cap
kantar,Kantar,Bain Capital,GBR,WEU,1992,established,private_pe,active,NA,survey_insights,audience_measurement,online_panel,individual,episodic,global,90,consumer_behavior|media_audience,public_opinion|prices_retail,direct,explicit_consent,project_commission,commercial_only,B,Kantar Public divested in 2022 and renamed Verian
niq,NIQ,NA,USA,NOAM,1923,established,public_listed,active,NA,retail_pricing,survey_insights,transaction,transaction,weekly,global,95,prices_retail|consumer_behavior,supply_chain,indirect,contractual_third_party,subscription,commercial_only,B,Absorbed GfK in 2023; retail measurement built on retailer and panel feeds; divesting its Russian division under the 2026 ownership law
circana,Circana,NA,USA,NOAM,1979,established,private_pe,active,NA,retail_pricing,consumer_broker,transaction,transaction,weekly,multi_region,15,prices_retail|consumer_behavior,NA,indirect,contractual_third_party,subscription,commercial_only,B,Formed from IRI and NPD merger in 2022; strongest in North America and Western Europe
gallup,Gallup,NA,USA,NOAM,1935,established,private_independent,active,NA,survey_insights,NA,telephone,individual,annual,global,140,public_opinion|labor_employment,health_clinical,direct,explicit_consent,subscription,researcher_restricted,B,World Poll is the widest annual comparative attitudinal series run by a commercial firm
yougov,YouGov,NA,GBR,WEU,2000,established,public_listed,active,NA,survey_insights,panel_sample,online_panel,individual,daily,multi_region,55,public_opinion|consumer_behavior,media_audience,direct,explicit_consent,subscription,researcher_restricted,B,Online-first so coverage tracks internet penetration; thin in low-connectivity states
morning_consult,Morning Consult,NA,USA,NOAM,2014,scaleup,private_vc,active,NA,survey_insights,panel_sample,online_panel,individual,daily,multi_region,43,public_opinion|consumer_behavior,NA,direct,explicit_consent,subscription,commercial_only,B,High-frequency online tracking concentrated in large economies
pew_research,Pew Research Center,Pew Charitable Trusts,USA,NOAM,2004,established,nonprofit,active,NA,survey_insights,NA,telephone,individual,episodic,global,60,public_opinion|social_discourse,media_audience,direct,explicit_consent,open_free,open,B,Publishes microdata openly; country set varies sharply by wave
verian,Verian,Trilantic Europe,GBR,WEU,2022,scaleup,private_pe,active,NA,survey_insights,field_agency,face_to_face,individual,episodic,multi_region,30,public_opinion|health_clinical,education,direct,explicit_consent,project_commission,researcher_restricted,B,Former Kantar Public; heavy public-sector and Eurobarometer style work
ipsos_mori_uk,Ipsos UK,Ipsos,GBR,WEU,1946,established,subsidiary,active,NA,survey_insights,NA,telephone,individual,episodic,single_country,1,public_opinion,health_clinical,direct,explicit_consent,project_commission,researcher_restricted,C,Retained as a distinct national research brand
savanta,Savanta,Next 15,GBR,WEU,2019,scaleup,subsidiary,active,NA,survey_insights,panel_sample,online_panel,individual,episodic,multi_region,12,consumer_behavior|public_opinion,NA,direct,explicit_consent,project_commission,commercial_only,C,Formed by merger of ComRes and other UK agencies
system1_group,System1 Group,NA,GBR,WEU,2000,established,public_listed,active,NA,survey_insights,NA,online_panel,individual,episodic,multi_region,20,consumer_behavior|media_audience,NA,direct,explicit_consent,subscription,commercial_only,C,Advertising effectiveness testing using rapid online response
euromonitor,Euromonitor International,NA,GBR,WEU,1972,established,private_independent,active,NA,retail_pricing,survey_insights,admin_records,firm,annual,global,210,prices_retail|consumer_behavior,agriculture|energy_extractives,none,public_record,subscription,commercial_only,B,Country coverage is desk-based modelling not primary collection in most markets
mintel,Mintel,NA,GBR,WEU,1972,established,private_independent,active,NA,retail_pricing,survey_insights,web_scrape,firm,monthly,multi_region,35,prices_retail|consumer_behavior,NA,indirect,public_record,subscription,commercial_only,C,Global New Products Database tracks launches across major consumer markets
statista,Statista,Ströer,DEU,WEU,2007,established,subsidiary,active,NA,survey_insights,web_data,admin_records,firm,annual,global,150,consumer_behavior|prices_retail,labor_employment,none,public_record,subscription,commercial_only,B,Aggregation and modelling layer rather than primary field collection
gfk_legacy,GfK,NIQ,DEU,WEU,1934,established,subsidiary,absorbed,2023,retail_pricing,audience_measurement,transaction,transaction,weekly,multi_region,60,prices_retail|media_audience,consumer_behavior,indirect,contractual_third_party,subscription,commercial_only,B,Point of sales tracking absorbed into NIQ after 2023
m3_global_research,M3 Global Research,M3 Inc,JPN,EAS,2000,established,subsidiary,active,NA,panel_sample,survey_insights,online_panel,individual,episodic,global,70,health_clinical|consumer_behavior,NA,direct,explicit_consent,panel_rental,commercial_only,C,Physician and healthcare professional panels
escalent,Escalent,STG Partners,USA,NOAM,2016,scaleup,private_pe,active,NA,survey_insights,NA,online_panel,individual,episodic,multi_region,10,consumer_behavior|energy_extractives,device_telemetry,direct,explicit_consent,project_commission,commercial_only,C,Sector specialist in energy mobility and financial services
material_plus,Material,LLR Partners,USA,NOAM,2018,scaleup,private_pe,active,NA,survey_insights,NA,online_panel,individual,episodic,multi_region,8,consumer_behavior,media_audience,direct,explicit_consent,project_commission,commercial_only,C,Roll-up of several US insights agencies
c_space,C Space,Omnicom,USA,NOAM,1999,established,subsidiary,active,NA,survey_insights,NA,online_panel,individual,episodic,multi_region,10,consumer_behavior,NA,direct,explicit_consent,project_commission,commercial_only,C,Online community and co-creation research
hall_and_partners,Hall and Partners,Omnicom,GBR,WEU,1992,established,subsidiary,active,NA,survey_insights,NA,online_panel,individual,episodic,multi_region,10,consumer_behavior|media_audience,NA,direct,explicit_consent,project_commission,commercial_only,C,Brand and communications research
appinio,Appinio,NA,DEU,WEU,2014,scaleup,private_vc,active,NA,survey_insights,panel_sample,online_panel,individual,daily,multi_region,90,consumer_behavior|public_opinion,NA,direct,explicit_consent,subscription,commercial_only,B,Mobile-first rapid survey platform with strongest depth in Europe
attest,Attest,NA,GBR,WEU,2015,scaleup,private_vc,active,NA,survey_insights,panel_sample,online_panel,individual,weekly,multi_region,58,consumer_behavior|public_opinion,NA,direct,explicit_consent,subscription,commercial_only,C,Self-serve consumer research with a curated panel network
zappi,Zappi,NA,GBR,WEU,2012,scaleup,private_vc,active,NA,survey_insights,collection_software,online_panel,individual,episodic,multi_region,30,consumer_behavior,NA,direct,explicit_consent,subscription,commercial_only,C,Automated concept and advertising testing
suzy,Suzy,NA,USA,NOAM,2017,scaleup,private_vc,active,NA,survey_insights,panel_sample,online_panel,individual,daily,single_country,1,consumer_behavior,NA,direct,explicit_consent,subscription,commercial_only,C,Largely US consumer insight
glimpse_ai,Glimpse,NA,USA,NOAM,2021,startup,private_vc,active,NA,survey_insights,ai_training_data,online_panel,individual,episodic,single_country,1,consumer_behavior|public_opinion,ai_labels,direct,explicit_consent,subscription,commercial_only,C,Combines human panel responses with model-generated augmentation
listen_labs,Listen Labs,NA,USA,NOAM,2023,startup,private_vc,active,NA,survey_insights,collection_software,online_panel,individual,episodic,multi_region,20,consumer_behavior,NA,direct,explicit_consent,subscription,commercial_only,C,AI-moderated qualitative interviewing at survey scale
strella,Strella,NA,USA,NOAM,2023,startup,private_vc,active,NA,survey_insights,collection_software,online_panel,individual,episodic,single_country,1,consumer_behavior,NA,direct,explicit_consent,subscription,commercial_only,C,AI-moderated interview platform
outset_ai,Outset,NA,USA,NOAM,2022,startup,private_vc,active,NA,survey_insights,collection_software,online_panel,individual,episodic,multi_region,15,consumer_behavior,NA,direct,explicit_consent,subscription,commercial_only,C,AI interviewer for qualitative research at scale
cint,Cint,NA,SWE,WEU,1998,established,public_listed,active,NA,panel_sample,collection_software,online_panel,individual,daily,global,130,consumer_behavior|public_opinion,media_audience,direct,explicit_consent,marketplace,commercial_only,A,Exchange model aggregating over 4600 supplier panels; absorbed Lucid in 2021
dynata,Dynata,NA,USA,NOAM,1977,established,private_pe,active,NA,panel_sample,survey_insights,online_panel,individual,daily,global,70,consumer_behavior|public_opinion,media_audience,direct,explicit_consent,panel_rental,commercial_only,B,Formed from Survey Sampling International and Research Now; restructured in 2024
toluna,Toluna,NA,USA,NOAM,2000,established,private_pe,active,NA,panel_sample,survey_insights,online_panel,individual,daily,global,70,consumer_behavior|public_opinion,NA,direct,explicit_consent,panel_rental,commercial_only,A,Community of roughly 79 million members across 70 plus markets
bilendi,Bilendi,NA,FRA,WEU,1999,established,public_listed,active,NA,panel_sample,survey_insights,online_panel,individual,weekly,single_region,15,consumer_behavior|public_opinion,NA,direct,explicit_consent,panel_rental,commercial_only,B,European specialist; absorbed Respondi in 2021
norstat,Norstat,NA,EST,EEU,1997,established,private_pe,active,NA,panel_sample,field_agency,online_panel,individual,weekly,single_region,20,consumer_behavior|public_opinion,NA,direct,explicit_consent,panel_rental,commercial_only,C,Nordic Baltic and Central European panel depth
prolific,Prolific,NA,GBR,WEU,2014,scaleup,private_vc,active,NA,panel_sample,ai_training_data,online_panel,individual,daily,multi_region,38,public_opinion|consumer_behavior,ai_labels,direct,explicit_consent,marketplace,researcher_restricted,B,Academic-oriented participant pool concentrated in UK US and Western Europe
cloudresearch,CloudResearch,NA,USA,NOAM,2015,scaleup,private_independent,active,NA,panel_sample,collection_software,online_panel,individual,daily,single_country,1,public_opinion|consumer_behavior,NA,direct,explicit_consent,marketplace,researcher_restricted,C,Screened MTurk and Connect panels for academic research
purespectrum,PureSpectrum,NA,USA,NOAM,2016,scaleup,private_vc,active,NA,panel_sample,NA,online_panel,individual,daily,multi_region,60,consumer_behavior,NA,direct,explicit_consent,marketplace,commercial_only,C,Sample marketplace with quality scoring layer
innovate_mr,InnovateMR,NA,USA,NOAM,2014,scaleup,private_independent,active,NA,panel_sample,NA,online_panel,individual,daily,multi_region,90,consumer_behavior,firmographic,direct,explicit_consent,marketplace,commercial_only,C,Consumer and B2B sample supply
prodege,Prodege,Great Hill Partners,USA,NOAM,2005,established,private_pe,active,NA,panel_sample,consumer_broker,online_panel,individual,daily,multi_region,40,consumer_behavior,NA,direct,explicit_consent,panel_rental,commercial_only,C,Owns Swagbucks and Pollfish reward-based recruitment
disqo,DISQO,NA,USA,NOAM,2015,scaleup,private_vc,active,NA,panel_sample,audience_measurement,device_passive,individual,daily,single_country,1,consumer_behavior|media_audience,web_content,direct,explicit_consent,subscription,commercial_only,C,Consented behavioural panel combining survey and passive tracking
rakuten_insight,Rakuten Insight,Rakuten,JPN,EAS,2004,established,subsidiary,active,NA,panel_sample,NA,online_panel,individual,weekly,single_region,12,consumer_behavior,NA,direct,explicit_consent,panel_rental,commercial_only,C,Asia-Pacific panel depth including Japan Taiwan and Southeast Asia
borderless_access,Borderless Access,NA,IND,SAS,2008,scaleup,private_independent,active,NA,panel_sample,survey_insights,online_panel,individual,weekly,multi_region,40,consumer_behavior|health_clinical,NA,direct,explicit_consent,panel_rental,commercial_only,C,Emerging-market online panels including South Asia Africa and Latin America
milieu_insight,Milieu Insight,NA,SGP,SEA,2017,scaleup,private_vc,active,NA,panel_sample,survey_insights,online_panel,individual,daily,single_region,8,consumer_behavior|public_opinion,NA,direct,explicit_consent,subscription,commercial_only,C,Southeast Asia focused consumer panel
respondent_io,Respondent,NA,USA,NOAM,2016,scaleup,private_vc,active,NA,panel_sample,expert_network,online_panel,individual,episodic,multi_region,25,labor_employment|consumer_behavior,firmographic,direct,explicit_consent,marketplace,commercial_only,C,Verified B2B and professional participant recruitment
qualtrics,Qualtrics,Silver Lake and CPP Investments,USA,NOAM,2002,established,private_pe,active,NA,collection_software,panel_sample,online_panel,individual,daily,global,100,consumer_behavior|labor_employment,public_opinion,direct,explicit_consent,subscription,commercial_only,B,Instrument software plus brokered sample; customer owns the microdata
surveymonkey,SurveyMonkey,Symphony Technology Group,USA,NOAM,1999,established,private_pe,active,NA,collection_software,panel_sample,online_panel,individual,daily,global,100,consumer_behavior|public_opinion,NA,direct,explicit_consent,subscription,commercial_only,B,Taken private in 2023; SurveyMonkey Audience supplies sample
alchemer,Alchemer,NA,USA,NOAM,2006,established,private_pe,active,NA,collection_software,NA,online_panel,individual,daily,global,100,consumer_behavior,labor_employment,direct,explicit_consent,subscription,commercial_only,C,Formerly SurveyGizmo
forsta,Forsta,Press Ganey,USA,NOAM,2021,scaleup,subsidiary,active,NA,collection_software,survey_insights,online_panel,individual,daily,global,80,consumer_behavior|health_clinical,media_audience,direct,explicit_consent,subscription,commercial_only,B,Merger of Confirmit FocusVision and Dapresy
sawtooth_software,Sawtooth Software,NA,USA,NOAM,1983,established,private_independent,active,NA,collection_software,NA,online_panel,individual,episodic,global,100,consumer_behavior,NA,direct,explicit_consent,subscription,commercial_only,C,Conjoint and discrete choice instrumentation used heavily in academia
surveycto,SurveyCTO,Dobility,USA,NOAM,2011,scaleup,private_independent,active,NA,collection_software,field_agency,face_to_face,individual,episodic,global,165,public_opinion|health_clinical,agriculture|education,direct,explicit_consent,subscription,none,A,Collect app reported in use across more than 165 countries; dominant in development research
kobotoolbox,KoboToolbox,Kobo Inc,USA,NOAM,2010,established,nonprofit,active,NA,collection_software,field_agency,face_to_face,individual,episodic,global,180,health_clinical|migration_displacement,agriculture|education,direct,explicit_consent,open_free,none,A,Built at the Harvard Humanitarian Initiative; free tier anchors humanitarian data collection
odk,ODK,Get ODK Inc,USA,NOAM,2008,established,nonprofit,active,NA,collection_software,NA,face_to_face,individual,episodic,global,180,health_clinical|agriculture,education|environment_climate,direct,explicit_consent,open_free,none,A,Open-source Collect and Central stack underlying much of the sector
commcare_dimagi,CommCare,Dimagi,USA,NOAM,2002,established,private_independent,active,NA,collection_software,field_agency,face_to_face,individual,daily,global,130,health_clinical,education|agriculture,direct,explicit_consent,subscription,none,B,Frontline health worker case management and data capture
ona,Ona,NA,KEN,SSA,2012,scaleup,private_independent,active,NA,collection_software,field_agency,face_to_face,individual,episodic,multi_region,40,health_clinical|agriculture,education,direct,explicit_consent,subscription,none,C,Nairobi-based open-source data systems provider
mwater,mWater,NA,USA,NOAM,2012,scaleup,nonprofit,active,NA,collection_software,NA,face_to_face,place,episodic,global,180,environment_climate|health_clinical,infrastructure,direct,explicit_consent,open_free,open,C,Free platform specialised in water and sanitation monitoring
redcap,REDCap,Vanderbilt University,USA,NOAM,2004,established,academic,active,NA,collection_software,NA,clinical_records,individual,episodic,global,150,health_clinical,education,direct,explicit_consent,open_free,none,B,Consortium-licensed to academic medical centres; institution retains the data
gorilla_sc,Gorilla,Cauldron,GBR,WEU,2015,scaleup,private_independent,active,NA,collection_software,NA,online_panel,individual,episodic,global,100,public_opinion,education,direct,explicit_consent,subscription,none,C,Online behavioural experiment builder used in psychology
credamo,Credamo,NA,CHN,CHN,2017,scaleup,private_independent,active,NA,collection_software,panel_sample,online_panel,individual,daily,single_country,1,consumer_behavior|public_opinion,NA,direct,explicit_consent,marketplace,commercial_only,C,Chinese academic survey and experiment panel platform
wenjuanxing,Wenjuanxing,Changsha Ranxing,CHN,CHN,2006,established,private_independent,active,NA,collection_software,panel_sample,online_panel,individual,daily,single_country,1,consumer_behavior|public_opinion,NA,direct,platform_terms,subscription,commercial_only,C,Dominant Chinese questionnaire platform
one_to_one_tunisia,One to One for Research and Polling,NA,TUN,MENA,2004,established,private_independent,active,NA,field_agency,survey_insights,face_to_face,individual,episodic,single_region,5,public_opinion|consumer_behavior,media_audience,direct,explicit_consent,project_commission,none,C,Tunis-based; recurring partner for cross-national attitudinal programmes
sigma_conseil,Sigma Conseil,NA,TUN,MENA,1996,established,private_independent,active,NA,field_agency,audience_measurement,face_to_face,individual,daily,single_region,6,public_opinion|media_audience,consumer_behavior,direct,explicit_consent,project_commission,none,C,Runs Tunisian television audience measurement alongside political polling
emrhod_consulting,Emrhod Consulting,NA,TUN,MENA,2011,scaleup,private_independent,active,NA,field_agency,survey_insights,telephone,individual,episodic,single_country,1,public_opinion,consumer_behavior,direct,explicit_consent,project_commission,none,C,Tunisian electoral and opinion polling
elka_consulting,Elka Consulting,NA,TUN,MENA,2011,scaleup,private_independent,active,NA,field_agency,survey_insights,face_to_face,individual,episodic,single_country,1,public_opinion,consumer_behavior,direct,explicit_consent,project_commission,none,C,Tunisian survey and evaluation fieldwork
bjka_consulting,BJKA Consulting,NA,MAR,MENA,2007,scaleup,private_independent,active,NA,field_agency,survey_insights,face_to_face,individual,episodic,single_country,1,public_opinion|consumer_behavior,NA,direct,explicit_consent,project_commission,none,C,Casablanca-based fieldwork provider
lms_csa_maroc,LMS CSA,Groupe LMS,MAR,MENA,1994,established,subsidiary,active,NA,field_agency,survey_insights,face_to_face,individual,episodic,single_country,1,consumer_behavior|public_opinion,media_audience,direct,explicit_consent,project_commission,none,C,Long-standing Moroccan research house
baseera_egypt,Egyptian Center for Public Opinion Research Baseera,NA,EGY,MENA,2011,scaleup,nonprofit,active,NA,field_agency,survey_insights,telephone,individual,episodic,single_country,1,public_opinion,health_clinical,direct,explicit_consent,open_free,researcher_restricted,C,Publishes topline results; operates under Egyptian research approval constraints
pcpsr,Palestinian Center for Policy and Survey Research,NA,PSE,MENA,1993,established,nonprofit,active,NA,field_agency,survey_insights,face_to_face,individual,quarterly,single_country,1,public_opinion|conflict_security,NA,direct,explicit_consent,open_free,researcher_restricted,B,Quarterly Palestinian opinion series with published microdata
awrad,Arab World for Research and Development,NA,PSE,MENA,2007,scaleup,private_independent,active,NA,field_agency,survey_insights,face_to_face,individual,episodic,single_region,6,public_opinion|conflict_security,migration_displacement,direct,explicit_consent,project_commission,none,C,Ramallah-based with work across the Levant
nama_strategic,NAMA Strategic Intelligence Solutions,NA,JOR,MENA,2006,scaleup,private_independent,active,NA,field_agency,survey_insights,face_to_face,individual,episodic,single_region,8,public_opinion|consumer_behavior,NA,direct,explicit_consent,project_commission,none,C,Amman-based regional fieldwork contractor
css_jordan,Center for Strategic Studies University of Jordan,University of Jordan,JOR,MENA,1984,established,academic,active,NA,field_agency,survey_insights,face_to_face,individual,episodic,single_region,10,public_opinion|conflict_security,NA,direct,explicit_consent,open_free,researcher_restricted,C,Academic polling centre with regional reach
iiacss,Independent Institute for Administration and Civil Society Studies,NA,IRQ,MENA,2003,established,private_independent,active,NA,field_agency,survey_insights,face_to_face,individual,episodic,single_region,5,public_opinion|conflict_security,NA,direct,explicit_consent,project_commission,none,C,One of very few firms sustaining face-to-face fieldwork in Iraq
parc_dubai,Pan Arab Research Center,NA,ARE,MENA,1979,established,private_independent,active,NA,field_agency,audience_measurement,face_to_face,individual,episodic,single_region,15,consumer_behavior|media_audience,NA,direct,explicit_consent,project_commission,none,C,Gulf and wider Arab market fieldwork
ispa_iran,Iranian Students Polling Agency,Jahad Daneshgahi,IRN,MENA,2001,established,state_linked,active,NA,field_agency,survey_insights,telephone,individual,episodic,single_country,1,public_opinion,consumer_behavior,direct,explicit_consent,open_free,none,C,State-affiliated; results are the main domestic polling source but politically constrained
gamaan,GAMAAN,NA,NLD,WEU,2019,startup,nonprofit,active,NA,field_agency,survey_insights,online_panel,individual,episodic,single_country,1,public_opinion,NA,direct,explicit_consent,open_free,researcher_restricted,C,Diaspora-run online sampling of Iranian respondents to bypass domestic constraints
konda,KONDA Research and Consultancy,NA,TUR,MENA,1986,established,private_independent,active,NA,field_agency,survey_insights,face_to_face,individual,monthly,single_country,1,public_opinion,consumer_behavior,direct,explicit_consent,subscription,researcher_restricted,B,Monthly Turkish barometer with long time series
metropoll,MetroPOLL Strategic and Social Research,NA,TUR,MENA,2007,scaleup,private_independent,active,NA,field_agency,survey_insights,telephone,individual,monthly,single_country,1,public_opinion,NA,direct,explicit_consent,subscription,none,C,Turkish political tracking
areda_survey,Areda Survey,NA,TUR,MENA,2015,scaleup,private_independent,active,NA,field_agency,survey_insights,face_to_face,individual,monthly,single_country,1,public_opinion,NA,direct,explicit_consent,project_commission,none,C,Turkish polling firm
midgam_israel,Midgam Project,NA,ISR,MENA,1994,established,private_independent,active,NA,field_agency,panel_sample,telephone,individual,episodic,single_country,1,public_opinion,consumer_behavior,direct,explicit_consent,project_commission,none,C,Israeli fieldwork and panel provider used in academic experiments
ipanel_israel,iPanel,NA,ISR,MENA,2005,established,private_independent,active,NA,panel_sample,field_agency,online_panel,individual,weekly,single_country,1,public_opinion|consumer_behavior,NA,direct,explicit_consent,panel_rental,commercial_only,C,Largest Israeli online panel
arab_barometer,Arab Barometer,Princeton University,USA,NOAM,2006,established,academic,active,NA,survey_insights,field_agency,face_to_face,individual,episodic,single_region,16,public_opinion,migration_displacement,direct,explicit_consent,open_free,open,A,Network commissioning local firms; publishes full microdata openly since 2006
afrobarometer,Afrobarometer,CDD-Ghana and partners,GHA,SSA,1999,established,nonprofit,active,NA,survey_insights,field_agency,face_to_face,individual,episodic,single_region,41,public_opinion,health_clinical|education,direct,explicit_consent,open_free,open,A,41 national partners; regional hubs in Ghana South Africa Kenya and Benin
cdd_ghana,Ghana Center for Democratic Development,NA,GHA,SSA,1998,established,nonprofit,active,NA,field_agency,survey_insights,face_to_face,individual,episodic,single_region,20,public_opinion,NA,direct,explicit_consent,open_free,open,A,Afrobarometer West Africa hub and national partner
ijr_south_africa,Institute for Justice and Reconciliation,NA,ZAF,SSA,2000,established,nonprofit,active,NA,field_agency,survey_insights,face_to_face,individual,episodic,single_region,15,public_opinion,conflict_security,direct,explicit_consent,open_free,open,A,Afrobarometer Southern Africa hub
ids_nairobi,Institute for Development Studies University of Nairobi,University of Nairobi,KEN,SSA,1965,established,academic,active,NA,field_agency,survey_insights,face_to_face,individual,episodic,single_region,12,public_opinion|labor_employment,NA,direct,explicit_consent,open_free,open,A,Afrobarometer East Africa hub
ireg_benin,Innovante Recherche en Economie et Gouvernance,NA,BEN,SSA,2015,scaleup,nonprofit,active,NA,field_agency,survey_insights,face_to_face,individual,episodic,single_region,10,public_opinion,NA,direct,explicit_consent,open_free,open,A,Afrobarometer francophone West Africa hub
infotrak,Infotrak Research and Consulting,NA,KEN,SSA,2004,established,private_independent,active,NA,field_agency,survey_insights,face_to_face,individual,episodic,single_region,10,public_opinion|consumer_behavior,NA,direct,explicit_consent,project_commission,none,C,East African fieldwork and political polling
tifa_research,TIFA Research,NA,KEN,SSA,1996,established,private_independent,active,NA,field_agency,survey_insights,telephone,individual,episodic,single_country,1,public_opinion|consumer_behavior,NA,direct,explicit_consent,project_commission,none,C,Kenyan opinion research
consumer_insight_africa,Consumer Insight Africa,NA,KEN,SSA,2001,established,private_independent,active,NA,field_agency,survey_insights,face_to_face,individual,episodic,single_region,8,consumer_behavior|media_audience,NA,direct,explicit_consent,project_commission,none,C,East African consumer and media research
geopoll,GeoPoll,Mobile Accord,USA,NOAM,2012,scaleup,private_independent,active,NA,field_agency,panel_sample,telephone,individual,weekly,multi_region,35,public_opinion|media_audience,health_clinical|migration_displacement,direct,explicit_consent,project_commission,none,B,SMS voice and app surveys reaching low-connectivity African and Asian populations
sagaci_research,Sagaci Research,NA,MUS,SSA,2012,scaleup,private_independent,active,NA,field_agency,retail_pricing,face_to_face,individual,monthly,single_region,25,consumer_behavior|prices_retail,media_audience,direct,explicit_consent,subscription,commercial_only,C,Pan-African consumer tracking and retail audits
noipolls,NOIPolls,NA,NGA,SSA,2006,established,private_independent,active,NA,field_agency,survey_insights,telephone,individual,monthly,single_country,1,public_opinion|health_clinical,NA,direct,explicit_consent,open_free,none,C,Nigerian opinion polling affiliated with the Gallup methodology
sbm_intelligence,SB Morgen Intelligence,NA,NGA,SSA,2012,scaleup,private_independent,active,NA,field_agency,social_osint,face_to_face,individual,monthly,single_region,6,conflict_security|public_opinion,prices_retail,direct,explicit_consent,subscription,none,C,Nigerian geopolitical and security research with incident tracking
practical_sampling,Practical Sampling International,NA,NGA,SSA,1996,established,private_independent,active,NA,field_agency,survey_insights,face_to_face,individual,episodic,single_region,6,consumer_behavior|public_opinion,NA,direct,explicit_consent,project_commission,none,C,West African fieldwork contractor
ask_afrika,Ask Afrika,NA,ZAF,SSA,1995,established,private_independent,active,NA,field_agency,survey_insights,face_to_face,individual,episodic,single_region,15,consumer_behavior|public_opinion,media_audience,direct,explicit_consent,project_commission,none,C,South African research house with continental reach
plus94_research,Plus 94 Research,NA,ZAF,SSA,1995,established,private_independent,active,NA,field_agency,survey_insights,face_to_face,individual,episodic,single_region,10,public_opinion|consumer_behavior,NA,direct,explicit_consent,project_commission,none,C,South African social and political research
citizen_surveys,Citizen Surveys,NA,ZAF,SSA,1995,established,private_independent,active,NA,field_agency,survey_insights,face_to_face,individual,episodic,single_country,1,public_opinion,NA,direct,explicit_consent,project_commission,none,C,South African opinion measurement
busara_center,Busara Center for Behavioral Economics,NA,KEN,SSA,2012,scaleup,nonprofit,active,NA,field_agency,collection_software,face_to_face,individual,episodic,multi_region,20,public_opinion|labor_employment,health_clinical|education,direct,explicit_consent,project_commission,researcher_restricted,B,Behavioural lab and field experiment infrastructure across Africa and South Asia
ipa_research,Innovations for Poverty Action,NA,USA,NOAM,2002,established,nonprofit,active,NA,field_agency,collection_software,face_to_face,household,episodic,multi_region,22,labor_employment|education,health_clinical|agriculture,direct,explicit_consent,open_free,researcher_restricted,B,Runs its own country offices and enumerator networks for randomised evaluations
jpal,J-PAL,MIT,USA,NOAM,2003,established,academic,active,NA,field_agency,survey_insights,face_to_face,household,episodic,multi_region,25,labor_employment|education,health_clinical|agriculture,direct,explicit_consent,open_free,open,B,Research network whose affiliates commission and archive large volumes of primary field data
laterite,Laterite,NA,NLD,WEU,2011,scaleup,private_independent,active,NA,field_agency,survey_insights,face_to_face,household,episodic,single_region,6,education|labor_employment,agriculture|health_clinical,direct,explicit_consent,project_commission,none,C,East African data firm with permanent offices in Rwanda Ethiopia Kenya and Uganda
sixty_decibels,60 Decibels,NA,USA,NOAM,2019,scaleup,private_independent,active,NA,field_agency,survey_insights,telephone,individual,episodic,multi_region,80,labor_employment|health_clinical,agriculture|education,direct,explicit_consent,project_commission,none,B,Phone-based social impact measurement using local call teams
lokniti_csds,Lokniti CSDS,Centre for the Study of Developing Societies,IND,SAS,1963,established,academic,active,NA,field_agency,survey_insights,face_to_face,individual,episodic,single_country,1,public_opinion,education,direct,explicit_consent,open_free,researcher_restricted,B,National Election Study series and the main academic survey infrastructure in India
cvoter,CVoter International,NA,IND,SAS,1991,established,private_independent,active,NA,field_agency,survey_insights,telephone,individual,daily,single_region,5,public_opinion,consumer_behavior,direct,explicit_consent,subscription,none,C,Continuous Indian tracking polls
axis_my_india,Axis My India,NA,IND,SAS,2013,scaleup,private_independent,active,NA,field_agency,survey_insights,face_to_face,individual,episodic,single_country,1,public_opinion|consumer_behavior,NA,direct,explicit_consent,project_commission,none,C,Indian exit polling and consumer sentiment
hansa_research,Hansa Research Group,NA,IND,SAS,1970,established,private_independent,active,NA,field_agency,audience_measurement,face_to_face,individual,episodic,single_region,6,consumer_behavior|media_audience,NA,direct,explicit_consent,project_commission,none,C,Indian full-service fieldwork including radio audience measurement
q_and_q_research,Q and Q Research Insights,NA,IND,SAS,2015,scaleup,private_independent,active,NA,field_agency,panel_sample,face_to_face,individual,episodic,single_region,8,consumer_behavior|health_clinical,NA,direct,explicit_consent,project_commission,none,C,South Asian fieldwork contractor
outline_india,Outline India,NA,IND,SAS,2012,scaleup,private_independent,active,NA,field_agency,survey_insights,face_to_face,household,episodic,single_country,1,education|health_clinical,labor_employment,direct,explicit_consent,project_commission,none,C,Development sector primary data collection
gallup_pakistan,Gallup Pakistan,NA,PAK,SAS,1980,established,private_independent,active,NA,field_agency,survey_insights,face_to_face,individual,episodic,single_country,1,public_opinion|consumer_behavior,NA,direct,explicit_consent,open_free,none,C,Affiliate of Gallup International Association and the main Pakistani polling house
lsi_indonesia,Lembaga Survei Indonesia,NA,IDN,SEA,2003,established,nonprofit,active,NA,field_agency,survey_insights,face_to_face,individual,episodic,single_country,1,public_opinion,NA,direct,explicit_consent,open_free,none,C,Indonesian political survey institute
smrc_indonesia,Saiful Mujani Research and Consulting,NA,IDN,SEA,2010,scaleup,private_independent,active,NA,field_agency,survey_insights,telephone,individual,monthly,single_country,1,public_opinion,NA,direct,explicit_consent,open_free,none,C,Indonesian electoral polling
indikator_politik,Indikator Politik Indonesia,NA,IDN,SEA,2012,scaleup,private_independent,active,NA,field_agency,survey_insights,telephone,individual,monthly,single_country,1,public_opinion,NA,direct,explicit_consent,open_free,none,C,Indonesian political tracking
sws_philippines,Social Weather Stations,NA,PHL,SEA,1985,established,nonprofit,active,NA,field_agency,survey_insights,face_to_face,household,quarterly,single_country,1,public_opinion|labor_employment,health_clinical,direct,explicit_consent,subscription,researcher_restricted,B,Quarterly Philippine social weather series with an archived microdata catalogue
pulse_asia,Pulse Asia Research,NA,PHL,SEA,1999,established,private_independent,active,NA,field_agency,survey_insights,face_to_face,individual,quarterly,single_country,1,public_opinion,NA,direct,explicit_consent,project_commission,none,C,Philippine electoral and issue polling
cimigo,Cimigo,NA,VNM,SEA,2007,scaleup,private_independent,active,NA,field_agency,survey_insights,face_to_face,individual,episodic,single_region,6,consumer_behavior,media_audience,direct,explicit_consent,project_commission,none,C,Vietnamese and Mekong region consumer research
q_and_me,Q and Me,Asia Plus,VNM,SEA,2013,scaleup,private_independent,active,NA,panel_sample,field_agency,online_panel,individual,weekly,single_country,1,consumer_behavior,NA,direct,explicit_consent,subscription,commercial_only,C,Vietnamese online panel
indochina_research,Indochina Research,NA,VNM,SEA,1994,established,private_independent,active,NA,field_agency,survey_insights,face_to_face,individual,episodic,single_region,4,consumer_behavior|public_opinion,NA,direct,explicit_consent,project_commission,none,C,Vietnam Cambodia Laos and Myanmar fieldwork
deka_research,DEKA Marketing Research,NA,IDN,SEA,1993,established,private_independent,active,NA,field_agency,survey_insights,face_to_face,individual,episodic,single_country,1,consumer_behavior,media_audience,direct,explicit_consent,project_commission,none,C,Indonesian full-service fieldwork
macromill,Macromill,NA,JPN,EAS,2000,established,public_listed,active,NA,panel_sample,survey_insights,online_panel,individual,daily,single_region,10,consumer_behavior,media_audience,direct,explicit_consent,panel_rental,commercial_only,B,Largest Japanese online panel operator
intage,INTAGE Holdings,NA,JPN,EAS,1960,established,public_listed,active,NA,retail_pricing,survey_insights,transaction,transaction,weekly,single_region,8,prices_retail|consumer_behavior,health_clinical,indirect,contractual_third_party,subscription,commercial_only,B,Japanese consumer panel and retail measurement
nikkei_research,Nikkei Research,Nikkei,JPN,EAS,1970,established,subsidiary,active,NA,survey_insights,field_agency,online_panel,individual,episodic,single_region,8,consumer_behavior|firmographic,public_opinion,direct,explicit_consent,project_commission,none,C,Corporate and consumer research arm of the Nikkei group
cross_marketing,Cross Marketing,NA,JPN,EAS,2003,established,public_listed,active,NA,panel_sample,survey_insights,online_panel,individual,weekly,single_region,6,consumer_behavior,NA,direct,explicit_consent,panel_rental,commercial_only,C,Japanese online panel and research services
embrain,Embrain,NA,KOR,EAS,1998,established,private_independent,active,NA,panel_sample,survey_insights,online_panel,individual,weekly,single_country,1,consumer_behavior|public_opinion,NA,direct,explicit_consent,panel_rental,commercial_only,C,Largest South Korean online panel
hankook_research,Hankook Research,NA,KOR,EAS,1978,established,private_independent,active,NA,field_agency,survey_insights,telephone,individual,weekly,single_country,1,public_opinion|consumer_behavior,NA,direct,explicit_consent,project_commission,none,C,South Korean polling and social research
realmeter,Realmeter,NA,KOR,EAS,2006,established,private_independent,active,NA,field_agency,survey_insights,telephone,individual,weekly,single_country,1,public_opinion,NA,direct,explicit_consent,subscription,none,C,Weekly South Korean political tracking
gallup_korea,Gallup Korea,NA,KOR,EAS,1974,established,private_independent,active,NA,field_agency,survey_insights,telephone,individual,weekly,single_country,1,public_opinion|consumer_behavior,NA,direct,explicit_consent,open_free,none,C,Independent licensee running the main Korean weekly political series
horizon_china,Horizon Research Consultancy Group,NA,CHN,CHN,1992,established,private_independent,active,NA,field_agency,survey_insights,face_to_face,individual,episodic,single_country,1,public_opinion|consumer_behavior,NA,direct,explicit_consent,project_commission,none,C,One of the few Chinese firms with a social research tradition
ctr_china,CTR Market Research,CCTV and Kantar,CHN,CHN,1995,established,state_linked,active,NA,audience_measurement,retail_pricing,device_passive,individual,daily,single_country,1,media_audience|consumer_behavior,prices_retail,indirect,contractual_third_party,subscription,commercial_only,C,Joint venture with state broadcaster; dominant Chinese media measurement
csm_media,CSM Media Research,CTR and Kantar,CHN,CHN,1997,established,state_linked,active,NA,audience_measurement,NA,device_passive,household,daily,single_country,1,media_audience,NA,indirect,contractual_third_party,subscription,commercial_only,C,Chinese television audience measurement joint venture
datafolha,Datafolha,Grupo Folha,BRA,LAC,1983,established,subsidiary,active,NA,field_agency,survey_insights,face_to_face,individual,episodic,single_country,1,public_opinion|consumer_behavior,NA,direct,explicit_consent,open_free,none,B,Newspaper-owned Brazilian polling institute
ipec_brasil,Ipec Inteligencia em Pesquisa e Consultoria,NA,BRA,LAC,2021,scaleup,private_independent,active,NA,field_agency,survey_insights,face_to_face,individual,episodic,single_country,1,public_opinion|media_audience,NA,direct,explicit_consent,project_commission,none,C,Successor to the Brazilian operations of Ibope Inteligencia
quaest,Quaest Pesquisa e Consultoria,NA,BRA,LAC,2010,scaleup,private_independent,active,NA,field_agency,survey_insights,face_to_face,individual,monthly,single_country,1,public_opinion,NA,direct,explicit_consent,subscription,none,C,Brazilian political and economic tracking
atlasintel,AtlasIntel,NA,BRA,LAC,2019,startup,private_independent,active,NA,field_agency,survey_insights,online_panel,individual,monthly,multi_region,25,public_opinion,NA,direct,explicit_consent,subscription,none,B,Digital recruitment methodology now polling across the Americas and Europe
consulta_mitofsky,Consulta Mitofsky,NA,MEX,LAC,1994,established,private_independent,active,NA,field_agency,survey_insights,face_to_face,individual,monthly,single_region,10,public_opinion,NA,direct,explicit_consent,open_free,none,C,Mexican polling house with Latin American reach
enkoll,Enkoll,NA,MEX,LAC,2015,scaleup,private_independent,active,NA,field_agency,survey_insights,face_to_face,individual,episodic,single_country,1,public_opinion,NA,direct,explicit_consent,project_commission,none,C,Mexican electoral polling
buendia_marquez,Buendia y Marquez,NA,MEX,LAC,2018,scaleup,private_independent,active,NA,field_agency,survey_insights,face_to_face,individual,episodic,single_country,1,public_opinion,NA,direct,explicit_consent,project_commission,none,C,Mexican public opinion consultancy
cadem,Cadem,NA,CHL,LAC,2004,established,private_independent,active,NA,field_agency,survey_insights,telephone,individual,weekly,single_country,1,public_opinion|consumer_behavior,NA,direct,explicit_consent,open_free,none,C,Weekly Chilean political tracking
invamer,Invamer,NA,COL,LAC,1975,established,private_independent,active,NA,field_agency,survey_insights,face_to_face,individual,episodic,single_country,1,public_opinion|consumer_behavior,NA,direct,explicit_consent,project_commission,none,C,Colombian polling and market research
datexco,Datexco,NA,COL,LAC,1996,established,private_independent,active,NA,field_agency,survey_insights,telephone,individual,monthly,single_country,1,public_opinion,NA,direct,explicit_consent,project_commission,none,C,Colombian opinion polling
cid_gallup,CID Gallup,NA,CRI,LAC,1977,established,private_independent,active,NA,field_agency,survey_insights,telephone,individual,episodic,single_region,12,public_opinion|consumer_behavior,NA,direct,explicit_consent,project_commission,none,C,Central American and Caribbean fieldwork specialist
poliarquia,Poliarquia Consultores,NA,ARG,LAC,1985,established,private_independent,active,NA,field_agency,survey_insights,telephone,individual,monthly,single_country,1,public_opinion,NA,direct,explicit_consent,project_commission,none,C,Argentine political research
latinobarometro,Latinobarometro,NA,CHL,LAC,1995,established,nonprofit,active,NA,survey_insights,field_agency,face_to_face,individual,annual,single_region,17,public_opinion,NA,direct,explicit_consent,open_free,open,B,Annual regional series with open microdata; fieldwork subcontracted nationally
lapop,LAPOP Lab,Vanderbilt University,USA,NOAM,2004,established,academic,active,NA,survey_insights,field_agency,face_to_face,individual,episodic,single_region,26,public_opinion|conflict_security,migration_displacement,direct,explicit_consent,open_free,open,B,AmericasBarometer covering the hemisphere with fully open microdata
levada_center,Levada Center,NA,RUS,RUS,2003,established,nonprofit,active,NA,field_agency,survey_insights,face_to_face,individual,monthly,single_country,1,public_opinion,NA,direct,explicit_consent,open_free,researcher_restricted,B,Designated a foreign agent in 2016 which constrains publication and funding
vciom,VCIOM,NA,RUS,RUS,1987,established,state_linked,active,NA,field_agency,survey_insights,telephone,individual,weekly,single_country,1,public_opinion|consumer_behavior,NA,direct,explicit_consent,open_free,none,B,State-owned; the largest Russian polling operation
fom_russia,Public Opinion Foundation FOM,NA,RUS,RUS,1992,established,state_linked,active,NA,field_agency,survey_insights,face_to_face,individual,weekly,single_country,1,public_opinion,NA,direct,explicit_consent,open_free,none,C,Closely tied to the presidential administration
russian_field,Russian Field,NA,RUS,RUS,2016,scaleup,private_independent,active,NA,field_agency,survey_insights,telephone,individual,monthly,single_country,1,public_opinion,NA,direct,explicit_consent,open_free,none,C,Independent Russian polling operating under wartime legal risk
kiis,Kyiv International Institute of Sociology,NA,UKR,EEU,1990,established,private_independent,active,NA,field_agency,survey_insights,telephone,individual,monthly,single_country,1,public_opinion|conflict_security,migration_displacement,direct,explicit_consent,open_free,researcher_restricted,B,Principal Ukrainian survey house; excludes occupied territories from frames
rating_group,Sociological Group Rating,NA,UKR,EEU,2008,established,private_independent,active,NA,field_agency,survey_insights,telephone,individual,monthly,single_country,1,public_opinion,NA,direct,explicit_consent,open_free,none,C,Ukrainian political polling shifted to phone after 2022
razumkov_centre,Razumkov Centre,NA,UKR,EEU,1994,established,nonprofit,active,NA,field_agency,survey_insights,telephone,individual,quarterly,single_country,1,public_opinion|conflict_security,NA,direct,explicit_consent,open_free,none,C,Ukrainian think tank with an in-house survey service
info_sapiens,Info Sapiens,NA,UKR,EEU,2018,scaleup,private_independent,active,NA,field_agency,survey_insights,telephone,individual,monthly,single_country,1,public_opinion|consumer_behavior,NA,direct,explicit_consent,project_commission,none,C,Successor to the Ukrainian GfK operation
gradus_research,Gradus Research,NA,UKR,EEU,2018,scaleup,private_independent,active,NA,panel_sample,field_agency,mobile_app,individual,weekly,single_country,1,public_opinion|consumer_behavior,NA,direct,explicit_consent,subscription,none,C,App-based Ukrainian panel that kept operating through the full-scale war
crrc,Caucasus Research Resource Centers,NA,GEO,EEU,2003,established,nonprofit,active,NA,field_agency,survey_insights,face_to_face,individual,episodic,single_region,3,public_opinion,migration_displacement,direct,explicit_consent,open_free,open,B,Caucasus Barometer with open microdata for Georgia Armenia and Azerbaijan
act_georgia,ACT,NA,GEO,EEU,2000,established,private_independent,active,NA,field_agency,survey_insights,face_to_face,individual,episodic,single_region,4,consumer_behavior|public_opinion,NA,direct,explicit_consent,project_commission,none,C,South Caucasus fieldwork contractor
central_asia_barometer,Central Asia Barometer,NA,KGZ,RUS,2016,scaleup,nonprofit,active,NA,field_agency,survey_insights,face_to_face,individual,episodic,single_region,5,public_opinion,migration_displacement,direct,explicit_consent,open_free,open,C,Rare cross-national attitudinal series covering all five Central Asian states
m_vector,M-Vector,NA,KGZ,RUS,2003,established,private_independent,active,NA,field_agency,survey_insights,face_to_face,individual,episodic,single_region,8,consumer_behavior|public_opinion,NA,direct,explicit_consent,project_commission,none,C,Central Asian and Caucasus fieldwork
siar_research,SIAR Research and Consulting,NA,KGZ,RUS,2003,established,private_independent,active,NA,field_agency,survey_insights,face_to_face,individual,episodic,single_region,6,consumer_behavior|public_opinion,NA,direct,explicit_consent,project_commission,none,C,Central Asian research group
ipm_belarus,Research Center IPM,NA,LTU,EEU,1999,established,nonprofit,active,NA,field_agency,survey_insights,online_panel,individual,quarterly,single_country,1,public_opinion|labor_employment,NA,direct,explicit_consent,open_free,researcher_restricted,C,Belarus-focused research relocated to Lithuania after 2020
roy_morgan,Roy Morgan Research,NA,AUS,OCE,1941,established,private_independent,active,NA,survey_insights,audience_measurement,telephone,individual,weekly,single_region,4,consumer_behavior|public_opinion,media_audience,direct,explicit_consent,subscription,commercial_only,B,Long-running Australian single source consumer and audience series
essential_research,Essential Research,NA,AUS,OCE,2007,scaleup,private_independent,active,NA,field_agency,survey_insights,online_panel,individual,weekly,single_country,1,public_opinion,NA,direct,explicit_consent,open_free,none,C,Weekly Australian political tracking
oztam,OzTAM,Free TV and subscription broadcasters,AUS,OCE,2001,established,cooperative_jic,active,NA,audience_measurement,NA,device_passive,household,daily,single_country,1,media_audience,NA,indirect,explicit_consent,subscription,commercial_only,C,Industry joint venture running Australian television measurement
barb_uk,BARB,UK broadcasters and advertisers,GBR,WEU,1981,established,cooperative_jic,active,NA,audience_measurement,NA,device_passive,household,daily,single_country,1,media_audience,NA,indirect,explicit_consent,subscription,researcher_restricted,B,Joint industry committee model where broadcasters commission measurement collectively
mediametrie,Mediametrie,NA,FRA,WEU,1985,established,private_independent,active,NA,audience_measurement,survey_insights,device_passive,individual,daily,single_country,1,media_audience,NA,indirect,explicit_consent,subscription,commercial_only,C,French cross-media measurement; owned the West African agency Omedia until selling it to Ipsos in 2023
barc_india,BARC India,Indian broadcasters and advertisers,IND,SAS,2010,established,cooperative_jic,active,NA,audience_measurement,NA,device_passive,household,weekly,single_country,1,media_audience,NA,indirect,explicit_consent,subscription,commercial_only,C,Indian television audience measurement joint industry body
video_research_jp,Video Research,Dentsu and others,JPN,EAS,1962,established,subsidiary,active,NA,audience_measurement,survey_insights,device_passive,household,daily,single_country,1,media_audience,consumer_behavior,indirect,explicit_consent,subscription,commercial_only,C,Japanese television ratings incumbent
numeris,Numeris,Canadian broadcasters,CAN,NOAM,1944,established,cooperative_jic,active,NA,audience_measurement,NA,device_passive,household,daily,single_country,1,media_audience,NA,indirect,explicit_consent,subscription,commercial_only,C,Canadian not-for-profit measurement cooperative
scale_ai,Scale AI,NA,USA,NOAM,2016,scaleup,private_vc,active,NA,ai_training_data,crowd_micro,crowd_task,individual,daily,global,60,ai_labels,conflict_security|web_content,direct,platform_terms,project_commission,commercial_only,A,Meta took a 49 percent stake in 2025 which pushed rival frontier labs to neutral vendors
surge_ai,Surge AI,NA,USA,NOAM,2020,scaleup,private_vc,active,NA,ai_training_data,crowd_micro,crowd_task,individual,daily,global,40,ai_labels,NA,direct,platform_terms,project_commission,commercial_only,A,Reported over one billion dollars of revenue and a fifteen billion dollar valuation in 2026
mercor,Mercor,NA,USA,NOAM,2023,startup,private_vc,active,NA,ai_training_data,expert_network,expert_elicit,individual,daily,global,50,ai_labels|labor_employment,NA,direct,explicit_consent,project_commission,commercial_only,A,Expert marketplace reported near two billion dollars annualised revenue in 2026
handshake_ai,Handshake AI,Handshake,USA,NOAM,2024,startup,private_vc,active,NA,ai_training_data,expert_network,expert_elicit,individual,daily,multi_region,10,ai_labels|education,labor_employment,direct,explicit_consent,project_commission,commercial_only,A,Pivot of a student recruiting network into expert data supply; approached a one billion dollar run rate by mid 2026
micro1,Micro1,NA,USA,NOAM,2022,startup,private_vc,active,NA,ai_training_data,expert_network,expert_elicit,individual,daily,global,70,ai_labels,labor_employment,direct,explicit_consent,project_commission,commercial_only,B,Recruits technical specialists largely from South Asia and Eastern Europe
turing_com,Turing,NA,USA,NOAM,2018,scaleup,private_vc,active,NA,ai_training_data,expert_network,expert_elicit,individual,daily,global,90,ai_labels|labor_employment,NA,direct,explicit_consent,project_commission,commercial_only,B,Vetted engineering teams for coding and STEM model training
invisible_tech,Invisible Technologies,NA,USA,NOAM,2015,scaleup,private_vc,active,NA,ai_training_data,crowd_micro,crowd_task,individual,daily,global,80,ai_labels,NA,direct,platform_terms,project_commission,commercial_only,B,Distributed operations workforce repositioned toward model training
appen,Appen,NA,AUS,OCE,1996,established,public_listed,active,NA,ai_training_data,crowd_micro,crowd_task,individual,daily,global,170,ai_labels|identity_biometric,web_content,direct,platform_terms,project_commission,commercial_only,B,Long-standing crowd network; lost the Google contract in 2024 and rebranded its crowd as CrowdGen
toloka,Toloka,NA,CHE,WEU,2014,scaleup,private_independent,active,NA,ai_training_data,crowd_micro,crowd_task,individual,daily,global,100,ai_labels,web_content,direct,platform_terms,marketplace,commercial_only,B,Originally a Yandex unit; restructured away from Russia and now operates the Mindrift brand
telus_digital_ai,TELUS Digital AI Data Solutions,TELUS,CAN,NOAM,2005,established,subsidiary,active,NA,ai_training_data,crowd_micro,crowd_task,individual,daily,global,100,ai_labels|identity_biometric,NA,direct,platform_terms,project_commission,commercial_only,B,Built on the former Lionbridge AI and Playment operations
imerit,iMerit,NA,IND,SAS,2012,scaleup,private_vc,active,NA,ai_training_data,NA,crowd_task,individual,daily,multi_region,5,ai_labels|health_clinical,earth_observation,direct,platform_terms,project_commission,commercial_only,B,Impact sourcing model with delivery centres in India and Bhutan
sama,Sama,NA,USA,NOAM,2008,scaleup,private_vc,active,NA,ai_training_data,NA,crowd_task,individual,daily,multi_region,4,ai_labels|earth_observation,NA,direct,platform_terms,project_commission,commercial_only,B,Impact sourcing from East Africa; subject of labour litigation in Kenya
cloudfactory,CloudFactory,NA,GBR,WEU,2010,scaleup,private_vc,active,NA,ai_training_data,NA,crowd_task,individual,daily,multi_region,4,ai_labels,NA,direct,platform_terms,project_commission,commercial_only,C,Managed workforce delivery from Nepal and Kenya
superannotate,SuperAnnotate,NA,USA,NOAM,2018,scaleup,private_vc,active,NA,ai_training_data,collection_software,crowd_task,individual,daily,global,40,ai_labels,NA,direct,platform_terms,subscription,commercial_only,B,Annotation tooling plus managed workforce
labelbox,Labelbox,NA,USA,NOAM,2018,scaleup,private_vc,active,NA,ai_training_data,collection_software,crowd_task,individual,daily,global,50,ai_labels,NA,direct,platform_terms,subscription,commercial_only,B,Platform plus the Alignerr expert network
snorkel_ai,Snorkel AI,NA,USA,NOAM,2019,scaleup,private_vc,active,NA,ai_training_data,collection_software,expert_elicit,individual,daily,multi_region,15,ai_labels,NA,direct,explicit_consent,subscription,commercial_only,B,Programmatic labelling spun out of Stanford research
encord,Encord,NA,GBR,WEU,2020,startup,private_vc,active,NA,ai_training_data,collection_software,crowd_task,individual,daily,multi_region,20,ai_labels|health_clinical,NA,direct,platform_terms,subscription,commercial_only,C,Multimodal annotation tooling with a medical imaging focus
v7_labs,V7,NA,GBR,WEU,2018,scaleup,private_vc,active,NA,ai_training_data,collection_software,crowd_task,individual,daily,multi_region,20,ai_labels|health_clinical,NA,direct,platform_terms,subscription,commercial_only,C,Computer vision annotation platform
kili_technology,Kili Technology,NA,FRA,WEU,2018,scaleup,private_vc,active,NA,ai_training_data,collection_software,crowd_task,individual,daily,single_region,10,ai_labels,NA,direct,platform_terms,subscription,commercial_only,C,European annotation platform positioned around data sovereignty
dataloop,Dataloop,NA,ISR,MENA,2017,scaleup,private_vc,active,NA,ai_training_data,collection_software,crowd_task,individual,daily,multi_region,20,ai_labels,NA,direct,platform_terms,subscription,commercial_only,C,Data engine for unstructured training data
roboflow,Roboflow,NA,USA,NOAM,2019,scaleup,private_vc,active,NA,ai_training_data,collection_software,crowd_task,individual,daily,global,80,ai_labels,NA,direct,platform_terms,subscription,open,C,Computer vision tooling with a large open dataset repository
defined_ai,Defined.ai,NA,USA,NOAM,2015,scaleup,private_vc,active,NA,ai_training_data,crowd_micro,crowd_task,individual,episodic,global,50,ai_labels|identity_biometric,NA,direct,explicit_consent,marketplace,commercial_only,C,Marketplace for licensed speech and language training data
shaip,Shaip,NA,USA,NOAM,2018,scaleup,private_independent,active,NA,ai_training_data,NA,crowd_task,individual,episodic,multi_region,30,ai_labels|health_clinical,identity_biometric,direct,explicit_consent,project_commission,commercial_only,C,Collects bespoke speech medical and biometric datasets on commission
innodata,Innodata,NA,USA,NOAM,1988,established,public_listed,active,NA,ai_training_data,NA,crowd_task,individual,daily,multi_region,6,ai_labels|legal_regulatory,NA,direct,platform_terms,project_commission,commercial_only,B,Long-standing content engineering firm repositioned to model training
transperfect_dataforce,TransPerfect DataForce,TransPerfect,USA,NOAM,1992,established,subsidiary,active,NA,ai_training_data,crowd_micro,crowd_task,individual,daily,global,90,ai_labels|identity_biometric,NA,direct,explicit_consent,project_commission,commercial_only,C,Language services group supplying multilingual speech and text collection
speechocean,Speechocean,Beijing Haitian Ruisheng,CHN,CHN,2004,established,private_independent,active,NA,ai_training_data,NA,crowd_task,individual,episodic,global,50,ai_labels|identity_biometric,NA,direct,explicit_consent,marketplace,commercial_only,C,Chinese speech and multimodal corpus vendor with international catalogue
datatang,Datatang,NA,CHN,CHN,2011,established,private_independent,active,NA,ai_training_data,NA,crowd_task,individual,episodic,multi_region,20,ai_labels|identity_biometric,NA,direct,explicit_consent,marketplace,commercial_only,C,Chinese annotation and data collection provider
magic_data_tech,Magic Data Technology,NA,CHN,CHN,2016,scaleup,private_independent,active,NA,ai_training_data,NA,crowd_task,individual,episodic,multi_region,15,ai_labels,identity_biometric,direct,explicit_consent,marketplace,commercial_only,C,Chinese speech corpus specialist
dataannotation_tech,DataAnnotation.tech,NA,USA,NOAM,2021,startup,private_independent,active,NA,ai_training_data,crowd_micro,crowd_task,individual,daily,multi_region,8,ai_labels,NA,direct,platform_terms,project_commission,commercial_only,C,Direct-to-worker annotation platform recruiting in Anglophone markets
pareto_ai,Pareto AI,NA,USA,NOAM,2021,startup,private_vc,active,NA,ai_training_data,crowd_micro,crowd_task,individual,daily,multi_region,25,ai_labels,NA,direct,platform_terms,project_commission,commercial_only,C,Vetted annotation workforce concentrated in emerging markets
mturk,Amazon Mechanical Turk,Amazon,USA,NOAM,2005,established,subsidiary,active,NA,crowd_micro,ai_training_data,crowd_task,individual,daily,multi_region,20,ai_labels|public_opinion,consumer_behavior,direct,platform_terms,marketplace,commercial_only,B,Foundational micro-task market; worker pool heavily concentrated in the US and India
clickworker,Clickworker,NA,DEU,WEU,2005,established,private_independent,active,NA,crowd_micro,ai_training_data,crowd_task,individual,daily,global,70,ai_labels|web_content,NA,direct,platform_terms,marketplace,commercial_only,C,German crowdsourcing platform
premise_data,Premise Data,NA,USA,NOAM,2013,scaleup,private_vc,active,NA,crowd_micro,field_agency,mobile_app,place,daily,global,125,conflict_security|prices_retail,public_opinion|infrastructure,direct,explicit_consent,subscription,commercial_only,B,Task-based ground truth collection including defence and development clients
streetbees,Streetbees,NA,GBR,WEU,2015,scaleup,private_vc,active,NA,crowd_micro,survey_insights,mobile_app,individual,daily,global,80,consumer_behavior,health_clinical,direct,explicit_consent,subscription,commercial_only,C,Chat-based in-the-moment consumer observation
roamler,Roamler,NA,NLD,WEU,2011,scaleup,private_vc,active,NA,crowd_micro,retail_pricing,mobile_app,place,daily,single_region,12,prices_retail,NA,direct,explicit_consent,project_commission,commercial_only,C,European crowd retail auditing
field_agent,Field Agent,NA,USA,NOAM,2010,scaleup,private_independent,active,NA,crowd_micro,retail_pricing,mobile_app,place,daily,multi_region,6,prices_retail|consumer_behavior,NA,direct,explicit_consent,project_commission,commercial_only,C,Crowd retail auditing and shopper research
gigwalk,Gigwalk,NA,USA,NOAM,2010,scaleup,private_independent,active,NA,crowd_micro,retail_pricing,mobile_app,place,daily,single_country,1,prices_retail,NA,direct,explicit_consent,project_commission,commercial_only,C,US crowd merchandising and audit tasks
glg,GLG Gerson Lehrman Group,NA,USA,NOAM,1998,established,private_pe,active,NA,expert_network,NA,expert_elicit,individual,daily,global,100,firmographic|labor_employment,health_clinical,direct,explicit_consent,subscription,none,B,Largest expert network; elicitation records are not retained as a reusable dataset
third_bridge,Third Bridge,NA,GBR,WEU,2007,established,private_pe,active,NA,expert_network,NA,expert_elicit,individual,daily,global,80,firmographic,consumer_behavior,direct,explicit_consent,subscription,commercial_only,C,Transcript library built from expert interviews
guidepoint,Guidepoint,NA,USA,NOAM,2003,established,private_pe,active,NA,expert_network,NA,expert_elicit,individual,daily,global,80,firmographic|health_clinical,NA,direct,explicit_consent,subscription,none,C,Expert consultation and survey products for investors
alphasense,AlphaSense,NA,USA,NOAM,2011,scaleup,private_vc,active,NA,expert_network,web_data,web_scrape,document,daily,global,100,firmographic|legal_regulatory,web_content,indirect,public_record,subscription,commercial_only,B,Acquired Tegus in 2024 combining document search with expert call transcripts
dialectica,Dialectica,NA,GRC,WEU,2015,scaleup,private_independent,active,NA,expert_network,NA,expert_elicit,individual,daily,global,70,firmographic,NA,direct,explicit_consent,subscription,none,C,Expert network with a large Athens-based research operation
bright_data,Bright Data,NA,ISR,MENA,2014,scaleup,private_pe,active,NA,web_data,b2b_firmographic,web_scrape,document,daily,global,195,web_content|prices_retail,firmographic|social_discourse,indirect,public_record,subscription,commercial_only,B,Largest proxy and web extraction network; residential IP sourcing has drawn scrutiny
oxylabs,Oxylabs,Tesonet,LTU,EEU,2015,scaleup,private_independent,active,NA,web_data,NA,web_scrape,document,daily,global,195,web_content|prices_retail,firmographic,indirect,public_record,subscription,commercial_only,B,Lithuanian proxy and scraping infrastructure provider
decodo,Decodo,Tesonet,LTU,EEU,2018,scaleup,private_independent,active,NA,web_data,NA,web_scrape,document,daily,global,195,web_content,prices_retail,indirect,public_record,subscription,commercial_only,C,Formerly Smartproxy
zyte,Zyte,NA,IRL,WEU,2010,scaleup,private_vc,active,NA,web_data,NA,web_scrape,document,daily,global,190,web_content|prices_retail,NA,indirect,public_record,subscription,commercial_only,C,Formerly Scrapinghub and maintainer of the Scrapy framework
apify,Apify,NA,CZE,EEU,2015,scaleup,private_vc,active,NA,web_data,NA,web_scrape,document,daily,global,190,web_content|social_discourse,prices_retail,indirect,public_record,marketplace,commercial_only,C,Marketplace of prebuilt scrapers
firecrawl,Firecrawl,NA,USA,NOAM,2024,startup,private_vc,active,NA,web_data,ai_training_data,web_scrape,document,daily,global,190,web_content,ai_labels,indirect,public_record,api_license,commercial_only,C,Crawl-to-markdown infrastructure aimed at model and agent pipelines
tavily,Tavily,NA,ISR,MENA,2023,startup,private_vc,active,NA,web_data,NA,web_scrape,document,daily,global,190,web_content,NA,indirect,public_record,api_license,commercial_only,C,Search and retrieval API built for language model agents
diffbot,Diffbot,NA,USA,NOAM,2008,scaleup,private_independent,active,NA,web_data,b2b_firmographic,web_scrape,document,daily,global,190,web_content|firmographic,NA,indirect,public_record,api_license,commercial_only,C,Automated knowledge graph construction from crawled pages
common_crawl,Common Crawl,NA,USA,NOAM,2007,established,nonprofit,active,NA,web_data,ai_training_data,web_scrape,document,monthly,global,190,web_content,ai_labels,none,public_record,open_free,open,B,Free monthly web corpus underlying much of the language model training stack
promptcloud,PromptCloud,NA,IND,SAS,2009,scaleup,private_independent,active,NA,web_data,NA,web_scrape,document,daily,global,150,web_content|prices_retail,labor_employment,indirect,public_record,subscription,commercial_only,C,Managed web data extraction from India
grepsr,Grepsr,NA,NPL,SAS,2012,scaleup,private_independent,active,NA,web_data,NA,web_scrape,document,daily,global,150,web_content|prices_retail,NA,indirect,public_record,subscription,commercial_only,C,Managed extraction service based in Nepal
nimble_data,Nimble,NA,ISR,MENA,2020,startup,private_vc,active,NA,web_data,NA,web_scrape,document,daily,global,190,web_content|prices_retail,NA,indirect,public_record,api_license,commercial_only,C,AI-driven web data pipelines
coresignal,Coresignal,Tesonet,LTU,EEU,2016,scaleup,private_independent,active,NA,b2b_firmographic,web_data,web_scrape,individual,monthly,global,190,labor_employment|firmographic,web_content,indirect,public_record,api_license,commercial_only,B,Public professional profile data widely used in labour market research
acxiom,Acxiom,Omnicom,USA,NOAM,1969,established,subsidiary,active,NA,consumer_broker,NA,api_partner,individual,monthly,global,60,consumer_behavior|housing_property,credit_risk,indirect,contractual_third_party,api_license,commercial_only,B,Marketing identity graph covering hundreds of millions of individuals
experian,Experian,NA,IRL,WEU,1980,established,public_listed,active,NA,consumer_broker,NA,admin_records,individual,monthly,global,32,credit_risk|consumer_behavior,identity_biometric,indirect,contractual_third_party,api_license,commercial_only,A,Acquired AtData in 2026 adding roughly ten billion email addresses
equifax,Equifax,NA,USA,NOAM,1899,established,public_listed,active,NA,consumer_broker,NA,admin_records,individual,monthly,multi_region,24,credit_risk|labor_employment,housing_property,indirect,contractual_third_party,api_license,commercial_only,B,The Work Number payroll database is a distinctive employment data asset
transunion,TransUnion,NA,USA,NOAM,1968,established,public_listed,active,NA,consumer_broker,identity_biometric,admin_records,individual,monthly,multi_region,30,credit_risk|identity_biometric,consumer_behavior,indirect,contractual_third_party,api_license,commercial_only,B,Absorbed Neustar identity assets in 2021
liveramp,LiveRamp,Publicis Groupe,USA,NOAM,2011,established,subsidiary,acquired_active,NA,consumer_broker,NA,api_partner,individual,daily,global,30,consumer_behavior,media_audience,indirect,contractual_third_party,api_license,commercial_only,A,Publicis agreed to acquire LiveRamp in May 2026
epsilon,Epsilon,Publicis Groupe,USA,NOAM,1969,established,subsidiary,active,NA,consumer_broker,NA,transaction,individual,daily,multi_region,20,consumer_behavior|financial_transactions,NA,indirect,contractual_third_party,api_license,commercial_only,C,Transaction-informed marketing identity data
lexisnexis_risk,LexisNexis Risk Solutions,RELX,USA,NOAM,2000,established,subsidiary,active,NA,consumer_broker,social_osint,admin_records,individual,daily,global,180,identity_biometric|legal_regulatory,credit_risk,indirect,public_record,api_license,commercial_only,B,Public records identity and law enforcement products
dun_bradstreet,Dun and Bradstreet,NA,USA,NOAM,1841,established,private_pe,active,NA,b2b_firmographic,consumer_broker,admin_records,firm,monthly,global,200,firmographic|supply_chain,credit_risk,none,public_record,subscription,commercial_only,B,Global company reference file underlying supplier and credit screening
cotality,Cotality,Stone Point and Insight,USA,NOAM,1991,established,private_pe,active,NA,consumer_broker,climate_risk,admin_records,housing_unit,monthly,multi_region,4,housing_property|environment_climate,credit_risk,none,public_record,subscription,commercial_only,B,Formerly CoreLogic; property records and hazard modelling
verisk,Verisk Analytics,NA,USA,NOAM,1971,established,public_listed,active,NA,climate_risk,consumer_broker,api_partner,household,monthly,multi_region,30,environment_climate|housing_property,credit_risk,indirect,contractual_third_party,subscription,commercial_only,B,Insurance industry data cooperative plus catastrophe modelling
crif,CRIF,NA,ITA,WEU,1988,established,private_independent,active,NA,consumer_broker,b2b_firmographic,admin_records,individual,monthly,multi_region,40,credit_risk|firmographic,NA,indirect,contractual_third_party,api_license,commercial_only,C,European credit bureau group with operations in Asia and Africa
serasa_experian,Serasa Experian,Experian,BRA,LAC,1968,established,subsidiary,active,NA,consumer_broker,NA,admin_records,individual,monthly,single_country,1,credit_risk|consumer_behavior,NA,indirect,contractual_third_party,api_license,commercial_only,C,Dominant Brazilian credit bureau
spokeo,Spokeo,NA,USA,NOAM,2006,established,private_independent,active,NA,consumer_broker,NA,admin_records,individual,monthly,single_country,1,identity_biometric|housing_property,NA,indirect,public_record,subscription,commercial_only,C,People search aggregation of public and scraped records
safegraph,SafeGraph,NA,USA,NOAM,2016,scaleup,private_vc,active,NA,location_mobility,NA,device_passive,place,monthly,global,80,mobility_location|prices_retail,NA,indirect,contractual_third_party,subscription,researcher_restricted,B,Point of interest and visitation data with an academic access programme
placer_ai,Placer.ai,NA,USA,NOAM,2016,scaleup,private_vc,active,NA,location_mobility,retail_pricing,device_passive,place,daily,multi_region,3,mobility_location|prices_retail,NA,indirect,contractual_third_party,subscription,researcher_restricted,B,Foot traffic estimation from a large US device panel
veraset,Veraset,NA,USA,NOAM,2019,startup,private_independent,active,NA,location_mobility,NA,device_passive,device,daily,multi_region,20,mobility_location,NA,indirect,contractual_third_party,subscription,researcher_restricted,B,Device-level GPS feeds licensed to funds retailers and academics
unacast,Unacast,NA,NOR,WEU,2014,scaleup,private_vc,active,NA,location_mobility,NA,device_passive,device,daily,multi_region,10,mobility_location|housing_property,NA,indirect,contractual_third_party,subscription,researcher_restricted,C,Merged with Gravy Analytics in 2023
foursquare,Foursquare,NA,USA,NOAM,2009,established,private_vc,active,NA,location_mobility,NA,device_passive,place,daily,global,100,mobility_location|web_content,consumer_behavior,indirect,platform_terms,api_license,commercial_only,B,Places graph plus movement panel; absorbed Factual in 2020
kochava_collective,Kochava Collective,Kochava,USA,NOAM,2011,established,subsidiary,active,NA,location_mobility,consumer_broker,device_passive,device,daily,global,60,mobility_location|consumer_behavior,NA,indirect,platform_terms,marketplace,commercial_only,B,Subject of an FTC enforcement action over sensitive location sales
azira,Azira,NA,USA,NOAM,2024,startup,private_pe,active,NA,location_mobility,NA,device_passive,device,daily,multi_region,40,mobility_location,consumer_behavior,indirect,contractual_third_party,subscription,commercial_only,C,Built from the assets of Near Intelligence after its 2024 bankruptcy
advan_research,Advan Research,NA,USA,NOAM,2015,scaleup,private_independent,active,NA,location_mobility,financial_altdata,device_passive,place,daily,single_country,1,mobility_location|housing_property,NA,indirect,contractual_third_party,subscription,commercial_only,C,US foot traffic and property analytics for investors
huq_industries,Huq Industries,NA,GBR,WEU,2016,scaleup,private_vc,active,NA,location_mobility,NA,device_passive,device,daily,multi_region,30,mobility_location,prices_retail,indirect,platform_terms,subscription,commercial_only,C,European high street mobility measurement
predicio,Predicio,NA,FRA,WEU,2017,startup,private_independent,active,NA,location_mobility,NA,device_passive,device,daily,single_region,20,mobility_location,NA,indirect,platform_terms,subscription,commercial_only,C,European location data supplier
positium,Positium,NA,EST,EEU,2003,scaleup,private_independent,active,NA,telecom_data,location_mobility,telecom_network,individual,daily,multi_region,30,mobility_location|migration_displacement,NA,indirect,contractual_third_party,project_commission,researcher_restricted,C,Works with national statistical offices on mobile positioning statistics
teralytics,Teralytics,NA,CHE,WEU,2012,scaleup,private_vc,active,NA,telecom_data,location_mobility,telecom_network,individual,daily,multi_region,15,mobility_location|migration_displacement,supply_chain,indirect,contractual_third_party,subscription,researcher_restricted,C,Operator-sourced origin destination flows
orange_flux_vision,Orange Flux Vision,Orange,FRA,WEU,2013,established,subsidiary,active,NA,telecom_data,location_mobility,telecom_network,individual,daily,multi_region,20,mobility_location|migration_displacement,NA,indirect,contractual_third_party,project_commission,researcher_restricted,C,Operator mobility statistics in France and several African markets
flowminder,Flowminder Foundation,NA,SWE,WEU,2010,scaleup,nonprofit,active,NA,telecom_data,location_mobility,telecom_network,individual,daily,multi_region,25,mobility_location|migration_displacement,health_clinical,indirect,contractual_third_party,open_free,researcher_restricted,B,Nonprofit working with operators and statistical offices in low-income countries
planet_labs,Planet Labs,NA,USA,NOAM,2010,established,public_listed,active,NA,earth_observation,climate_risk,remote_sensing,area,daily,global,195,earth_observation|agriculture,environment_climate|conflict_security,none,not_applicable,subscription,researcher_restricted,B,Daily global landmass coverage at moderate resolution with an education and research programme
vantor,Vantor,Advent International,USA,NOAM,1969,established,private_pe,active,NA,earth_observation,NA,remote_sensing,area,daily,global,195,earth_observation|conflict_security,infrastructure,none,not_applicable,subscription,commercial_only,A,Renamed from Maxar; WorldView Legion constellation completed deployment by 2026
blacksky,BlackSky Technology,NA,USA,NOAM,2014,scaleup,public_listed,active,NA,earth_observation,social_osint,remote_sensing,area,daily,global,195,earth_observation|conflict_security,NA,none,not_applicable,subscription,commercial_only,B,High revisit small satellite imaging for defence and intelligence buyers
iceye,ICEYE,NA,FIN,WEU,2014,scaleup,private_vc,active,NA,earth_observation,climate_risk,remote_sensing,area,daily,global,195,earth_observation|environment_climate,conflict_security,none,not_applicable,subscription,commercial_only,B,Synthetic aperture radar constellation able to image through cloud and darkness
satellogic,Satellogic,NA,USA,NOAM,2010,scaleup,public_listed,active,NA,earth_observation,NA,remote_sensing,area,weekly,global,195,earth_observation|agriculture,environment_climate,none,not_applicable,subscription,commercial_only,B,Argentine-founded constellation now US domiciled
capella_space,Capella Space,IonQ,USA,NOAM,2016,scaleup,subsidiary,active,NA,earth_observation,NA,remote_sensing,area,daily,global,195,earth_observation|conflict_security,NA,none,not_applicable,subscription,commercial_only,C,Commercial synthetic aperture radar operator
umbra_space,Umbra,NA,USA,NOAM,2015,scaleup,private_vc,active,NA,earth_observation,NA,remote_sensing,area,daily,global,195,earth_observation|conflict_security,NA,none,not_applicable,subscription,open,C,SAR operator that releases an open data archive
airbus_ds_geo,Airbus Defence and Space Intelligence,Airbus,FRA,WEU,2000,established,subsidiary,active,NA,earth_observation,NA,remote_sensing,area,daily,global,195,earth_observation|conflict_security,agriculture,none,not_applicable,subscription,commercial_only,B,Pleiades and SPOT constellations and the European EO incumbent
spire_global,Spire Global,NA,USA,NOAM,2012,scaleup,public_listed,active,NA,earth_observation,climate_risk,remote_sensing,area,daily,global,195,environment_climate|supply_chain,earth_observation,none,not_applicable,subscription,commercial_only,B,Radio occultation weather data plus ship and aircraft tracking
ursa_space,Ursa Space Systems,NA,USA,NOAM,2014,scaleup,private_vc,active,NA,earth_observation,financial_altdata,remote_sensing,area,weekly,global,195,energy_extractives|earth_observation,supply_chain,none,not_applicable,subscription,commercial_only,B,Global oil storage monitoring from fused radar imagery
pixxel,Pixxel,NA,IND,SAS,2019,startup,private_vc,active,NA,earth_observation,climate_risk,remote_sensing,area,weekly,global,195,earth_observation|agriculture,environment_climate,none,not_applicable,subscription,commercial_only,B,Hyperspectral constellation and the leading Indian commercial EO startup
skyfi,SkyFi,NA,USA,NOAM,2021,startup,private_vc,active,NA,earth_observation,NA,remote_sensing,area,weekly,global,195,earth_observation,NA,none,not_applicable,marketplace,commercial_only,C,Aggregator reselling imagery from multiple constellations
earthdaily,EarthDaily Analytics,NA,CAN,NOAM,2020,startup,private_vc,active,NA,earth_observation,climate_risk,remote_sensing,area,daily,global,195,earth_observation|agriculture,environment_climate,none,not_applicable,subscription,commercial_only,C,Scientific-grade daily change detection constellation
satvu,Satellite Vu,NA,GBR,WEU,2016,startup,private_vc,active,NA,earth_observation,climate_risk,remote_sensing,area,weekly,global,195,environment_climate|housing_property,energy_extractives,none,not_applicable,subscription,commercial_only,C,Thermal infrared imaging for building heat and industrial activity
ghgsat,GHGSat,NA,CAN,NOAM,2011,scaleup,private_vc,active,NA,earth_observation,climate_risk,remote_sensing,area,weekly,global,195,environment_climate|energy_extractives,NA,none,not_applicable,subscription,researcher_restricted,B,Facility-level methane detection from orbit
kayrros,Kayrros,NA,FRA,WEU,2016,scaleup,private_vc,active,NA,climate_risk,earth_observation,remote_sensing,area,weekly,global,195,environment_climate|energy_extractives,agriculture,none,not_applicable,subscription,commercial_only,B,Emissions and energy asset monitoring from satellite fusion
descartes_labs,Descartes Labs,Antarctica Capital,USA,NOAM,2014,scaleup,private_pe,active,NA,earth_observation,climate_risk,remote_sensing,area,daily,global,195,agriculture|earth_observation,environment_climate,none,not_applicable,subscription,commercial_only,C,Geospatial analytics platform over public and commercial imagery
spaceknow,SpaceKnow,NA,USA,NOAM,2013,scaleup,private_vc,active,NA,earth_observation,financial_altdata,remote_sensing,area,weekly,global,195,earth_observation|energy_extractives,conflict_security,none,not_applicable,subscription,commercial_only,C,Satellite-derived economic activity indices
synspective,Synspective,NA,JPN,EAS,2018,scaleup,private_vc,active,NA,earth_observation,climate_risk,remote_sensing,area,weekly,global,195,earth_observation|environment_climate,infrastructure,none,not_applicable,subscription,commercial_only,C,Japanese SAR constellation focused on ground deformation
axelspace,Axelspace,NA,JPN,EAS,2008,scaleup,private_vc,active,NA,earth_observation,NA,remote_sensing,area,weekly,global,195,earth_observation|agriculture,NA,none,not_applicable,subscription,commercial_only,C,Japanese small satellite imaging operator
changguang,Chang Guang Satellite Technology,NA,CHN,CHN,2014,scaleup,state_linked,active,NA,earth_observation,NA,remote_sensing,area,daily,global,195,earth_observation|agriculture,conflict_security,none,not_applicable,subscription,commercial_only,B,Operator of the Jilin-1 constellation and the largest Chinese commercial EO provider
twentyone_at,Twenty First Century Aerospace Technology,NA,CHN,CHN,1994,established,state_linked,active,NA,earth_observation,NA,remote_sensing,area,weekly,global,195,earth_observation,agriculture,none,not_applicable,subscription,commercial_only,C,Chinese commercial imagery operator with the Beijing series
tomorrow_io,Tomorrow.io,NA,USA,NOAM,2016,scaleup,private_vc,active,NA,climate_risk,earth_observation,sensor_hardware,area,real_time,global,195,environment_climate,supply_chain,none,not_applicable,subscription,commercial_only,B,Proprietary radar satellites plus modelled weather for operational forecasting
windborne,WindBorne Systems,NA,USA,NOAM,2019,startup,private_vc,active,NA,climate_risk,earth_observation,sensor_hardware,area,real_time,global,195,environment_climate,NA,none,not_applicable,subscription,researcher_restricted,C,Long-duration weather balloons filling upper air observation gaps
saildrone,Saildrone,NA,USA,NOAM,2012,scaleup,private_vc,active,NA,earth_observation,climate_risk,sensor_hardware,area,real_time,multi_region,20,environment_climate|conflict_security,agriculture,none,not_applicable,project_commission,researcher_restricted,B,Uncrewed surface vessels collecting ocean and maritime domain data
sofar_ocean,Sofar Ocean,NA,USA,NOAM,2016,scaleup,private_vc,active,NA,earth_observation,climate_risk,sensor_hardware,area,real_time,global,100,environment_climate|supply_chain,NA,none,not_applicable,subscription,researcher_restricted,C,Global drifting buoy network for wave and weather observation
jupiter_intelligence,Jupiter Intelligence,NA,USA,NOAM,2017,scaleup,private_vc,active,NA,climate_risk,NA,api_partner,area,annual,global,195,environment_climate|housing_property,NA,none,not_applicable,subscription,commercial_only,C,Physical climate risk modelling for financial and corporate clients
first_street,First Street,NA,USA,NOAM,2017,scaleup,nonprofit,active,NA,climate_risk,NA,api_partner,housing_unit,annual,single_country,1,environment_climate|housing_property,NA,none,public_record,subscription,researcher_restricted,B,Property-level US flood fire and heat risk with public-facing tools
fathom_global,Fathom,NA,GBR,WEU,2013,scaleup,private_independent,active,NA,climate_risk,NA,api_partner,area,annual,global,195,environment_climate,housing_property,none,not_applicable,subscription,researcher_restricted,C,Global flood hazard mapping spun out of Bristol University research
jba_risk,JBA Risk Management,NA,GBR,WEU,2011,scaleup,private_independent,active,NA,climate_risk,NA,api_partner,area,annual,global,60,environment_climate,housing_property,none,not_applicable,subscription,commercial_only,C,Flood models for insurance markets
moodys_rms,Moodys RMS,Moodys,USA,NOAM,1988,established,subsidiary,active,NA,climate_risk,NA,api_partner,area,annual,global,100,environment_climate|housing_property,conflict_security,none,not_applicable,subscription,commercial_only,B,Catastrophe modelling incumbent
mitiga_solutions,Mitiga Solutions,NA,ESP,WEU,2018,scaleup,private_vc,active,NA,climate_risk,NA,api_partner,area,annual,global,195,environment_climate,NA,none,not_applicable,subscription,commercial_only,C,Absorbed assets of the failed climate data firm Cervest
climateai,ClimateAi,NA,USA,NOAM,2017,scaleup,private_vc,active,NA,climate_risk,earth_observation,api_partner,area,weekly,global,100,environment_climate|agriculture,supply_chain,none,not_applicable,subscription,commercial_only,C,Seasonal climate forecasting for agriculture and supply chains
descartes_underwriting,Descartes Underwriting,NA,FRA,WEU,2018,scaleup,private_vc,active,NA,climate_risk,NA,api_partner,area,annual,global,80,environment_climate,agriculture,none,not_applicable,project_commission,commercial_only,C,Parametric insurance built on satellite and sensor triggers
sylvera,Sylvera,NA,GBR,WEU,2020,startup,private_vc,active,NA,climate_risk,earth_observation,remote_sensing,area,annual,global,80,environment_climate,agriculture,none,not_applicable,subscription,commercial_only,C,Carbon credit verification from satellite and field data
bezero_carbon,BeZero Carbon,NA,GBR,WEU,2020,startup,private_vc,active,NA,climate_risk,earth_observation,remote_sensing,area,annual,global,80,environment_climate,agriculture,none,not_applicable,subscription,commercial_only,C,Carbon credit ratings agency
carbon_mapper,Carbon Mapper,NA,USA,NOAM,2020,startup,nonprofit,active,NA,climate_risk,earth_observation,remote_sensing,area,weekly,global,195,environment_climate|energy_extractives,NA,none,not_applicable,open_free,open,B,Nonprofit publishing methane and carbon dioxide plume detections openly
chloris_geospatial,Chloris Geospatial,NA,USA,NOAM,2018,startup,private_vc,active,NA,climate_risk,earth_observation,remote_sensing,area,annual,global,195,environment_climate|agriculture,NA,none,not_applicable,subscription,researcher_restricted,C,Satellite measurement of above ground biomass carbon stocks
nielsen,Nielsen,Elliott and Brookfield,USA,NOAM,1923,established,private_pe,active,NA,audience_measurement,consumer_broker,device_passive,household,daily,global,55,media_audience,consumer_behavior,indirect,explicit_consent,subscription,commercial_only,B,Panel plus big data measurement; taken private in 2022; selling its Russian division under the 2026 ownership law
comscore,Comscore,NA,USA,NOAM,1999,established,public_listed,active,NA,audience_measurement,web_data,device_passive,device,daily,multi_region,30,media_audience|web_content,NA,indirect,platform_terms,subscription,commercial_only,B,Census and panel hybrid digital measurement
samba_tv,Samba TV,NA,USA,NOAM,2008,scaleup,private_vc,active,NA,audience_measurement,NA,device_passive,household,daily,multi_region,25,media_audience,consumer_behavior,indirect,platform_terms,subscription,commercial_only,B,Automatic content recognition embedded in smart television firmware
ispot_tv,iSpot.tv,NA,USA,NOAM,2012,scaleup,private_vc,active,NA,audience_measurement,NA,device_passive,household,daily,single_country,1,media_audience,NA,indirect,platform_terms,subscription,commercial_only,C,US advertising occurrence and outcome measurement
videoamp,VideoAmp,NA,USA,NOAM,2014,scaleup,private_vc,active,NA,audience_measurement,NA,api_partner,household,daily,single_country,1,media_audience,NA,indirect,contractual_third_party,subscription,commercial_only,C,Set top box and streaming currency challenger
similarweb,Similarweb,NA,ISR,MENA,2007,established,public_listed,active,NA,financial_altdata,audience_measurement,device_passive,device,daily,global,190,web_content|media_audience,prices_retail,indirect,platform_terms,subscription,commercial_only,B,Panel plus clickstream estimation of website and app traffic
sensor_tower,Sensor Tower,Bain Capital Tech,USA,NOAM,2013,scaleup,private_pe,active,NA,financial_altdata,audience_measurement,device_passive,device,daily,global,190,web_content|consumer_behavior,NA,indirect,platform_terms,subscription,commercial_only,B,Absorbed Apptopia and data.ai making it the dominant app analytics estimator
yipitdata,YipitData,Carlyle,USA,NOAM,2011,scaleup,private_pe,active,NA,financial_altdata,web_data,web_scrape,firm,weekly,multi_region,20,financial_transactions|web_content,prices_retail,indirect,contractual_third_party,subscription,commercial_only,B,Corporate performance estimates from receipts and web data
m_science,M Science,Jefferies,USA,NOAM,2002,established,subsidiary,active,NA,financial_altdata,NA,transaction,transaction,weekly,single_country,1,financial_transactions|consumer_behavior,NA,indirect,contractual_third_party,subscription,commercial_only,C,Transaction panel research for institutional investors
consumer_edge,Consumer Edge,NA,USA,NOAM,2007,scaleup,private_vc,active,NA,financial_altdata,NA,transaction,transaction,weekly,multi_region,12,financial_transactions|consumer_behavior,NA,indirect,contractual_third_party,subscription,commercial_only,C,Card transaction panels expanding beyond the United States
earnest_analytics,Earnest Analytics,NA,USA,NOAM,2015,scaleup,private_vc,active,NA,financial_altdata,NA,transaction,transaction,weekly,single_country,1,financial_transactions|health_clinical,NA,indirect,contractual_third_party,subscription,commercial_only,C,US card and claims panels for investors
facteus,Facteus,NA,USA,NOAM,2016,scaleup,private_vc,active,NA,financial_altdata,NA,transaction,transaction,daily,single_country,1,financial_transactions,NA,indirect,contractual_third_party,subscription,commercial_only,C,Synthetic transaction data derived from payment processors
measurable_ai,Measurable AI,NA,HKG,EAS,2017,startup,private_vc,active,NA,financial_altdata,NA,transaction,transaction,daily,single_region,12,financial_transactions|consumer_behavior,NA,direct,explicit_consent,subscription,commercial_only,C,Email receipt panel covering Asian and Middle Eastern markets underserved by US vendors
plaid,Plaid,NA,USA,NOAM,2013,scaleup,private_vc,active,NA,financial_altdata,consumer_broker,api_partner,individual,real_time,multi_region,20,financial_transactions|credit_risk,NA,direct,explicit_consent,api_license,commercial_only,B,Consumer permissioned bank account connectivity
tink,Tink,Visa,SWE,WEU,2012,scaleup,subsidiary,active,NA,financial_altdata,consumer_broker,api_partner,individual,real_time,single_region,18,financial_transactions|credit_risk,NA,direct,explicit_consent,api_license,commercial_only,C,European open banking aggregation
kpler,Kpler,NA,BEL,WEU,2014,scaleup,private_pe,active,NA,trade_logistics,financial_altdata,sensor_hardware,vehicle,real_time,global,195,supply_chain|energy_extractives,earth_observation,none,public_record,subscription,commercial_only,B,Vessel tracking and commodity flows; absorbed MarineTraffic
vortexa,Vortexa,NA,GBR,WEU,2016,scaleup,private_vc,active,NA,trade_logistics,financial_altdata,sensor_hardware,vehicle,real_time,global,195,energy_extractives|supply_chain,NA,none,public_record,subscription,commercial_only,C,Seaborne energy cargo tracking
windward_ai,Windward,NA,ISR,MENA,2010,scaleup,public_listed,active,NA,trade_logistics,social_osint,sensor_hardware,vehicle,real_time,global,195,supply_chain|conflict_security,energy_extractives,none,public_record,subscription,commercial_only,B,Maritime risk and sanctions evasion detection
panjiva,Panjiva,S and P Global,USA,NOAM,2006,established,subsidiary,active,NA,trade_logistics,financial_altdata,admin_records,transaction,weekly,multi_region,15,supply_chain|firmographic,NA,none,public_record,subscription,commercial_only,C,Customs and bill of lading records
importgenius,ImportGenius,NA,USA,NOAM,2006,scaleup,private_independent,active,NA,trade_logistics,financial_altdata,admin_records,transaction,weekly,multi_region,20,supply_chain|firmographic,NA,none,public_record,subscription,commercial_only,C,Trade records from customs authorities that publish them
iqvia,IQVIA,NA,USA,NOAM,1982,established,public_listed,active,NA,health_rwd,survey_insights,clinical_records,patient,monthly,global,100,health_clinical,prices_retail,indirect,contractual_third_party,subscription,researcher_restricted,A,Aggregates over 1.2 billion patient records and remains the only truly global RWD operator
komodo_health,Komodo Health,NA,USA,NOAM,2014,scaleup,private_vc,active,NA,health_rwd,NA,clinical_records,patient,monthly,single_country,1,health_clinical,NA,indirect,contractual_third_party,subscription,researcher_restricted,A,US all-payer claims map covering more than 330 million patients
truveta,Truveta,US health systems,USA,NOAM,2020,startup,private_vc,active,NA,health_rwd,NA,clinical_records,patient,daily,single_country,1,health_clinical,NA,indirect,contractual_third_party,subscription,researcher_restricted,A,Health system owned EHR collective covering over 130 million patients
healthverity,HealthVerity,NA,USA,NOAM,2014,scaleup,private_vc,active,NA,health_rwd,consumer_broker,clinical_records,patient,daily,single_country,1,health_clinical,consumer_behavior,indirect,contractual_third_party,marketplace,researcher_restricted,B,Privacy preserving linkage across health and consumer datasets
tempus_ai,Tempus AI,NA,USA,NOAM,2015,scaleup,public_listed,active,NA,health_rwd,NA,clinical_records,patient,daily,single_country,1,health_clinical,NA,direct,explicit_consent,subscription,researcher_restricted,B,Molecular sequencing linked to longitudinal clinical records
datavant,Datavant,NA,USA,NOAM,2017,scaleup,private_vc,active,NA,health_rwd,NA,api_partner,patient,daily,single_country,1,health_clinical,NA,indirect,contractual_third_party,api_license,researcher_restricted,B,Tokenised record linkage infrastructure connecting most US health data holders
flatiron_health,Flatiron Health,Roche,USA,NOAM,2012,scaleup,subsidiary,active,NA,health_rwd,NA,clinical_records,patient,daily,multi_region,5,health_clinical,NA,indirect,contractual_third_party,subscription,researcher_restricted,B,Oncology real-world data from partnered practices
trinetx,TriNetX,Carlyle,USA,NOAM,2013,scaleup,private_pe,active,NA,health_rwd,NA,clinical_records,patient,daily,global,30,health_clinical,NA,indirect,contractual_third_party,subscription,researcher_restricted,B,Federated network of healthcare organisations with unusual non-US breadth
picnichealth,PicnicHealth,NA,USA,NOAM,2014,scaleup,private_vc,active,NA,health_rwd,NA,clinical_records,patient,daily,single_country,1,health_clinical,NA,direct,explicit_consent,subscription,researcher_restricted,C,Patient mediated record collection with explicit consent
evidation_health,Evidation Health,NA,USA,NOAM,2012,scaleup,private_vc,active,NA,health_rwd,crowd_micro,device_passive,individual,daily,single_country,1,health_clinical|device_telemetry,NA,direct,explicit_consent,project_commission,researcher_restricted,B,Consented wearable and app derived health measurement
medidata,Medidata,Dassault Systemes,USA,NOAM,1999,established,subsidiary,active,NA,health_rwd,collection_software,clinical_records,patient,daily,global,100,health_clinical,NA,direct,explicit_consent,subscription,researcher_restricted,B,Clinical trial data capture platform holding a large historical trial corpus
veeva_crossix,Veeva Crossix,Veeva Systems,USA,NOAM,2005,established,subsidiary,active,NA,health_rwd,consumer_broker,api_partner,patient,daily,single_country,1,health_clinical|media_audience,NA,indirect,contractual_third_party,subscription,commercial_only,C,Links health data to media exposure for pharmaceutical marketing
definitive_healthcare,Definitive Healthcare,NA,USA,NOAM,2011,scaleup,public_listed,active,NA,health_rwd,b2b_firmographic,admin_records,firm,monthly,single_country,1,health_clinical|firmographic,NA,none,public_record,subscription,commercial_only,C,US healthcare provider and facility reference data
uk_biobank,UK Biobank,NA,GBR,WEU,2006,established,nonprofit,active,NA,health_rwd,NA,clinical_records,patient,episodic,single_country,1,health_clinical,environment_climate,direct,explicit_consent,open_free,researcher_restricted,B,Half a million consented participants with deep phenotyping open to approved researchers
bgi_genomics,BGI Genomics,NA,CHN,CHN,1999,established,public_listed,active,NA,health_rwd,NA,clinical_records,patient,episodic,global,100,health_clinical,NA,direct,explicit_consent,project_commission,researcher_restricted,B,Large scale sequencing with substantial international sample collection
samsara,Samsara,NA,USA,NOAM,2015,scaleup,public_listed,active,NA,iot_telemetry,NA,sensor_hardware,vehicle,real_time,multi_region,10,device_telemetry|supply_chain,NA,indirect,contractual_third_party,subscription,commercial_only,B,Connected fleet operations platform
geotab,Geotab,NA,CAN,NOAM,2000,established,private_independent,active,NA,iot_telemetry,location_mobility,sensor_hardware,vehicle,real_time,global,150,device_telemetry|mobility_location,environment_climate,indirect,contractual_third_party,subscription,researcher_restricted,B,One of the largest connected vehicle datasets with an open data programme
inrix,INRIX,NA,USA,NOAM,2004,established,private_vc,active,NA,iot_telemetry,location_mobility,device_passive,vehicle,real_time,multi_region,60,mobility_location|device_telemetry,NA,indirect,contractual_third_party,subscription,researcher_restricted,B,Road speed and trip data used widely by transport agencies
tomtom,TomTom,NA,NLD,WEU,1991,established,public_listed,active,NA,iot_telemetry,location_mobility,device_passive,vehicle,real_time,global,80,mobility_location|device_telemetry,NA,indirect,platform_terms,api_license,commercial_only,B,Mapping and traffic data from connected devices
here_technologies,HERE Technologies,Automotive consortium,NLD,WEU,1985,established,private_independent,active,NA,iot_telemetry,location_mobility,device_passive,vehicle,real_time,global,190,mobility_location|device_telemetry,NA,indirect,contractual_third_party,api_license,commercial_only,B,Automaker owned mapping and vehicle sensor data pool
cambridge_mobile,Cambridge Mobile Telematics,NA,USA,NOAM,2010,scaleup,private_vc,active,NA,iot_telemetry,NA,device_passive,vehicle,real_time,multi_region,25,device_telemetry|mobility_location,NA,direct,explicit_consent,subscription,researcher_restricted,B,Smartphone telematics for insurance; absorbed Zendrive
arity,Arity,Allstate,USA,NOAM,2016,scaleup,subsidiary,active,NA,iot_telemetry,consumer_broker,device_passive,vehicle,real_time,single_country,1,device_telemetry|mobility_location,NA,indirect,platform_terms,api_license,commercial_only,C,Driving behaviour data monetised for insurance and advertising
smartcar,Smartcar,NA,USA,NOAM,2015,scaleup,private_vc,active,NA,iot_telemetry,NA,api_partner,vehicle,real_time,multi_region,30,device_telemetry,NA,direct,explicit_consent,api_license,commercial_only,C,Consent-based API access to connected car data across manufacturers
high_mobility,High Mobility,NA,DEU,WEU,2017,startup,private_vc,active,NA,iot_telemetry,NA,api_partner,vehicle,real_time,single_region,25,device_telemetry,NA,direct,explicit_consent,api_license,commercial_only,C,European vehicle data neutral server
dataminr,Dataminr,NA,USA,NOAM,2009,established,private_vc,active,NA,social_osint,NA,api_partner,document,real_time,global,190,conflict_security|social_discourse,environment_climate,indirect,platform_terms,subscription,commercial_only,B,Real-time event detection from social and public data streams
recorded_future,Recorded Future,Mastercard,USA,NOAM,2009,established,subsidiary,active,NA,social_osint,NA,web_scrape,document,real_time,global,190,conflict_security|web_content,firmographic,indirect,public_record,subscription,commercial_only,B,Threat intelligence collected from open dark and technical sources
meltwater,Meltwater,NA,NOR,WEU,2001,established,public_listed,active,NA,social_osint,NA,web_scrape,document,daily,global,190,social_discourse|media_audience,web_content,indirect,platform_terms,subscription,commercial_only,B,Media and social monitoring; owns Linkfluence and Owler
brandwatch,Brandwatch,Cision,GBR,WEU,2007,established,subsidiary,active,NA,social_osint,NA,api_partner,document,daily,global,190,social_discourse,consumer_behavior,indirect,platform_terms,subscription,researcher_restricted,B,Historical social archive with an academic access programme
talkwalker,Talkwalker,Hootsuite,LUX,WEU,2009,established,subsidiary,active,NA,social_osint,NA,api_partner,document,daily,global,190,social_discourse|media_audience,NA,indirect,platform_terms,subscription,commercial_only,C,Social listening with strong multilingual coverage
sprinklr,Sprinklr,NA,USA,NOAM,2009,established,public_listed,active,NA,social_osint,NA,api_partner,document,real_time,global,190,social_discourse,consumer_behavior,indirect,platform_terms,subscription,commercial_only,C,Enterprise social suite with a listening layer
graphika,Graphika,NA,USA,NOAM,2013,scaleup,private_vc,active,NA,social_osint,NA,api_partner,individual,episodic,global,190,social_discourse|conflict_security,NA,indirect,platform_terms,project_commission,researcher_restricted,B,Network mapping of online communities and influence operations
babel_street,Babel Street,NA,USA,NOAM,2009,scaleup,private_pe,active,NA,social_osint,location_mobility,web_scrape,document,real_time,global,190,social_discourse|conflict_security,mobility_location,indirect,public_record,subscription,commercial_only,B,Multilingual open source monitoring; its Locate X location product drew scrutiny
sayari,Sayari,TPG,USA,NOAM,2015,scaleup,private_pe,active,NA,b2b_firmographic,social_osint,admin_records,firm,monthly,global,250,firmographic|supply_chain,legal_regulatory,none,public_record,subscription,researcher_restricted,B,Corporate ownership and trade records from more than 250 jurisdictions
kharon,Kharon,NA,USA,NOAM,2018,scaleup,private_vc,active,NA,social_osint,b2b_firmographic,admin_records,firm,monthly,global,190,conflict_security|firmographic,supply_chain,none,public_record,subscription,commercial_only,C,Sanctions and security risk research on entities and networks
janes,Janes,Montagu,GBR,WEU,1898,established,private_pe,active,NA,social_osint,NA,admin_records,firm,monthly,global,190,conflict_security,supply_chain,none,public_record,subscription,commercial_only,B,Defence equipment order of battle and military capability reference data
acled,ACLED,NA,USA,NOAM,2014,established,nonprofit,active,NA,social_osint,NA,web_scrape,document,weekly,global,240,conflict_security,public_opinion,none,public_record,open_free,open,B,Event level political violence and protest coding with open access for researchers
gdelt,GDELT Project,NA,USA,NOAM,2013,established,nonprofit,active,NA,social_osint,web_data,web_scrape,document,daily,global,200,conflict_security|social_discourse,media_audience,none,public_record,open_free,open,B,Continuously coded global news event and tone database
bellingcat,Bellingcat,NA,NLD,WEU,2014,scaleup,nonprofit,active,NA,social_osint,NA,web_scrape,document,episodic,global,190,conflict_security,NA,none,public_record,open_free,open,C,Investigative open source collective whose methods shaped the OSINT field
newsguard,NewsGuard,NA,USA,NOAM,2018,scaleup,private_independent,active,NA,social_osint,NA,expert_elicit,document,monthly,multi_region,15,media_audience|social_discourse,NA,none,public_record,subscription,researcher_restricted,C,Human-rated reliability scores for news and information sites
zoominfo,ZoomInfo,NA,USA,NOAM,2007,established,public_listed,active,NA,b2b_firmographic,consumer_broker,web_scrape,individual,monthly,global,190,firmographic|labor_employment,NA,indirect,public_record,subscription,commercial_only,B,Business contact and firmographic database
apollo_io,Apollo.io,NA,USA,NOAM,2015,scaleup,private_vc,active,NA,b2b_firmographic,NA,web_scrape,individual,monthly,global,190,firmographic|labor_employment,NA,indirect,public_record,subscription,commercial_only,C,Contact database built from crawled and contributed records
cognism,Cognism,NA,GBR,WEU,2015,scaleup,private_vc,active,NA,b2b_firmographic,NA,web_scrape,individual,monthly,multi_region,50,firmographic|labor_employment,NA,indirect,public_record,subscription,commercial_only,C,European focused B2B contact data with compliance positioning
lusha,Lusha,NA,ISR,MENA,2016,scaleup,private_vc,active,NA,b2b_firmographic,NA,web_scrape,individual,monthly,global,190,firmographic|labor_employment,NA,indirect,public_record,subscription,commercial_only,C,Crowd-contributed business contact data
people_data_labs,People Data Labs,NA,USA,NOAM,2015,scaleup,private_vc,active,NA,b2b_firmographic,NA,web_scrape,individual,monthly,global,190,labor_employment|firmographic,NA,indirect,public_record,api_license,commercial_only,B,Person-level professional records sold as bulk datasets
opencorporates,OpenCorporates,NA,GBR,WEU,2010,scaleup,private_independent,active,NA,b2b_firmographic,NA,admin_records,firm,monthly,global,140,firmographic|legal_regulatory,NA,none,public_record,open_free,open,B,Open company register aggregation across roughly 140 jurisdictions
moodys_bvd,Moodys Orbis,Moodys,BEL,WEU,1991,established,subsidiary,active,NA,b2b_firmographic,NA,admin_records,firm,monthly,global,200,firmographic,credit_risk,none,public_record,subscription,commercial_only,B,Bureau van Dijk company financials used widely in economics research
pitchbook,PitchBook,Morningstar,USA,NOAM,2007,established,subsidiary,active,NA,b2b_firmographic,NA,admin_records,firm,daily,global,190,firmographic,NA,none,public_record,subscription,commercial_only,B,Private capital transaction and company database
crunchbase,Crunchbase,NA,USA,NOAM,2007,established,private_vc,active,NA,b2b_firmographic,NA,admin_records,firm,daily,global,190,firmographic,NA,none,public_record,subscription,researcher_restricted,B,Startup and funding reference data with academic licensing
tracxn,Tracxn,NA,IND,SAS,2013,scaleup,public_listed,active,NA,b2b_firmographic,NA,web_scrape,firm,daily,global,190,firmographic,NA,none,public_record,subscription,commercial_only,C,Indian private market intelligence platform
dealroom,Dealroom,NA,NLD,WEU,2013,scaleup,private_vc,active,NA,b2b_firmographic,NA,web_scrape,firm,daily,global,190,firmographic,NA,none,public_record,subscription,researcher_restricted,C,European startup and ecosystem database
numerator,Numerator,Vista Equity,USA,NOAM,2017,scaleup,private_pe,active,NA,retail_pricing,consumer_broker,mobile_app,household,daily,multi_region,6,prices_retail|consumer_behavior,NA,direct,explicit_consent,subscription,commercial_only,B,Receipt capture consumer panel
profitero,Profitero,Publicis Groupe,IRL,WEU,2010,scaleup,subsidiary,active,NA,retail_pricing,web_data,web_scrape,transaction,daily,global,70,prices_retail|web_content,NA,none,public_record,subscription,commercial_only,C,Ecommerce shelf and price monitoring
dataweave,DataWeave,NA,IND,SAS,2011,scaleup,private_vc,active,NA,retail_pricing,web_data,web_scrape,transaction,daily,multi_region,25,prices_retail|web_content,NA,none,public_record,subscription,commercial_only,C,Indian competitive pricing intelligence
intelligence_node,Intelligence Node,NA,IND,SAS,2012,scaleup,private_pe,active,NA,retail_pricing,web_data,web_scrape,transaction,daily,global,40,prices_retail|web_content,NA,none,public_record,subscription,commercial_only,C,Retail price and assortment tracking
trax_retail,Trax,NA,SGP,SEA,2010,scaleup,private_vc,active,NA,retail_pricing,crowd_micro,mobile_app,place,weekly,global,90,prices_retail,NA,indirect,contractual_third_party,subscription,commercial_only,B,Computer vision shelf auditing combined with a crowd workforce
dunnhumby,dunnhumby,Tesco,GBR,WEU,1989,established,subsidiary,active,NA,retail_pricing,consumer_broker,transaction,transaction,weekly,multi_region,30,prices_retail|consumer_behavior,NA,indirect,contractual_third_party,subscription,commercial_only,B,Loyalty card transaction analytics pioneer
eightyfour_51,84.51,Kroger,USA,NOAM,2015,established,subsidiary,active,NA,retail_pricing,consumer_broker,transaction,transaction,weekly,single_country,1,prices_retail|consumer_behavior,NA,indirect,contractual_third_party,subscription,commercial_only,C,Retailer owned customer data science unit
clearview_ai,Clearview AI,NA,USA,NOAM,2017,scaleup,private_vc,active,NA,identity_biometric,web_data,web_scrape,individual,monthly,global,190,identity_biometric|social_discourse,NA,indirect,public_record,subscription,none,B,Scraped facial image database subject to fines and bans across multiple jurisdictions
pimeyes,PimEyes,NA,GEO,EEU,2017,startup,private_independent,active,NA,identity_biometric,web_data,web_scrape,individual,monthly,global,190,identity_biometric,NA,indirect,public_record,subscription,none,C,Consumer facing face search engine over crawled web images
tools_for_humanity,Tools for Humanity,NA,USA,NOAM,2019,startup,private_vc,active,NA,identity_biometric,NA,sensor_hardware,individual,episodic,multi_region,30,identity_biometric,NA,direct,explicit_consent,api_license,none,B,Iris enrolment for the World identity network; suspended in several jurisdictions
yoti,Yoti,NA,GBR,WEU,2014,scaleup,private_vc,active,NA,identity_biometric,NA,sensor_hardware,individual,episodic,multi_region,20,identity_biometric,NA,direct,explicit_consent,api_license,none,C,Age and identity verification
idemia,IDEMIA,Advent and Bpifrance,FRA,WEU,2017,established,private_pe,active,NA,identity_biometric,NA,sensor_hardware,individual,episodic,global,180,identity_biometric,NA,direct,explicit_consent,project_commission,none,B,Supplier of national biometric identity and border systems
sensetime,SenseTime,NA,CHN,CHN,2014,established,public_listed,active,NA,identity_biometric,NA,sensor_hardware,individual,real_time,multi_region,20,identity_biometric|conflict_security,NA,indirect,not_applicable,project_commission,none,B,Chinese computer vision group under US export restrictions
megvii,Megvii,NA,CHN,CHN,2011,established,private_vc,active,NA,identity_biometric,NA,sensor_hardware,individual,real_time,multi_region,15,identity_biometric,NA,indirect,not_applicable,project_commission,none,B,Face recognition supplier subject to US sanctions
hikvision,Hikvision,CETC,CHN,CHN,2001,established,public_listed,active,NA,identity_biometric,iot_telemetry,sensor_hardware,individual,real_time,global,150,identity_biometric|conflict_security,NA,indirect,not_applicable,project_commission,none,B,State linked video surveillance manufacturer with global installed base
arab_advisors,Arab Advisors Group,NA,JOR,MENA,2001,established,private_independent,active,NA,survey_insights,audience_measurement,telephone,individual,annual,single_region,18,media_audience|consumer_behavior,NA,direct,explicit_consent,subscription,commercial_only,C,Amman-based telecom and media research across Arab markets
asdaa_bcw,ASDAA BCW,WPP,ARE,MENA,2000,established,subsidiary,active,NA,survey_insights,NA,telephone,individual,annual,single_region,18,public_opinion,consumer_behavior,direct,explicit_consent,open_free,none,B,Runs the annual Arab Youth Survey which is the main published youth attitudinal series in the Gulf
insight_discovery,Insight Discovery,NA,ARE,MENA,2009,scaleup,private_independent,active,NA,survey_insights,b2b_firmographic,expert_elicit,firm,annual,single_region,12,firmographic|consumer_behavior,NA,direct,explicit_consent,subscription,commercial_only,C,Financial services research in the Gulf and wider MENA
ventures_middle_east,Ventures Middle East,NA,ARE,MENA,2008,scaleup,private_independent,active,NA,b2b_firmographic,survey_insights,admin_records,firm,quarterly,single_region,14,firmographic|infrastructure,supply_chain,none,public_record,subscription,commercial_only,A,Gulf project and tender intelligence alongside commissioned research
space42,Space42,NA,ARE,MENA,2024,scaleup,public_listed,active,NA,earth_observation,climate_risk,remote_sensing,area,daily,global,195,earth_observation|infrastructure,conflict_security,none,not_applicable,subscription,commercial_only,B,Formed from the merger of Bayanat and Yahsat; the largest Gulf-owned geospatial data operator
presight_ai,Presight AI,G42,ARE,MENA,2020,scaleup,public_listed,active,NA,social_osint,b2b_firmographic,api_partner,document,real_time,multi_region,20,conflict_security|firmographic,social_discourse,indirect,contractual_third_party,subscription,commercial_only,B,Abu Dhabi big data analytics arm of G42 selling to governments
lucidya,Lucidya,NA,SAU,MENA,2016,scaleup,private_vc,active,NA,social_osint,survey_insights,api_partner,document,real_time,single_region,20,social_discourse|consumer_behavior,NA,indirect,platform_terms,subscription,commercial_only,B,Arabic-first social listening built for dialect handling that Western tools miss
mozn,Mozn,NA,SAU,MENA,2017,scaleup,private_vc,active,NA,b2b_firmographic,identity_biometric,admin_records,individual,real_time,single_region,10,identity_biometric|firmographic,credit_risk,indirect,contractual_third_party,api_license,commercial_only,C,Saudi analytics and financial crime screening firm
crowd_analyzer,Crowd Analyzer,NA,EGY,MENA,2014,scaleup,private_vc,active,NA,social_osint,NA,api_partner,document,real_time,single_region,20,social_discourse,consumer_behavior,indirect,platform_terms,subscription,commercial_only,B,Arabic social media monitoring with Cairo and Dubai operations
tarjama,Tarjama,NA,ARE,MENA,2008,scaleup,private_independent,active,NA,ai_training_data,NA,crowd_task,document,daily,single_region,20,ai_labels|web_content,NA,direct,platform_terms,project_commission,commercial_only,C,Arabic language data and annotation supplier to model developers
idsc_egypt,Information and Decision Support Center,Egyptian Cabinet,EGY,MENA,1985,established,state_linked,active,NA,field_agency,survey_insights,telephone,individual,monthly,single_country,1,public_opinion|consumer_behavior,NA,direct,explicit_consent,open_free,none,C,Cabinet body running the main official Egyptian opinion polling
rada_research,RADA Research and PR,NA,EGY,MENA,1996,established,private_independent,active,NA,field_agency,survey_insights,face_to_face,individual,episodic,single_country,1,consumer_behavior|public_opinion,media_audience,direct,explicit_consent,project_commission,none,C,Cairo fieldwork house
statistics_lebanon,Statistics Lebanon,NA,LBN,MENA,1996,established,private_independent,active,NA,field_agency,survey_insights,telephone,individual,episodic,single_country,1,public_opinion|consumer_behavior,media_audience,direct,explicit_consent,project_commission,none,C,Lebanese polling used heavily by broadcasters
information_international,Information International,NA,LBN,MENA,1992,established,private_independent,active,NA,field_agency,b2b_firmographic,admin_records,firm,monthly,single_region,5,public_opinion|firmographic,legal_regulatory,direct,public_record,subscription,none,C,Beirut research and statistics consultancy
scpr_syria,Syrian Center for Policy Research,NA,SYR,MENA,2012,scaleup,nonprofit,active,NA,field_agency,survey_insights,face_to_face,household,annual,single_country,1,conflict_security|labor_employment,migration_displacement,direct,explicit_consent,open_free,researcher_restricted,C,One of very few sources of household-level Syrian socioeconomic estimates
yemen_polling_center,Yemen Polling Center,NA,YEM,MENA,2004,established,nonprofit,active,NA,field_agency,survey_insights,face_to_face,individual,episodic,single_country,1,public_opinion|conflict_security,NA,direct,explicit_consent,open_free,researcher_restricted,C,Sustains household fieldwork across front lines in Yemen
diwan_research,Diwan Market Research,NA,LBY,MENA,2011,scaleup,private_independent,active,NA,field_agency,survey_insights,face_to_face,individual,episodic,single_country,1,public_opinion|consumer_behavior,NA,direct,explicit_consent,project_commission,none,C,Tripoli-based and among the only firms polling inside Libya
immar_rc,Immar Research and Consultancy,NA,MAR,MENA,1999,established,private_independent,active,NA,audience_measurement,survey_insights,face_to_face,individual,quarterly,single_region,8,media_audience|public_opinion,consumer_behavior,direct,explicit_consent,subscription,commercial_only,A,Maghreb radio and television audience measurement plus the Africaleads opinion leader barometer
sunergia,Sunergia,NA,MAR,MENA,2001,established,private_independent,active,NA,field_agency,survey_insights,face_to_face,individual,episodic,single_country,1,consumer_behavior|public_opinion,NA,direct,explicit_consent,project_commission,none,C,Casablanca research institute
iranpoll,IranPoll,NA,CAN,NOAM,2009,scaleup,private_independent,active,NA,field_agency,survey_insights,telephone,individual,episodic,single_country,1,public_opinion,NA,direct,explicit_consent,project_commission,researcher_restricted,C,Toronto-based telephone polling into Iran used in academic collaborations
turkiye_raporu,Turkiye Raporu,NA,TUR,MENA,2019,startup,private_independent,active,NA,field_agency,survey_insights,telephone,individual,monthly,single_country,1,public_opinion,NA,direct,explicit_consent,subscription,none,C,Turkish polling brand founded around the 2019 municipal elections
geocartography,Geocartography Knowledge Group,NA,ISR,MENA,1985,established,private_independent,active,NA,field_agency,survey_insights,telephone,individual,episodic,single_country,1,public_opinion|consumer_behavior,NA,direct,explicit_consent,project_commission,none,C,Israeli survey and geographic segmentation house
near_east_consulting,Near East Consulting,NA,PSE,MENA,2004,scaleup,private_independent,active,NA,field_agency,survey_insights,telephone,individual,monthly,single_country,1,public_opinion,consumer_behavior,direct,explicit_consent,open_free,none,C,Palestinian polling with published toplines
jmcc,Jerusalem Media and Communication Centre,NA,PSE,MENA,1988,established,nonprofit,active,NA,field_agency,social_osint,face_to_face,individual,quarterly,single_country,1,public_opinion|media_audience,conflict_security,direct,explicit_consent,open_free,researcher_restricted,C,Long-running Palestinian polling and media monitoring
zogby_research,Zogby Research Services,NA,USA,NOAM,2011,scaleup,private_independent,active,NA,survey_insights,field_agency,telephone,individual,episodic,single_region,12,public_opinion,NA,direct,explicit_consent,open_free,none,C,US firm specialising in commissioned Arab world opinion polling
reach_initiative,REACH Initiative,IMPACT Initiatives,CHE,WEU,2010,scaleup,nonprofit,active,NA,field_agency,collection_software,face_to_face,household,monthly,multi_region,30,migration_displacement|conflict_security,health_clinical|infrastructure,direct,explicit_consent,open_free,open,B,Humanitarian assessment consortium and the main source of settlement-level data in Syria Yemen and the Sahel
acaps,ACAPS,NA,CHE,WEU,2009,scaleup,nonprofit,active,NA,social_osint,field_agency,admin_records,area,weekly,multi_region,40,conflict_security|migration_displacement,health_clinical,none,public_record,open_free,open,B,Humanitarian needs analysis compiled from partner assessments and open sources
afriksurvey,AfriKSurvey,NA,SEN,SSA,NA,scaleup,private_independent,active,NA,field_agency,survey_insights,face_to_face,individual,episodic,single_region,10,consumer_behavior|public_opinion,NA,direct,explicit_consent,project_commission,none,A,Dakar-based fieldwork across Francophone West and Central Africa
sagapoll,SagaPoll,NA,CIV,SSA,2019,startup,private_vc,active,NA,panel_sample,crowd_micro,mobile_app,individual,weekly,single_region,15,consumer_behavior|public_opinion,NA,direct,explicit_consent,panel_rental,commercial_only,A,Ivorian-built mobile survey panel designed for Francophone African respondents
dalberg_research,Dalberg Research,Dalberg Group,SEN,SSA,2015,scaleup,subsidiary,active,NA,field_agency,collection_software,face_to_face,household,episodic,single_region,20,labor_employment|health_clinical,agriculture|education,direct,explicit_consent,project_commission,none,C,Africa-focused primary data collection arm of the Dalberg advisory group
stears,Stears,NA,NGA,SSA,2017,scaleup,private_vc,active,NA,b2b_firmographic,survey_insights,admin_records,firm,monthly,single_region,10,firmographic|public_opinion,energy_extractives,none,public_record,subscription,commercial_only,B,Lagos data and intelligence company covering African markets and elections
datalens_africa,DataLens Africa,NA,NGA,SSA,NA,startup,private_independent,active,NA,ai_training_data,crowd_micro,crowd_task,document,daily,single_region,10,ai_labels,web_content,direct,platform_terms,project_commission,commercial_only,A,Nigerian annotation firm building datasets for African language and context
creditregistry,CreditRegistry,NA,NGA,SSA,1999,established,private_independent,active,NA,consumer_broker,NA,admin_records,individual,monthly,single_country,1,credit_risk|identity_biometric,NA,indirect,contractual_third_party,api_license,commercial_only,A,Largest Nigerian credit bureau
indicina,Indicina,NA,NGA,SSA,2018,scaleup,private_vc,active,NA,consumer_broker,financial_altdata,api_partner,individual,real_time,single_region,5,credit_risk|financial_transactions,NA,indirect,explicit_consent,api_license,commercial_only,C,Alternative credit decisioning built on bank statement and mobile money signals
africa_polling_institute,Africa Polling Institute,NA,NGA,SSA,2019,startup,nonprofit,active,NA,field_agency,survey_insights,telephone,individual,annual,single_country,1,public_opinion,NA,direct,explicit_consent,open_free,researcher_restricted,C,Runs the Nigeria Social Cohesion Survey
global_infoanalytics,Global InfoAnalytics,NA,GHA,SSA,2020,startup,private_independent,active,NA,field_agency,survey_insights,telephone,individual,monthly,single_country,1,public_opinion,NA,direct,explicit_consent,subscription,none,C,Ghanaian electoral polling firm
amini,Amini,NA,KEN,SSA,2022,startup,private_vc,active,NA,earth_observation,climate_risk,remote_sensing,area,weekly,single_region,25,environment_climate|agriculture,earth_observation,none,not_applicable,api_license,researcher_restricted,A,Nairobi startup assembling African environmental and soil data from satellite and ground sources
gro_intelligence,Gro Intelligence,NA,KEN,SSA,2014,scaleup,private_vc,wound_down,2024,climate_risk,earth_observation,remote_sensing,area,daily,global,100,agriculture|environment_climate,supply_chain,none,not_applicable,subscription,commercial_only,B,Agricultural and climate data platform that ceased operations in 2024
research_solutions_africa,Research Solutions Africa,NA,KEN,SSA,1997,established,private_independent,active,NA,field_agency,survey_insights,face_to_face,household,episodic,single_region,8,consumer_behavior|health_clinical,agriculture,direct,explicit_consent,project_commission,none,C,Nairobi full-service fieldwork across East Africa
msurvey,mSurvey,NA,KEN,SSA,2012,scaleup,private_vc,active,NA,panel_sample,field_agency,telephone,individual,weekly,single_region,6,consumer_behavior|public_opinion,NA,direct,explicit_consent,subscription,commercial_only,C,SMS-based consumer feedback panels in East and West Africa
echo_mobile,Echo Mobile,NA,KEN,SSA,2012,scaleup,private_independent,active,NA,collection_software,field_agency,telephone,individual,daily,single_region,10,health_clinical|agriculture,education,direct,explicit_consent,subscription,none,C,SMS and voice data collection platform for African programmes
viamo,Viamo,NA,CAN,NOAM,2012,scaleup,private_independent,active,NA,collection_software,field_agency,telephone,individual,daily,multi_region,25,health_clinical|education,agriculture|public_opinion,direct,explicit_consent,project_commission,researcher_restricted,B,Interactive voice response platform reaching populations with no internet and low literacy
twaweza,Twaweza,NA,TZA,SSA,2009,scaleup,nonprofit,active,NA,field_agency,panel_sample,telephone,household,quarterly,single_region,3,public_opinion|education,health_clinical,direct,explicit_consent,open_free,open,B,Runs the Sauti za Wananchi mobile phone panel in Tanzania Kenya and Uganda with open microdata
research_world_intl,Research World International,NA,UGA,SSA,2005,established,private_independent,active,NA,field_agency,survey_insights,face_to_face,individual,episodic,single_country,1,public_opinion|consumer_behavior,NA,direct,explicit_consent,project_commission,none,C,Ugandan opinion and market research
charis_uas,Charis UAS,NA,RWA,SSA,2014,scaleup,private_vc,active,NA,earth_observation,climate_risk,remote_sensing,area,episodic,single_region,8,earth_observation|agriculture,health_clinical|infrastructure,none,not_applicable,project_commission,commercial_only,A,Rwandan drone operator mapping land use infrastructure and malaria risk
digital_umuganda,Digital Umuganda,NA,RWA,SSA,2019,startup,nonprofit,active,NA,ai_training_data,NA,crowd_task,individual,episodic,single_region,5,ai_labels|identity_biometric,education,direct,explicit_consent,open_free,open,C,Builds open Kinyarwanda and African language speech corpora
somali_public_agenda,Somali Public Agenda,NA,SOM,SSA,2017,startup,nonprofit,active,NA,field_agency,survey_insights,face_to_face,individual,episodic,single_country,1,public_opinion|conflict_security,NA,direct,explicit_consent,open_free,researcher_restricted,C,Mogadishu-based governance research and survey work
mpoi_zimbabwe,Mass Public Opinion Institute,NA,ZWE,SSA,1999,established,nonprofit,active,NA,field_agency,survey_insights,face_to_face,individual,episodic,single_country,1,public_opinion,NA,direct,explicit_consent,open_free,open,C,Afrobarometer national partner and the main independent Zimbabwean pollster
social_research_foundation,Social Research Foundation,NA,ZAF,SSA,2022,startup,nonprofit,active,NA,field_agency,survey_insights,face_to_face,individual,monthly,single_country,1,public_opinion,NA,direct,explicit_consent,open_free,none,C,South African polling group prominent in recent national election coverage
eighty20,Eighty20,NA,ZAF,SSA,2003,established,private_independent,active,NA,consumer_broker,survey_insights,api_partner,individual,quarterly,single_country,1,credit_risk|consumer_behavior,housing_property,indirect,contractual_third_party,subscription,commercial_only,C,South African consumer segmentation built on credit bureau and survey data
lightstone,Lightstone,NA,ZAF,SSA,2001,established,private_independent,active,NA,consumer_broker,climate_risk,admin_records,housing_unit,monthly,single_country,1,housing_property|credit_risk,NA,none,public_record,subscription,commercial_only,C,South African property and automotive data
lelapa_ai,Lelapa AI,NA,ZAF,SSA,2022,startup,private_vc,active,NA,ai_training_data,NA,crowd_task,document,episodic,single_region,10,ai_labels,education,direct,explicit_consent,api_license,commercial_only,B,Builds African language speech and text datasets and models
masakhane,Masakhane,NA,ZAF,SSA,2019,startup,nonprofit,active,NA,ai_training_data,NA,crowd_task,document,episodic,single_region,25,ai_labels,education,direct,explicit_consent,open_free,open,B,Distributed research collective producing open African language corpora
awarri,Awarri,NA,NGA,SSA,2019,startup,private_vc,active,NA,ai_training_data,NA,crowd_task,document,daily,single_country,1,ai_labels,education,direct,explicit_consent,project_commission,commercial_only,C,Nigerian AI firm building national language datasets
romir,Romir,NA,RUS,RUS,1987,established,private_independent,active,NA,survey_insights,retail_pricing,face_to_face,household,weekly,single_region,7,consumer_behavior|prices_retail,public_opinion|media_audience,direct,explicit_consent,subscription,commercial_only,B,Largest Russian-owned research holding; runs a national household consumption panel
mediascope,Mediascope,VCIOM,RUS,RUS,1994,established,state_linked,active,NA,audience_measurement,panel_sample,device_passive,household,daily,single_country,1,media_audience|web_content,consumer_behavior,indirect,explicit_consent,subscription,commercial_only,A,Russian audience measurement monopolist; VCIOM holds 80 percent so the state measures its own media market
ipsos_comcon,Ipsos Comcon,Direct Investments JSC,RUS,RUS,1991,established,private_independent,acquired_active,NA,survey_insights,panel_sample,online_panel,individual,weekly,single_country,1,consumer_behavior|media_audience,public_opinion,direct,explicit_consent,project_commission,commercial_only,A,Ipsos sold 80 percent to a Russian buyer in February 2026 to comply with the foreign ownership cap
tiburon_research,Tiburon Research,NA,RUS,RUS,2013,scaleup,private_independent,active,NA,panel_sample,survey_insights,online_panel,individual,weekly,single_country,1,consumer_behavior,public_opinion,direct,explicit_consent,panel_rental,commercial_only,C,Russian online panel operator
anketolog,Anketolog,NA,RUS,RUS,2008,scaleup,private_independent,active,NA,panel_sample,collection_software,online_panel,individual,daily,single_country,1,consumer_behavior,public_opinion,direct,explicit_consent,panel_rental,commercial_only,C,Russian survey platform and respondent panel
sberindex,SberIndex,Sberbank,RUS,RUS,2020,scaleup,state_linked,active,NA,financial_altdata,retail_pricing,transaction,transaction,weekly,single_country,1,financial_transactions|prices_retail,labor_employment,indirect,contractual_third_party,open_free,none,C,Publishes consumer spending indices built from Sberbank card transactions
yandex_data,Yandex,NA,RUS,RUS,1997,established,public_listed,active,NA,location_mobility,web_data,device_passive,device,real_time,single_region,7,mobility_location|web_content,consumer_behavior,indirect,platform_terms,api_license,commercial_only,B,Search maps and ride-hailing telemetry across Russia and Central Asia
baw_belarus,Belarusian Analytical Workroom,NA,POL,EEU,1992,established,nonprofit,active,NA,field_agency,survey_insights,telephone,individual,quarterly,single_country,1,public_opinion,migration_displacement,direct,explicit_consent,open_free,researcher_restricted,C,Relocated to Warsaw; among the few sources of independent Belarusian opinion data
bisam,BISAM Central Asia,NA,KAZ,RUS,1991,established,private_independent,active,NA,field_agency,survey_insights,face_to_face,individual,episodic,single_region,5,public_opinion|consumer_behavior,NA,direct,explicit_consent,project_commission,none,C,Kazakh research institute working across Central Asia
demoscope_kz,Demoscope,NA,KAZ,RUS,1997,established,private_independent,active,NA,field_agency,survey_insights,face_to_face,individual,episodic,single_country,1,consumer_behavior|public_opinion,media_audience,direct,explicit_consent,project_commission,none,C,Kazakh fieldwork and media research
ijtimoiy_fikr,Ijtimoiy Fikr,NA,UZB,RUS,1997,established,state_linked,active,NA,field_agency,survey_insights,face_to_face,individual,quarterly,single_country,1,public_opinion,NA,direct,explicit_consent,open_free,none,C,State-affiliated Uzbek public opinion centre and the only regular domestic series
questmobile,QuestMobile,NA,CHN,CHN,2014,scaleup,private_independent,active,NA,audience_measurement,location_mobility,device_passive,device,monthly,single_country,1,media_audience|web_content,consumer_behavior,indirect,platform_terms,subscription,commercial_only,A,Mobile internet panel measurement and the standard reference for Chinese app usage
analysys_yiguan,Analysys,NA,CHN,CHN,2000,established,private_independent,active,NA,audience_measurement,financial_altdata,device_passive,device,monthly,single_country,1,web_content|consumer_behavior,firmographic,indirect,platform_terms,subscription,commercial_only,B,Chinese digital economy measurement and sector analytics
iimedia,iiMedia Research,NA,CHN,CHN,2007,established,private_independent,active,NA,survey_insights,audience_measurement,online_panel,individual,quarterly,single_country,1,consumer_behavior|web_content,NA,direct,platform_terms,subscription,commercial_only,C,Chinese new economy market data and consumer surveys
talkingdata,TalkingData,NA,CHN,CHN,2011,scaleup,private_vc,active,NA,location_mobility,consumer_broker,device_passive,device,daily,single_country,1,mobility_location|consumer_behavior,device_telemetry,indirect,platform_terms,api_license,commercial_only,B,Chinese mobile device data platform
aurora_mobile,Aurora Mobile,NA,CHN,CHN,2011,scaleup,public_listed,active,NA,location_mobility,consumer_broker,device_passive,device,daily,single_country,1,mobility_location|device_telemetry,consumer_behavior,indirect,platform_terms,api_license,commercial_only,B,Push notification SDK across Chinese apps monetised as location and audience data
miaozhen_admaster,Miaozhen Systems,Minerva Data,CHN,CHN,2006,established,private_independent,active,NA,audience_measurement,NA,device_passive,device,daily,single_country,1,media_audience|consumer_behavior,NA,indirect,platform_terms,subscription,commercial_only,C,Chinese advertising measurement formed with AdMaster
qichacha,Qichacha,NA,CHN,CHN,2014,scaleup,private_vc,active,NA,b2b_firmographic,NA,admin_records,firm,daily,single_country,1,firmographic|legal_regulatory,credit_risk,none,public_record,subscription,commercial_only,B,Chinese company registry aggregator widely used in ownership research
tianyancha,Tianyancha,NA,CHN,CHN,2014,scaleup,private_vc,active,NA,b2b_firmographic,NA,admin_records,firm,daily,single_country,1,firmographic|legal_regulatory,credit_risk,none,public_record,subscription,commercial_only,B,Chinese corporate records platform; the main route to mainland ownership data
wind_information,Wind Information,NA,CHN,CHN,1994,established,private_independent,active,NA,financial_altdata,b2b_firmographic,admin_records,firm,real_time,single_region,3,firmographic|financial_transactions,energy_extractives,none,public_record,subscription,commercial_only,B,Dominant Chinese financial and macroeconomic data terminal
intron_health,Intron Health,NA,NGA,SSA,2020,startup,private_vc,active,NA,ai_training_data,health_rwd,crowd_task,individual,daily,single_region,29,ai_labels|health_clinical,identity_biometric,direct,explicit_consent,api_license,researcher_restricted,A,Largest African clinical speech corpus; 3.5 million clips from 18000 contributors across 29 countries and 288 accents
african_languages_lab,African Languages Lab,NA,USA,NOAM,2020,startup,private_vc,active,NA,ai_training_data,NA,crowd_task,document,episodic,single_region,30,ai_labels|education,social_discourse,direct,explicit_consent,api_license,researcher_restricted,B,Over 70 African languages with 19000 hours of validated speech; headquarters not publicly stated so coded to the founding research base
aflabox,Aflabox,NA,KEN,SSA,2021,startup,private_vc,active,NA,earth_observation,retail_pricing,sensor_hardware,place,daily,single_region,6,agriculture|prices_retail,health_clinical,none,not_applicable,subscription,commercial_only,A,Portable ultraviolet imaging that grades grain and detects mycotoxins in the field with geolocated readings
tolbi,Tolbi,NA,SEN,SSA,2021,startup,private_vc,active,NA,earth_observation,climate_risk,remote_sensing,area,weekly,single_region,6,agriculture|environment_climate,earth_observation,none,not_applicable,subscription,commercial_only,A,Senegalese drone and machine learning platform measuring soil moisture for irrigation
soko_aerial,Soko Aerial,NA,KEN,SSA,2016,scaleup,private_independent,active,NA,earth_observation,NA,remote_sensing,area,episodic,single_region,8,earth_observation|agriculture,infrastructure,none,not_applicable,project_commission,commercial_only,C,East African drone mapping and aerial survey operator
geoinfotech,Geoinfotech,NA,NGA,SSA,2013,scaleup,private_independent,active,NA,earth_observation,NA,remote_sensing,area,episodic,single_region,5,earth_observation|infrastructure,agriculture,none,not_applicable,project_commission,commercial_only,C,Nigerian geospatial and remote sensing services firm
helium_health,Helium Health,NA,NGA,SSA,2016,scaleup,private_vc,active,NA,health_rwd,collection_software,clinical_records,patient,daily,single_region,5,health_clinical,firmographic,indirect,contractual_third_party,subscription,none,B,Electronic medical records across West and East African hospitals; the largest African-owned clinical record estate
pula,Pula Advisors,NA,KEN,SSA,2015,scaleup,private_vc,active,NA,field_agency,climate_risk,face_to_face,household,episodic,multi_region,22,agriculture|environment_climate,labor_employment,direct,explicit_consent,project_commission,none,B,Runs large-scale crop-cut yield sampling to price smallholder insurance across Africa and Asia
apollo_agriculture,Apollo Agriculture,NA,KEN,SSA,2016,scaleup,private_vc,active,NA,climate_risk,consumer_broker,remote_sensing,household,weekly,single_region,3,agriculture|credit_risk,earth_observation,indirect,explicit_consent,api_license,none,B,Satellite and agronomic profiling of smallholder farms used to underwrite input credit
hello_tractor,Hello Tractor,NA,NGA,SSA,2014,scaleup,private_vc,active,NA,iot_telemetry,NA,sensor_hardware,vehicle,real_time,single_region,12,device_telemetry|agriculture,NA,indirect,contractual_third_party,subscription,commercial_only,C,Telematics on tractors across Africa creating a mechanisation usage dataset
mpharma,mPharma,NA,GHA,SSA,2013,scaleup,private_vc,active,NA,health_rwd,retail_pricing,transaction,transaction,daily,single_region,9,health_clinical|prices_retail,NA,indirect,contractual_third_party,subscription,none,C,Pharmacy network generating African medicine pricing and dispensing data
ehealth_africa,eHealth Africa,NA,NGA,SSA,2009,scaleup,nonprofit,active,NA,field_agency,earth_observation,face_to_face,household,episodic,single_region,8,health_clinical|infrastructure,migration_displacement,direct,explicit_consent,open_free,researcher_restricted,B,Health and geospatial data collection including the settlement mapping behind polio campaigns
fiftyfour_gene,54gene,NA,NGA,SSA,2019,startup,private_vc,wound_down,2024,health_rwd,NA,clinical_records,patient,episodic,single_region,3,health_clinical,identity_biometric,direct,explicit_consent,project_commission,none,B,African genomics biobank that collapsed in 2024 after disputes over consent and specimen export
lacuna_fund,Lacuna Fund,NA,USA,NOAM,2020,startup,nonprofit,active,NA,ai_training_data,field_agency,crowd_task,document,episodic,multi_region,40,ai_labels|agriculture,health_clinical|education,direct,explicit_consent,open_free,open,B,Funds the creation of open labelled datasets in low-resource languages and settings
makerere_ai,Makerere University AI Lab,Makerere University,UGA,SSA,2009,scaleup,academic,active,NA,ai_training_data,field_agency,crowd_task,document,episodic,single_region,10,ai_labels|health_clinical,agriculture|education,direct,explicit_consent,open_free,open,B,Builds African language speech and crop disease datasets; a WAXAL collection partner
cntxt_ai,CNTXT AI,NA,ARE,MENA,2023,startup,private_vc,active,NA,ai_training_data,NA,crowd_task,document,daily,single_region,20,ai_labels|identity_biometric,social_discourse,direct,explicit_consent,api_license,commercial_only,A,Arabic-first dataset and speech recognition builder spanning more than 25 dialects; raised 60 million dollars in 2026
arabic_ai,Arabic.AI,NA,JOR,MENA,2023,startup,private_vc,active,NA,ai_training_data,NA,crowd_task,document,daily,single_region,20,ai_labels|education,NA,direct,explicit_consent,api_license,commercial_only,B,Arabic language AI and dataset venture from the founder of Tarjama
aydi,Aydi,NA,EGY,MENA,2022,startup,private_vc,active,NA,field_agency,climate_risk,mobile_app,household,weekly,single_country,1,agriculture|prices_retail,supply_chain,direct,explicit_consent,subscription,commercial_only,A,Digitises Egyptian farm-to-market chains and runs an AI agronomy assistant that collects field reports
widebot,WideBot,NA,EGY,MENA,2016,scaleup,private_vc,active,NA,ai_training_data,social_osint,crowd_task,document,daily,single_region,12,ai_labels|social_discourse,NA,direct,platform_terms,api_license,commercial_only,C,Builds Arabic dialect corpora to train conversational systems
mawdoo3,Mawdoo3,NA,JOR,MENA,2010,scaleup,private_vc,active,NA,ai_training_data,web_data,web_scrape,document,daily,single_region,20,ai_labels|web_content,education,indirect,platform_terms,api_license,commercial_only,B,Largest Arabic content platform; its corpus underpins the Salma Arabic voice assistant
aaru,Aaru,NA,USA,NOAM,2024,startup,private_vc,active,NA,survey_insights,NA,api_partner,individual,daily,global,60,public_opinion|consumer_behavior,NA,none,not_applicable,subscription,commercial_only,A,Simulates populations with agent models instead of interviewing anyone; raised a Series A at a one billion dollar headline valuation in December 2025
simile,Simile,NA,USA,NOAM,2024,startup,private_vc,active,NA,survey_insights,NA,api_partner,individual,daily,global,40,consumer_behavior|public_opinion,NA,none,not_applicable,subscription,commercial_only,B,Social simulation platform that raised a 100 million dollar Series A led by Index Ventures
conveo,Conveo,NA,USA,NOAM,2024,startup,private_vc,active,NA,survey_insights,collection_software,online_panel,individual,daily,multi_region,25,consumer_behavior,NA,direct,explicit_consent,subscription,commercial_only,C,Video-first AI interviewing analysing tone and expression alongside words
perspective_ai,Perspective AI,NA,USA,NOAM,2023,startup,private_vc,active,NA,survey_insights,collection_software,online_panel,individual,daily,multi_region,20,consumer_behavior,NA,direct,explicit_consent,subscription,commercial_only,C,AI-moderated customer interviews at survey scale
theysaid,TheySaid,NA,USA,NOAM,2022,startup,private_vc,active,NA,survey_insights,collection_software,online_panel,individual,daily,multi_region,20,consumer_behavior|labor_employment,NA,direct,explicit_consent,subscription,commercial_only,C,Conversational AI survey platform
versive,Versive,NA,USA,NOAM,2024,startup,private_vc,active,NA,survey_insights,ai_training_data,online_panel,individual,daily,multi_region,15,consumer_behavior,ai_labels,direct,explicit_consent,subscription,commercial_only,C,Combines AI-moderated studies with real participants and synthetic persona testing
steadman_group,Steadman Group,Synovate,KEN,SSA,1998,established,subsidiary,absorbed,2008,field_agency,survey_insights,face_to_face,individual,episodic,single_region,6,public_opinion|consumer_behavior,media_audience,direct,explicit_consent,project_commission,none,A,Largest African research group of its era; bought by Synovate in 2008 adding Kenya Uganda Tanzania Zambia Ghana and Mozambique
synovate,Synovate,Ipsos,GBR,WEU,2003,established,subsidiary,absorbed,2011,survey_insights,field_agency,face_to_face,individual,episodic,global,60,consumer_behavior|public_opinion,media_audience,direct,explicit_consent,project_commission,none,A,Built by roll-up then sold to Ipsos in 2011; its Africa and MENA network is the origin of much of Ipsos coverage there
tns_group,Taylor Nelson Sofres,Kantar,GBR,WEU,1965,established,subsidiary,absorbed,2008,survey_insights,audience_measurement,face_to_face,individual,episodic,global,70,consumer_behavior|media_audience,public_opinion,direct,explicit_consent,project_commission,none,B,Acquired by WPP in 2008 and retired as a brand inside Kantar
millward_brown,Millward Brown,Kantar,GBR,WEU,1973,established,subsidiary,absorbed,2019,survey_insights,audience_measurement,online_panel,individual,episodic,global,55,consumer_behavior|media_audience,NA,direct,explicit_consent,project_commission,none,B,Brand and advertising research house folded into Kantar Insights
research_international,Research International,TNS,GBR,WEU,1963,established,subsidiary,absorbed,2008,survey_insights,field_agency,face_to_face,individual,episodic,global,50,consumer_behavior,public_opinion,direct,explicit_consent,project_commission,none,C,Merged into TNS as part of the WPP consolidation
arbitron,Arbitron,Nielsen,USA,NOAM,1949,established,subsidiary,absorbed,2013,audience_measurement,NA,device_passive,individual,daily,single_country,1,media_audience,NA,direct,explicit_consent,subscription,none,B,US radio measurement incumbent; the Portable People Meter passed to Nielsen
harris_interactive,Harris Interactive,Stagwell,USA,NOAM,1975,established,subsidiary,absorbed,2014,survey_insights,panel_sample,online_panel,individual,episodic,global,40,public_opinion|consumer_behavior,NA,direct,explicit_consent,project_commission,none,C,Descendant of Louis Harris and Associates; sold to Nielsen then passed on
iri,Information Resources Inc,Circana,USA,NOAM,1979,established,subsidiary,absorbed,2022,retail_pricing,consumer_broker,transaction,transaction,weekly,multi_region,15,prices_retail|consumer_behavior,NA,indirect,contractual_third_party,subscription,none,B,Merged with NPD to form Circana
npd_group,NPD Group,Circana,USA,NOAM,1966,established,subsidiary,absorbed,2022,retail_pricing,survey_insights,transaction,transaction,weekly,multi_region,12,prices_retail|consumer_behavior,NA,indirect,contractual_third_party,subscription,none,B,Merged with IRI to form Circana
ssi,Survey Sampling International,Dynata,USA,NOAM,1977,established,subsidiary,absorbed,2019,panel_sample,NA,online_panel,individual,daily,global,60,consumer_behavior|public_opinion,NA,direct,explicit_consent,panel_rental,none,B,Merged with Research Now to create Dynata
research_now,Research Now,Dynata,USA,NOAM,1999,established,subsidiary,absorbed,2019,panel_sample,NA,online_panel,individual,daily,global,40,consumer_behavior,NA,direct,explicit_consent,panel_rental,none,B,Merged with SSI to create Dynata
lucid_holdings,Lucid,Cint,USA,NOAM,2010,scaleup,subsidiary,absorbed,2021,panel_sample,NA,online_panel,individual,daily,global,90,consumer_behavior|public_opinion,NA,direct,explicit_consent,marketplace,none,B,Programmatic sample exchange absorbed by Cint
cambridge_analytica,Cambridge Analytica,SCL Group,GBR,WEU,2013,scaleup,private_independent,insolvent,2018,consumer_broker,survey_insights,api_partner,individual,episodic,multi_region,10,public_opinion|consumer_behavior,social_discourse,indirect,platform_terms,project_commission,none,A,Harvested data on 87 million Facebook users; entered insolvency in May 2018 with assets moving to Emerdata
scl_group,SCL Group,NA,GBR,WEU,1993,established,private_independent,insolvent,2018,survey_insights,social_osint,face_to_face,individual,episodic,multi_region,30,public_opinion|conflict_security,social_discourse,direct,explicit_consent,project_commission,none,B,Behavioural influence contractor and parent of Cambridge Analytica; wound up alongside it
wejo,Wejo,NA,GBR,WEU,2014,scaleup,public_listed,insolvent,2023,iot_telemetry,location_mobility,device_passive,vehicle,real_time,multi_region,15,device_telemetry|mobility_location,NA,indirect,contractual_third_party,subscription,none,A,Connected vehicle data platform valued above one billion dollars in 2021 that entered administration in 2023
otonomo,Otonomo,Urgently,ISR,MENA,2015,scaleup,subsidiary,absorbed,2024,iot_telemetry,location_mobility,api_partner,vehicle,real_time,multi_region,20,device_telemetry|mobility_location,NA,indirect,contractual_third_party,api_license,none,A,Vehicle data marketplace sold to Urgently in 2024 after the connected car data market failed to materialise
xmode_outlogic,X-Mode Social,NA,USA,NOAM,2013,scaleup,private_vc,wound_down,2024,location_mobility,consumer_broker,device_passive,device,daily,global,50,mobility_location,identity_biometric,indirect,platform_terms,marketplace,none,A,First data broker banned by the FTC from selling sensitive location data; order finalised in April 2024
near_intelligence,Near Intelligence,Azira,USA,NOAM,2012,scaleup,subsidiary,absorbed,2024,location_mobility,consumer_broker,device_passive,device,daily,global,44,mobility_location|consumer_behavior,NA,indirect,platform_terms,subscription,none,B,Claimed a data universe of 1.6 billion devices before Chapter 11 in 2024; assets became Azira
gravy_analytics,Gravy Analytics,Unacast,USA,NOAM,2011,scaleup,subsidiary,absorbed,2023,location_mobility,NA,device_passive,device,daily,single_country,1,mobility_location,NA,indirect,platform_terms,subscription,none,B,Merged into Unacast; a 2025 breach of its files exposed the scale of location brokerage
oracle_advertising,Oracle Advertising,Oracle,USA,NOAM,2014,established,subsidiary,wound_down,2024,consumer_broker,audience_measurement,api_partner,individual,daily,global,50,consumer_behavior|web_content,media_audience,indirect,contractual_third_party,api_license,none,B,Oracle exited the advertising data business in 2024 retiring one of the largest third-party audience graphs
bluekai,BlueKai,Oracle,USA,NOAM,2008,scaleup,subsidiary,absorbed,2014,consumer_broker,NA,api_partner,device,daily,global,50,consumer_behavior|web_content,NA,indirect,platform_terms,api_license,none,C,Audience data exchange bought by Oracle and retired with Oracle Advertising
datalogix,Datalogix,Oracle,USA,NOAM,2002,scaleup,subsidiary,absorbed,2014,consumer_broker,retail_pricing,transaction,household,weekly,single_country,1,consumer_behavior|prices_retail,NA,indirect,contractual_third_party,api_license,none,C,Offline purchase data linked to digital advertising; absorbed by Oracle
factual,Factual,Foursquare,USA,NOAM,2007,scaleup,subsidiary,absorbed,2020,location_mobility,b2b_firmographic,web_scrape,place,monthly,global,50,mobility_location|web_content,NA,indirect,public_record,api_license,none,B,Places and geographic reference data merged into Foursquare
placeiq,PlaceIQ,Precisely,USA,NOAM,2010,scaleup,subsidiary,absorbed,2022,location_mobility,NA,device_passive,place,daily,single_country,1,mobility_location|consumer_behavior,NA,indirect,platform_terms,subscription,none,C,Location audience business folded into Precisely
streetlight_data,StreetLight Data,Jacobs,USA,NOAM,2011,scaleup,subsidiary,absorbed,2022,location_mobility,iot_telemetry,device_passive,vehicle,monthly,multi_region,3,mobility_location,infrastructure,indirect,contractual_third_party,subscription,none,B,Transport planning mobility metrics acquired by Jacobs
app_annie,App Annie,Sensor Tower,USA,NOAM,2010,scaleup,subsidiary,absorbed,2024,audience_measurement,financial_altdata,device_passive,device,daily,global,60,web_content|consumer_behavior,NA,indirect,platform_terms,subscription,none,B,Renamed data.ai then absorbed by Sensor Tower; had settled SEC charges over misuse of confidential app data
apptopia,Apptopia,Sensor Tower,USA,NOAM,2011,scaleup,subsidiary,absorbed,2023,audience_measurement,financial_altdata,device_passive,device,daily,global,60,web_content,consumer_behavior,indirect,platform_terms,subscription,none,C,App analytics estimator absorbed by Sensor Tower
second_measure,Second Measure,Bloomberg,USA,NOAM,2015,scaleup,subsidiary,absorbed,2020,financial_altdata,NA,transaction,transaction,daily,single_country,1,financial_transactions|consumer_behavior,NA,indirect,contractual_third_party,subscription,none,B,Card transaction panel bought by Bloomberg
quandl,Quandl,Nasdaq,CAN,NOAM,2011,scaleup,subsidiary,absorbed,2018,financial_altdata,NA,api_partner,firm,daily,global,50,financial_transactions|firmographic,NA,none,contractual_third_party,marketplace,none,B,Early alternative data marketplace acquired by Nasdaq
thasos_group,Thasos Group,NA,USA,NOAM,2011,scaleup,private_vc,wound_down,2022,location_mobility,financial_altdata,device_passive,place,daily,single_country,1,mobility_location|financial_transactions,NA,indirect,platform_terms,subscription,none,C,Foot traffic hedge fund data provider that wound down as the location market contracted
digitalglobe,DigitalGlobe,Maxar,USA,NOAM,1992,established,subsidiary,absorbed,2017,earth_observation,NA,remote_sensing,area,daily,global,195,earth_observation|conflict_security,NA,none,not_applicable,subscription,none,B,Dominant commercial imaging operator merged into MacDonald Dettwiler to form Maxar
geoeye,GeoEye,DigitalGlobe,USA,NOAM,1992,established,subsidiary,absorbed,2013,earth_observation,NA,remote_sensing,area,daily,global,195,earth_observation|conflict_security,NA,none,not_applicable,subscription,none,C,Merged into DigitalGlobe ending the last serious US commercial imaging duopoly
urthecast,UrtheCast,NA,CAN,NOAM,2010,scaleup,public_listed,insolvent,2021,earth_observation,NA,remote_sensing,area,weekly,global,195,earth_observation|agriculture,NA,none,not_applicable,subscription,none,C,Filed for creditor protection in 2021 after failing to fund its radar constellation
orbital_insight,Orbital Insight,Privateer,USA,NOAM,2013,scaleup,subsidiary,absorbed,2024,earth_observation,financial_altdata,remote_sensing,area,weekly,global,195,earth_observation|energy_extractives,supply_chain,none,not_applicable,subscription,none,B,Geospatial analytics pioneer whose assets went to Privateer
figure_eight,Figure Eight,Appen,USA,NOAM,2007,scaleup,subsidiary,absorbed,2019,ai_training_data,crowd_micro,crowd_task,document,daily,global,80,ai_labels,NA,direct,platform_terms,marketplace,none,B,Founded as CrowdFlower; the original crowd annotation platform bought by Appen
mighty_ai,Mighty AI,Uber,USA,NOAM,2014,scaleup,subsidiary,absorbed,2019,ai_training_data,NA,crowd_task,document,daily,multi_region,20,ai_labels,NA,direct,platform_terms,project_commission,none,C,Founded as Spare5; annotation team acquired by Uber for self-driving data
playment,Playment,TELUS,IND,SAS,2015,scaleup,subsidiary,absorbed,2021,ai_training_data,crowd_micro,crowd_task,document,daily,multi_region,10,ai_labels,NA,direct,platform_terms,project_commission,none,B,Indian annotation platform absorbed into TELUS International AI
lionbridge_ai,Lionbridge AI,TELUS,USA,NOAM,1996,established,subsidiary,absorbed,2020,ai_training_data,crowd_micro,crowd_task,document,daily,global,100,ai_labels|identity_biometric,NA,direct,platform_terms,project_commission,none,B,Large multilingual crowd bought by TELUS and rebranded
ims_health,IMS Health,IQVIA,USA,NOAM,1954,established,subsidiary,absorbed,2016,health_rwd,retail_pricing,clinical_records,patient,monthly,global,100,health_clinical|prices_retail,NA,indirect,contractual_third_party,subscription,none,B,Pharmaceutical sales and prescription data incumbent; merged with Quintiles to form IQVIA
truven_health,Truven Health Analytics,Merative,USA,NOAM,2012,scaleup,subsidiary,absorbed,2016,health_rwd,NA,clinical_records,patient,monthly,single_country,1,health_clinical,NA,indirect,contractual_third_party,subscription,none,C,Claims database bought by IBM Watson Health then divested to Merative
ubiome,uBiome,NA,USA,NOAM,2012,scaleup,private_vc,insolvent,2019,health_rwd,NA,clinical_records,patient,episodic,multi_region,10,health_clinical,NA,direct,explicit_consent,project_commission,none,B,Microbiome sequencing venture that collapsed in 2019 amid billing fraud investigations
twentythreeandme,23andMe,TTAM Research Institute,USA,NOAM,2006,established,subsidiary,absorbed,2025,health_rwd,consumer_broker,clinical_records,patient,episodic,multi_region,50,health_clinical|identity_biometric,NA,direct,explicit_consent,subscription,none,B,Consumer genomics firm whose bankruptcy put 15 million genomes on the market before a nonprofit acquired them
bisnode,Bisnode,Dun and Bradstreet,SWE,WEU,1989,established,subsidiary,absorbed,2021,b2b_firmographic,consumer_broker,admin_records,firm,monthly,single_region,19,firmographic|credit_risk,NA,none,public_record,subscription,none,B,European business information group absorbed by Dun and Bradstreet
neustar,Neustar,TransUnion,USA,NOAM,1996,established,subsidiary,absorbed,2021,consumer_broker,identity_biometric,admin_records,individual,daily,single_country,1,identity_biometric|consumer_behavior,NA,indirect,contractual_third_party,api_license,none,B,Identity resolution and telephone registry business bought by TransUnion for 3.1 billion dollars
infutor,Infutor Data Solutions,Verisk,USA,NOAM,2003,scaleup,subsidiary,absorbed,2023,consumer_broker,NA,admin_records,individual,monthly,single_country,1,identity_biometric|housing_property,NA,indirect,public_record,api_license,none,C,Consumer identity file acquired by Verisk
compuscan,Compuscan,Experian,ZAF,SSA,1994,established,subsidiary,absorbed,2018,consumer_broker,NA,admin_records,individual,monthly,single_region,7,credit_risk,identity_biometric,indirect,contractual_third_party,api_license,none,B,African credit bureau covering Southern and East Africa; bought by Experian
amrb,Arabian Marketing and Research Bureau,Kantar,ARE,MENA,1985,established,subsidiary,absorbed,2008,field_agency,survey_insights,face_to_face,individual,episodic,single_region,12,consumer_behavior|media_audience,NA,direct,explicit_consent,project_commission,none,C,Gulf research house with offices in the UAE Saudi Arabia Egypt Algeria and Morocco; folded into Kantar as Kantar AMRB
comres,ComRes,Savanta,GBR,WEU,2003,scaleup,subsidiary,absorbed,2019,field_agency,survey_insights,telephone,individual,episodic,single_country,1,public_opinion,NA,direct,explicit_consent,project_commission,none,C,British political polling house merged into Savanta
markinor,Markinor,Ipsos,ZAF,SSA,1975,established,subsidiary,absorbed,2007,field_agency,survey_insights,face_to_face,individual,episodic,single_region,10,consumer_behavior|public_opinion,media_audience,direct,explicit_consent,project_commission,none,A,Leading South African research house bought by Ipsos in September 2007 and traded as Ipsos Markinor; ran large surveys across Sub-Saharan Africa
rms_nigeria,Research and Marketing Services,Kantar,NGA,SSA,1980,established,subsidiary,absorbed,2010,field_agency,survey_insights,face_to_face,individual,episodic,single_region,5,consumer_behavior|public_opinion,media_audience,direct,explicit_consent,project_commission,none,A,Largest custom research agency in West and Central Africa; TNS took a majority stake in December 2010 adding Nigeria Senegal Cameroon Ivory Coast and Ghana to its network
omedia,Omedia,Ipsos,SEN,SSA,1998,established,subsidiary,absorbed,2023,field_agency,audience_measurement,face_to_face,individual,monthly,single_region,3,media_audience|consumer_behavior,web_content,direct,explicit_consent,project_commission,none,A,Leading agency in western Sub-Saharan Africa running audience measurement and advertising monitoring; owned by Mediametrie then sold to Ipsos in July 2023
repucom_africa,Repucom Africa,Nielsen,ZAF,SSA,2004,scaleup,subsidiary,absorbed,2017,audience_measurement,NA,device_passive,individual,daily,single_region,6,media_audience,consumer_behavior,indirect,contractual_third_party,subscription,none,B,Sports audience and sponsorship measurement operated by TransAfrica Media; bought by Nielsen in 2017
hivemapper,Hivemapper,NA,USA,NOAM,2015,scaleup,private_vc,active,NA,distributed_sensing,earth_observation,crowd_sensor,place,daily,global,80,earth_observation|mobility_location,infrastructure,indirect,explicit_consent,marketplace,commercial_only,A,Drivers buy dashcams and are paid in tokens for street imagery; has mapped 28 percent of the world road network and sells training data to autonomous vehicle firms
dimo,DIMO,NA,USA,NOAM,2021,startup,private_vc,active,NA,distributed_sensing,iot_telemetry,crowd_sensor,vehicle,real_time,multi_region,20,device_telemetry|mobility_location,NA,direct,explicit_consent,marketplace,commercial_only,A,Drivers connect their own vehicles and are paid for telemetry; over 165000 vehicles and 100 million miles logged
weatherxm,WeatherXM,NA,GRC,WEU,2021,startup,private_vc,active,NA,distributed_sensing,climate_risk,crowd_sensor,area,real_time,global,90,environment_climate,agriculture,indirect,explicit_consent,marketplace,commercial_only,A,Community-owned weather stations rewarded per reading with data-quality thresholds gating payment
nova_labs_helium,Nova Labs,NA,USA,NOAM,2013,scaleup,private_vc,active,NA,distributed_sensing,iot_telemetry,crowd_sensor,device,real_time,global,80,device_telemetry|infrastructure,NA,indirect,explicit_consent,marketplace,commercial_only,B,Helium network of contributor-operated wireless hotspots; the template most later contributor-sensor networks copied
safecast,Safecast,NA,JPN,EAS,2011,scaleup,nonprofit,active,NA,distributed_sensing,climate_risk,crowd_sensor,area,real_time,global,90,environment_climate,health_clinical,indirect,explicit_consent,open_free,open,B,Volunteer radiation and air quality measurement begun after Fukushima; all readings published openly and the clearest precedent for contributor sensing without tokens
biobot,Biobot Analytics,NA,USA,NOAM,2017,scaleup,private_vc,active,NA,health_rwd,climate_risk,environmental_sample,area,weekly,multi_region,5,health_clinical,NA,none,not_applicable,subscription,researcher_restricted,A,Wastewater epidemiology from MIT research; held the US national monitoring contract before losing it to Verily
verily,Verily Life Sciences,Alphabet,USA,NOAM,2015,scaleup,subsidiary,active,NA,health_rwd,distributed_sensing,environmental_sample,patient,daily,multi_region,10,health_clinical,environment_climate,indirect,contractual_third_party,project_commission,researcher_restricted,A,Holds the US national wastewater monitoring contract alongside consented clinical and wearable studies
wastewaterscan,WastewaterSCAN,Stanford and Emory,USA,NOAM,2020,startup,academic,active,NA,health_rwd,NA,environmental_sample,area,weekly,single_country,1,health_clinical,NA,none,not_applicable,open_free,open,A,Academic wastewater network publishing openly and sharing with the CDC without federal funding
hawkeye_360,HawkEye 360,NA,USA,NOAM,2015,scaleup,private_vc,active,NA,earth_observation,social_osint,signals_rf,area,daily,global,195,conflict_security|supply_chain,infrastructure,none,not_applicable,subscription,researcher_restricted,A,Geolocates radio emitters from 144 MHz to 15 GHz; finds vessels and jammers that imaging satellites cannot see
unseenlabs,Unseenlabs,NA,FRA,WEU,2015,scaleup,private_vc,active,NA,earth_observation,trade_logistics,signals_rf,vehicle,daily,global,195,supply_chain|conflict_security,energy_extractives,none,not_applicable,subscription,commercial_only,A,French radio frequency constellation specialising in detecting vessels that have switched off their transponders
kleos_space,Kleos Space,NA,LUX,WEU,2017,scaleup,private_vc,active,NA,earth_observation,trade_logistics,signals_rf,vehicle,daily,global,195,supply_chain|conflict_security,NA,none,not_applicable,subscription,commercial_only,B,Time-difference-of-arrival radio geolocation aimed at dark vessel detection
naturemetrics,NatureMetrics,NA,GBR,WEU,2014,scaleup,private_vc,active,NA,climate_risk,earth_observation,environmental_sample,area,episodic,global,100,biodiversity|environment_climate,agriculture,none,not_applicable,project_commission,researcher_restricted,A,Environmental DNA from water and soil combined with bioacoustics to measure species presence without observing animals
rainforest_connection,Rainforest Connection,NA,USA,NOAM,2014,scaleup,nonprofit,active,NA,climate_risk,social_osint,acoustic,area,real_time,multi_region,35,biodiversity|environment_climate,conflict_security,none,not_applicable,open_free,researcher_restricted,A,Solar-powered forest microphones detecting chainsaws gunshots and species calls in real time across tropical forests
fugro,Fugro,NA,NLD,WEU,1962,established,public_listed,active,NA,earth_observation,climate_risk,sensor_hardware,area,episodic,global,60,infrastructure|biodiversity,environment_climate|energy_extractives,none,not_applicable,project_commission,commercial_only,B,Seabed and subsurface geo-data specialist now combining bioacoustics and environmental DNA in marine survey
clarity_movement,Clarity Movement,NA,USA,NOAM,2014,scaleup,private_vc,active,NA,climate_risk,distributed_sensing,sensor_hardware,area,real_time,global,80,environment_climate|health_clinical,NA,none,not_applicable,subscription,researcher_restricted,A,Solar-powered air quality nodes sold as sensing-as-a-service to cities and environmental agencies
aclima,Aclima,NA,USA,NOAM,2011,scaleup,private_vc,active,NA,climate_risk,location_mobility,sensor_hardware,area,daily,single_country,1,environment_climate|health_clinical,mobility_location,none,not_applicable,subscription,researcher_restricted,A,Instrumented vehicle fleets mapping air pollution at block level rather than by fixed station
nuview,NUVIEW,NA,USA,NOAM,2022,startup,private_vc,active,NA,earth_observation,climate_risk,remote_sensing,area,episodic,global,195,earth_observation|infrastructure,biodiversity,none,not_applicable,subscription,commercial_only,B,Building a commercial lidar constellation to map surface elevation from orbit
orbital_sidekick,Orbital Sidekick,NA,USA,NOAM,2016,scaleup,private_vc,active,NA,earth_observation,climate_risk,remote_sensing,area,weekly,global,195,energy_extractives|environment_climate,infrastructure,none,not_applicable,subscription,commercial_only,B,Hyperspectral monitoring of pipelines and industrial sites for leaks and encroachment
wyvern,Wyvern,NA,CAN,NOAM,2018,scaleup,private_vc,active,NA,earth_observation,climate_risk,remote_sensing,area,weekly,global,195,agriculture|environment_climate,earth_observation,none,not_applicable,subscription,commercial_only,B,Deployable-optic hyperspectral imaging aimed at agriculture and forestry
hydrosat,Hydrosat,NA,USA,NOAM,2017,scaleup,private_vc,active,NA,earth_observation,climate_risk,remote_sensing,area,daily,global,195,agriculture|environment_climate,earth_observation,none,not_applicable,subscription,researcher_restricted,B,Thermal infrared imaging for crop water stress and drought monitoring
muon_space,Muon Space,NA,USA,NOAM,2021,startup,private_vc,active,NA,earth_observation,climate_risk,remote_sensing,area,daily,global,195,environment_climate|earth_observation,agriculture,none,not_applicable,project_commission,commercial_only,B,Builds and flies mission-specific climate sensing constellations for customers
myriota,Myriota,NA,AUS,OCE,2015,scaleup,private_vc,active,NA,iot_telemetry,distributed_sensing,sensor_hardware,device,daily,global,100,device_telemetry|agriculture,environment_climate,indirect,contractual_third_party,subscription,commercial_only,B,Low-power satellite connectivity that makes sensors viable where no terrestrial network reaches
astrocast,Astrocast,NA,CHE,WEU,2014,scaleup,public_listed,active,NA,iot_telemetry,distributed_sensing,sensor_hardware,device,daily,global,100,device_telemetry|agriculture,environment_climate,indirect,contractual_third_party,subscription,commercial_only,B,Satellite internet of things network for remote asset and environmental sensors
nearmap,Nearmap,Thoma Bravo,AUS,OCE,2007,established,private_pe,active,NA,earth_observation,climate_risk,remote_sensing,area,quarterly,multi_region,4,earth_observation|housing_property,infrastructure,none,not_applicable,subscription,commercial_only,B,High-resolution aerial survey flown on a fixed refresh cycle over urban areas
vexcel_imaging,Vexcel Imaging,NA,AUT,WEU,1985,established,private_pe,active,NA,earth_observation,climate_risk,remote_sensing,area,annual,multi_region,30,earth_observation|housing_property,infrastructure,none,not_applicable,subscription,commercial_only,B,Aerial camera maker that also flies and licenses its own continental imagery programmes
mapillary,Mapillary,Meta,SWE,WEU,2013,scaleup,subsidiary,absorbed,2020,distributed_sensing,earth_observation,crowd_sensor,place,daily,global,190,earth_observation|infrastructure,mobility_location,indirect,platform_terms,open_free,none,B,Crowdsourced street-level imagery from volunteer phone and dashcam uploads; bought by Meta in 2020 and the direct precursor to token-paid mapping
